id,date,title,location,region,country,latitude,longitude,layer,layer_label,category,actor,status,confidence,precision,summary,source,source_url,source_system,language
media_91cf7a2d7385b994,2026-09-29,Éliminatoires CAN U23 : la RDC s’incline face à la Mauritanie Nouakchott (0-1),Nouakchott,Mauritanie,Mauritanie,18.086,-15.979,event,Signal médiatique,autre,À vérifier,Signal médiatique — vérification requise,faible,centre de localité approximatif,Éliminatoires CAN U23 : la RDC s’incline face à la Mauritanie Nouakchott (0-1) ACP | Agence Congolaise de Presse,ACP | Agence Congolaise de Presse,https://news.google.com/rss/articles/CBMinAFBVV95cUxPYTB4VURvQVdzRzhuZkpVS3NWa1dNUHlNS3pKU3gwTGgxSlhOeUZmRzJDR1Jpdi0ySFZralppX2ZoelZGajRZQUZqZTUySzZMcTVXcE92blhwVVJ6ZW1fUmtndWs0X3M5UGt5UkhmNXhOS3JFb2dFeGExTmFsc0VJMVpvTUFvOGoyVDk0ZjJHVE01c0dfQUZLVHphSTU?oc=5,Google Actualités — Mauritanie,fr
media_6cf0ed3b0a8550ad,2026-09-29,Science & Écologie : un colloque régional inédit s’ouvre à Niamey,Niamey,Niamey,Niger,13.514,2.11,event,Signal médiatique,autre,À vérifier,Signal médiatique — vérification requise,faible,centre de localité approximatif,Science & Écologie : un colloque régional inédit s’ouvre à Niamey Journal du Niger,Journal du Niger,https://news.google.com/rss/articles/CBMipwFBVV95cUxNMkdIQ2cyU3FwR09zT0QzNnhoblo5azhwSnhkVDlmTmZCdk5HNFNYWHo4N1JLbGtsMlJzUzJrZUhiMzRBNTZDcjlSc09Ydzk3d0JPOG81NnZXdDJ6aS04cnJrZldwRTFVdUVsbnJNLTQ3MnVHVVM0MWMtSjl1R3p1Z1piNEFCN3hCamJJMGxtcXB2dHJUV1hKRUFEcVdZN3NVRXpwU1JjMA?oc=5,Google Actualités — Niger,fr
media_1d9dca9c0a68059e,2026-09-29,Pourquoi le JNIM est-il en pleine mutation au Sahel ?,Burkina Faso — lieu à confirmer,Burkina Faso,Burkina Faso,,,event,Signal médiatique,autre,JNIM / GSIM,Signal médiatique — vérification requise,faible,non géolocalisé,Pourquoi le JNIM est-il en pleine mutation au Sahel ? BBC,BBC,https://news.google.com/rss/articles/CBMiX0FVX3lxTE1tZTVZb3VjNmFaUlJtNkhLd3NBeEFTVnBfeVFCdTV2d1psYzJuajNuYzUtV1JPX3lYRFBheEp5V1JFaVc1d1RiZDVZRmxVa29PZkt2LV9VUjBRc0lOZEhv0gFkQVVfeXFMTVZPWXp1cnFVWGZRemJxUUNhQ2prTF9sRzBhN2JTUUJ4MWJNeEttVmU4ZVc3MkxGLUNGV0g2dnRvdTltbWYxVjZvYWV2aGYtRll3aDlzVjVQbWQ1bWJjVThkTXNlZw?oc=5,Google Actualités — Burkina Faso,fr
media_aba4ea8936c6bc1d,2026-09-29,"Opération Dougoukoloko : Frappes chirurgicales des FAMa, plusieurs repaires terroristes anéantis dans le centre du pays",Mali — lieu à confirmer,Mali,Mali,,,event,Signal médiatique,autre,FAMa / État malien,Signal médiatique — vérification requise,faible,non géolocalisé,"Par un communiqué publié ce mardi 29 septembre, l'état-major général des armées a confirmé la continuation de l'opération « Dougoukoloko » visant à sécuriser le territoire. Les Forces armées maliennes (FAMa), appuyées par leurs partenaires, ont mené deux séries de frappes ciblées les 27 et 28 septem...",Malijet,https://malijet.com/actualte_dans_les_regions_du_mali/312079-operation-dougoukoloko-frappes-chirurgicales-des-fama-plu.html,Malijet,fr
media_0593eae0ac842f73,2026-09-29,OPÉRATION DOUGOUKOLOKO : LES FAMA ÉCRASENT PLUSIEURS NIDS TERRORISTES À NIONO ET DIOURA,Niono,Ségou,Mali,14.251,-5.987,event,Signal médiatique,autre,FAMa / État malien,Signal médiatique — vérification requise,faible,centre de localité approximatif,OPÉRATION DOUGOUKOLOKO : LES FAMA ÉCRASENT PLUSIEURS NIDS TERRORISTES À NIONO ET DIOURA Mali 24,Mali 24,https://news.google.com/rss/articles/CBMirwFBVV95cUxQc0JxNEtvcC0tcGVYUmlDZ0lNdXF0NmVsS1NHLTlOZ1ZyeUx5X3VLZzRsVDRSRnBESTlzQXp0bGRGd2d6NGJaWUZOZFJMXzZ0NGdrc3pVU3hMY2FJcU5rWTZDSUVGNnE3czZZa3draWJRV3I2ZHF1VmhiOExtMU52RVpWcExGZ0xNa29zdW9TcUEwVU5udWVHWFc0SUhfa3A4QkdtTUhIbnIwSDhUbHVF0gGvAUFVX3lxTFBzQnE0S29wLS1wZVhSaUNnSU11cXQ2ZWxLU0ctOU5nVnJ5THlfdUtnNGxUNFJGcERJOXNBenRsZEZ3Z3o0YlpZRk5kUkxfNnQ0Z2tzelVTeExjYUlxTmtZNkNJRUY2cTdzNllrd2tpYlFXcjZkcXVWaGI4TG0xTnZFWlZwTEZnTE1rb3N1b1NxQTBVTm51ZUdYVzRJSF9rcDhCR21NSEhucjBIOFRsdUU?oc=5,Google Actualités — Mali,fr
media_7962e969633bae9a,2026-09-29,OPÉRATION DOUGOUKOLOKO : LES FAMA NEUTRALISENT PLUSIEURS GROUPES TERRORISTES À BOGHASSA ET SOFARA,Mali — lieu à confirmer,Mali,Mali,,,event,Signal médiatique,autre,FAMa / État malien,Signal médiatique — vérification requise,faible,non géolocalisé,OPÉRATION DOUGOUKOLOKO : LES FAMA NEUTRALISENT PLUSIEURS GROUPES TERRORISTES À BOGHASSA ET SOFARA Mali 24,Mali 24,https://news.google.com/rss/articles/CBMitwFBVV95cUxONF9TVHpiemMzeXZ0Z2JQQmd1WVZmR0EzeHYwWGljSFhJcGswS1RMbEt3dmJjeFdBWDJQM054TDhaZDVDVnVlSnZmUWdpUXVxUS1IUWtJU0hoU25XUmhqSVhtbVpGMzVDUjJVX2JLeExkYXZOR1ZWVGdheUxzYm11UGdZMV96dzFsckVuekNwZmFaYUZkLXBESWRQcmU3Y2JIZlJEN2wxMVdCekNnZjZNc1ZhZml4bXPSAbwBQVVfeXFMUHNob1p2SS1OOU5Eb1RzdGRsa0hjbWppRi1EalJhX0tjOGV6TkNleDI0Z1g0c0Yzb0ZEMFpjM3ZCcVVPelhkT3Z5QXJSaWFqQ2lUMWUwejl5YUJ1SHFRZ1Y2bVI1Y08tVVoyN1d2UUdfR0xOTVBPVzQySFhpQWJQd2tvT3Q0a243bExsRFNWNFB5VHJfbzBSX3UtVDQ0ZkVLeXRvX1NZSnhrNTA2REwtWExac19UYUNhLV9Pa24?oc=5,Google Actualités — Mali,fr
media_4edda9d57d8d00c9,2026-09-29,"ONU : Abdoulaye Diop appelle à une refonte du multilatéralisme et dénonce les ""sponsors étatiques"" du terrorisme",Mali — lieu à confirmer,Mali,Mali,,,event,Signal médiatique,sécurité,À vérifier,Signal médiatique — vérification requise,faible,non géolocalisé,"Le ministre malien des Affaires étrangères, Abdoulaye Diop, a prononcé, lundi 28 septembre 2026, le discours du Mali devant la 81e Assemblée générale des Nations Unies, marquant le 66e anniversaire de l'admission du pays à l'ONU le 28 septembre 1960. Dans une allocution empreinte de souveraineté, le...",Malijet,https://malijet.com/a_la_une_du_mali/312077-onu-abdoulaye-diop-appelle-a-une-refonte-du-multilateralis.html,Malijet,fr
media_11e7266f5fda5f56,2026-09-29,Mauritanie : Réunion à Nouakchott de la commission douanière mixte mauritano-algérienne,Nouakchott,Mauritanie,Mauritanie,18.086,-15.979,event,Signal médiatique,autre,À vérifier,Signal médiatique — vérification requise,faible,centre de localité approximatif,Mauritanie : Réunion à Nouakchott de la commission douanière mixte mauritano-algérienne cridem.org,cridem.org,https://news.google.com/rss/articles/CBMiYEFVX3lxTFBma2l5YzhuaEFUcFRiMHlTNWNsMFdhU25oUUtyelU4Zk9YVFVmb01vQ3ViNk15ei1wMDZIVWJ3empOaUg2cnY0LUdxb1F4czE4NW90YkRnMngzT3NPUHJXMQ?oc=5,Google Actualités — Mauritanie,fr
media_eca46416b0ed07b8,2026-09-29,Mali: embuscade meurtrière des jihadistes du Jnim à Niono contre l'Africa Corps russe,Niono,Ségou,Mali,14.251,-5.987,event,Signal médiatique,sécurité,JNIM / GSIM,Signal médiatique — vérification requise,faible,centre de localité approximatif,Mali: embuscade meurtrière des jihadistes du Jnim à Niono contre l'Africa Corps russe RFI,RFI,https://news.google.com/rss/articles/CBMizgFBVV95cUxNQklpbTNwVlQ3TkdlaENzbEpINHdDZkFzV3lYamJCWk12NUZ3M0tPeW1zZFNobGFxR2Vabjd5a25qc1d3OGc3ZmtlM3ZvUG92anc3V2Z6MlRWOGREN0F6MFVxUjBoMXZNM2s3T1RIZ1VYQWRzMEM0c2RQVDNlbnB2U2hPRlZ0bVRLemV6cmkyUDgtVUxLQ0VOS1BmeWJoYm00ZXJ2ZjRkaWRlQWE5ZmVsM2pURExrYU5YVzc4YnhsWWllMmkwYm5NbEV3bFBzdw?oc=5,Google Actualités — Mali,fr
media_ec3b47ab08df5430,2026-09-29,Mali : au moins 3 militaires et 4 paramilitaires russes tués dans une attaque jihadiste,Mali — lieu à confirmer,Mali,Mali,,,event,Signal médiatique,sécurité,À vérifier,Signal médiatique — vérification requise,faible,non géolocalisé,Mali : au moins 3 militaires et 4 paramilitaires russes tués dans une attaque jihadiste DAKARACTU.COM,DAKARACTU.COM,https://news.google.com/rss/articles/CBMiwgFBVV95cUxPcUd2bFV0V3JJSWRzOWVyT3d4X2o5THBlel8tZWFNcjBwRmNKLW1kcnUxYnZ5S29XX3ljZ2F6QWtNVC1RYTBIV29zTU1weVBJajdCVHA1X2FDd2pCaUZ2enRYa2ZXbVMtaVVPV0pJTUlheWtwTnhnWW43bnk4Sk5pMXNVRDdtaE1KQlZpSHlrenVLeWVPZzRnZ1RsMnNWVGFWMW1hdDVrTUVGXzcwaDdJUk03aW0wb2pLeUJNbUdsRVdfdw?oc=5,Google Actualités — Mali,fr
media_ad37384acd7ab308,2026-09-29,Mali : Amnesty accuse les FAMa et Wagner de crimes de guerre,Mali — lieu à confirmer,Mali,Mali,,,event,Signal médiatique,autre,FAMa / État malien,Signal médiatique — vérification requise,faible,non géolocalisé,Mali : Amnesty accuse les FAMa et Wagner de crimes de guerre Anadolu Ajansı,Anadolu Ajansı,https://news.google.com/rss/articles/CBMioAFBVV95cUxOYWVuNWpwOUlidTNZLWlfTVlUQlNpVklCeDBHRXhHSE9HNEZCdFZHa3ZqMHlHMDJaMEs0TkNGZFItSFZwRFRrYnQ4VnpGaVd6U09qZDhMb3dpZUxYS0pXbkc0MWtrdDlYVS1UdjZUT25oQTc4YXZlcWdsMWVheUNqc3lCVVpXbWxMVkpUVDJrRTZEYmFhd3NPSUl1OHN4LTZY?oc=5,Google Actualités — Mali,fr
media_c2bc364880c46a7a,2026-09-29,La mutinerie au Niger révèle une stratégie de la sécurité défectueuse,Niger — lieu à confirmer,Niger,Niger,,,event,Signal médiatique,sécurité,À vérifier,Signal médiatique — vérification requise,faible,non géolocalisé,La mutinerie au Niger révèle une stratégie de la sécurité défectueuse Africa Defense Forum,Africa Defense Forum,https://news.google.com/rss/articles/CBMiqgFBVV95cUxQNF93Wnp4Q2E1WnAxNXJfZGJrVUR3VHVkVnRkZl9EU0dEeDdPQmxKa0ZiX0g0OGVDWFpRdFpIamhLdTY4TU9ybXloYnlvOW5LUHl1YmJWLVp0aHpyOXdTaHJKc1B4QlRsSktXakVUN3ktVV9jaTZiMXNhY3F1LUd4bF8tU1EtRGROemZFV1FHSUVWUV9XQkoydzZhb1pYWDNKVGQ0cjdPaWlpdw?oc=5,Google Actualités — Niger,fr
media_0af68cbf562941d1,2026-09-29,"Ibrahim Traoré, du Burkina Faso, inaugure la première raffinerie d'or à Ouagadougou",Ouagadougou,Centre,Burkina Faso,12.366,-1.534,event,Signal médiatique,autre,À vérifier,Signal médiatique — vérification requise,faible,centre de localité approximatif,"Ibrahim Traoré, du Burkina Faso, inaugure la première raffinerie d'or à Ouagadougou BBC",BBC,https://news.google.com/rss/articles/CBMiX0FVX3lxTE9lRk5xa1M5UU90ZHJqNWRKTUFuWVNzN3dfMlFpYTM0LVdzTXQ0RDk4OGR0N28tUV8ya3ZiTGdadU1JaGYycVRWSEdFRVZZVV9QYmxBSUVUZXZQQm5mTDdj0gFkQVVfeXFMT0xpNmdTbndObXVUZ25uMzBmSVRTUnJYeXlwNkZEZTdnRF9JcmFBTFZSaDhteG1XN1p3Rm9UYWFwdzlCYngzNlVOZ2dJcC1FSnRoMzBuWDZ4YzRDS1RrX19rOXVZVg?oc=5,Google Actualités — Burkina Faso,fr
media_0eafac4ba6e1aefe,2026-09-29,Des rebelles touaregs du FLA assument des attaques avec des drones contre l'armée et les forces russes dans le nord du Mali,Mali — lieu à confirmer,Mali,Mali,,,event,Signal médiatique,sécurité,FLA / Azawad,Signal médiatique — vérification requise,faible,non géolocalisé,Des rebelles touaregs du FLA assument des attaques avec des drones contre l'armée et les forces russes dans le nord du Mali Demócrata,Demócrata,https://news.google.com/rss/articles/CBMi-gFBVV95cUxNbDYwdWtkaGtRNmxlNEFKd2VwTEo4SmFNT2FQX1JWTXc4ZGJhV2lTYUYycDdXNTdZMjVZalN1YXNROURtbkZfY3RrbWdQTndVSThpaUxUbXgyS1lxT3pkZ2ZpeHQ3azF6YkFCTm9QUlZFX2xPRGoxV01fMWhfSUQ3OElxb1hFbDcya2lSZHl2ek92bVZrNU5OREE4NUhieHZuM093NVdGdzhEYXhzaWRxSWZKdFJqTWkzVEROSk9oTzlPTTlMZVpxZ0pPVjh2S1RUQW5XSGpobG9DeEFFdE9HTkNmRHp1bXRpTmJkMmZoZHRuVVF1bVcteWln0gH_AUFVX3lxTE0tT0djZ3VJZUNvcFQ0cWotdVJ6ZnJXSHg0c1l4dXhTdVJrTnBwWEZzOUdkelUyQXpaamQtM19FNW1VcXpzUHlrSW1CNEhTd2FyTzQySkV3bFNqTnhPWnRYVlE1eGU4YnJmanRiZkY0aWxadUJvZlpxdUxmRWUzT2dXQWlHazQ4RkM2enY1dHByLWx6V3g4OHdTbHpRZlZwTmoyRlpOZmt0VjRNZjlqTkpTOGtrYW5WS3pLQlpJWGFHSklUZ3lEc19iWUdram1nX3JieEFDNi10MjRvNlFEMWhZUVI2c0U5VjJYWFg0dC1YRE9ZUDNvM211X0dxZ2NoMA?oc=5,Google Actualités — Mali,fr
media_d7fbf38a78d46f10,2026-09-29,"Derniers séismes, Nouakchott City, Mauritanie, depuis 1900",Nouakchott,Mauritanie,Mauritanie,18.086,-15.979,event,Signal médiatique,autre,À vérifier,Signal médiatique — vérification requise,faible,centre de localité approximatif,"Derniers séismes, Nouakchott City, Mauritanie, depuis 1900 Volcano Discovery",Volcano Discovery,https://news.google.com/rss/articles/CBMiekFVX3lxTE1PLWhxNFBIYkhwRnRFczhDYnp6T3BwaUVFXzRqaW9SVUNOYjQ3dHFrbjFzay1zVDZpQmlRLTcwck5EaVZPaXNqa3JGNjRESUR1VEt4ZXloTW05dWNORjRYTFFaS3dZN1lSSWhDdzdsZUR4T0pTVVBiMW93?oc=5,Google Actualités — Mauritanie,fr
media_9db04c9ce018d699,2026-09-29,Crimes de guerre commis par l'armée malienne et Wagner,Mali — lieu à confirmer,Mali,Mali,,,event,Signal médiatique,sécurité,FAMa / État malien,Signal médiatique — vérification requise,faible,non géolocalisé,Crimes de guerre commis par l'armée malienne et Wagner Amnesty International,Amnesty International,https://news.google.com/rss/articles/CBMicEFVX3lxTE5RdmM4N0Z6M0tjVWc3V05KN2lmdW5KdHJXcWNhRVd3VnowM1otZ2VDWUVNZUwyUTA5MzNtZHVnMzJvNmhocnhkSEpiU0xmMzhuVlJQSzBWVHR5dUJBdy1aNjg0bHVUc1h0Qm1WOHB1WGg?oc=5,Google Actualités — Mali,fr
media_34e60b2c34c6a887,2026-09-29,Conflit au Mali depuis 2012 : ce que les données révèlent de la vulnérabilité des femmes et des enfants,Mali — lieu à confirmer,Mali,Mali,,,event,Signal médiatique,sécurité,À vérifier,Signal médiatique — vérification requise,faible,non géolocalisé,Conflit au Mali depuis 2012 : ce que les données révèlent de la vulnérabilité des femmes et des enfants MaliActu,MaliActu,https://news.google.com/rss/articles/CBMiwAFBVV95cUxQRDhVS3cxWjlEdFhSOUpGVUpqMlpBRkpHNWkwZDBsbTMxcmIyYlR3MkJjNzV5ajlfc19QbmR3OVFSa0NtRnNRY3dkUnp2MzNFeENMeTdRLVAyUERVV2FpUTJHLVNxWWNSUDExeVhVNzNlSWxYMEJZVDJVZ3U4MWVZYUpQQ1gtMWxZNXZZZ0ZVTFhtaDROS2VXWnpmMUNrMUpteVlEejFsUTVwVkdWWlhQTHRRSHBlV1dBVlJkalpfSC3SAcgBQVVfeXFMTm1qLXk0SlZxaWJEdXN2UmZmMVBrMUl2d2N2bzJlczdNeXRWZmVHR1pROFJwbnJ5QlNuUnEyTjNteWZrSWYzdURnUGRNbEJIZE91Yll1ZUNLM3BhWGNVWTQ0VFBXcDU1YUhtTUZia0VlemJ4WlFON1hGRXJ2azNYVjhSMk0xcHk3cEVGZEUtb2hiM2J2NVVuaWRHUEEwLUx0TndGdTNmU0hDU1dVbmJQTVlUOU5OQmt3a2l3OFFyZ1lsdV8zOEsweFM?oc=5,Google Actualités — Mali,fr
media_c476c60e2e648475,2026-09-28,Soudan : Un dépôt stratégique de carburant ciblé par une attaque de drone,Burkina Faso — lieu à confirmer,Burkina Faso,Burkina Faso,,,event,Signal médiatique,sécurité,À vérifier,Signal médiatique — vérification requise,faible,non géolocalisé,Soudan : Un dépôt stratégique de carburant ciblé par une attaque de drone Sahel Intelligence,Sahel Intelligence,https://news.google.com/rss/articles/CBMiswFBVV95cUxQRzFxdWJPQjJpMnRrdWxNU0RmeXJjZDVuclRQb0NKd1NYaXRUOGc1TWpEQjdrWDl6T1BjUkdnNWpkWEpyQmN6WUd1d0lVa25lbmhvRUtYcnhtbmRCTmFIaTVBeV9NRmNvOXp5U00yZnBkd0gzZ0JpZUZ6TjlucFdKWlF1eTh4eW5tWXpiN2FWdE5fT2JzTTdNTXRoQWZ3dlR4d01mS18yMDRldFdxQXZ1dy04WQ?oc=5,Google Actualités — Burkina Faso,fr
media_98d65a1c0c70fea3,2026-09-28,Réunion militaire mauritano-américaine sur le droit et la lutte contre le terrorisme,Mauritanie — lieu à confirmer,Mauritanie,Mauritanie,,,event,Signal médiatique,humanitaire,À vérifier,Signal médiatique — vérification requise,faible,non géolocalisé,La Division des opérations de l’État-major général des armées mauritaniennes et l’Institut américain de défense pour les études juridiques internationales ont clôturé une série de réunions de travail consacrées à l’échange d’expériences dans le domaine du droit international humanitaire et à l’application de ses principes lors des opérations milit…,Sahara Médias,https://fr.saharamedias.net/reunion-militaire-mauritano-americaine-sur-le-droit-et-la-lutte-contre-le-terrorisme/,Sahara Médias,fr
media_4d8773736f17a4a9,2026-09-28,Royaume-Uni: le Premier ministre Andy Burnham convoque une réunion de crise après un projet d'attaque contre une base militaire,Burkina Faso — lieu à confirmer,Burkina Faso,Burkina Faso,,,event,Signal médiatique,sécurité,À vérifier,Signal médiatique — vérification requise,faible,non géolocalisé,Royaume-Uni: le Premier ministre Andy Burnham convoque une réunion de crise après un projet d'attaque contre une base militaire RFI,RFI,https://news.google.com/rss/articles/CBMihAJBVV95cUxORUNmUEJvUFBZQTJKcjlnRWh2c2pDT3RDcHRMYjVFMDBGdTN2bGVENllKbl9SUVpLQUh2WVhUUzFHTjFTZlRxTTBSMFpINXZmc2hRTnFFNGR1aV83NVQ0eWc3SGhCX3IwbG5wY3ItSmtsOTVIZEM3ZWQ5QjZKaHd5WUNfdEdtT2o0YXhKTWpzZWV5ZHJFV2FZU1BycDEzb1h2a2dNUlViTlJwSWk4Q1QwNUE0QWZNU21ZRmlzUmJJZ20tWEV6M0hUVi1hSHNOa0JwaktZR2xWUGE0YXNpUGttMGE3clFrYmJsUklaWXJUVnR0LW40cFlCaDJnSHBPc1RpYm1lRA?oc=5,Google Actualités — Burkina Faso,fr
media_16adcfdbacfc817c,2026-09-28,"Prévisions météo et conditions pour Ayérou, Tillabéri, Niger - The Weather Channel | Weather.com",Tillabéri,Tillabéri Region,Niger,14.207,1.454,event,Signal médiatique,autre,À vérifier,Signal médiatique — vérification requise,faible,centre de localité approximatif,"Prévisions météo et conditions pour Ayérou, Tillabéri, Niger - The Weather Channel | Weather.com The Weather Channel",The Weather Channel,https://news.google.com/rss/articles/CBMiZ0FVX3lxTE5TRDM5ck9XM09TR2tPa0F4Sk50d3AwOUkxUnRKTktmRTNmWlE4SEhZVTIyTjhiX3V3VExockpRWmhhZGJ6Nkw5MlVCMnRRd2NCYWRvVl9MY2E0OHRYQmZ5cEVubW9wbGM?oc=5,Google Actualités — Niger,fr
media_d1fbbef127b00b3c,2026-09-28,Nouakchott : ouverture du Forum Fintech Mauritanie 2026 après trois jours d’intense hackathon,Nouakchott,Mauritanie,Mauritanie,18.086,-15.979,event,Signal médiatique,autre,À vérifier,Signal médiatique — vérification requise,faible,centre de localité approximatif,Nouakchott : ouverture du Forum Fintech Mauritanie 2026 après trois jours d’intense hackathon cridem.org,cridem.org,https://news.google.com/rss/articles/CBMiV0FVX3lxTE0zRjNyRkJmQng5ZldCWDRXQ0taWGlkcVgtWHNQQ25qSUt2dDlUTXFEZkVYZGRyQnNkd0pseU1GT3Jwb21QZENGMWdIc212aGRZR3UtbHpvWQ?oc=5,Google Actualités — Mauritanie,fr
media_4096c7e405cb0637,2026-09-28,Niger | Uranium : Niamey rebat les cartes à Madaouela,Niamey,Niamey,Niger,13.514,2.11,event,Signal médiatique,autre,À vérifier,Signal médiatique — vérification requise,faible,centre de localité approximatif,Niger | Uranium : Niamey rebat les cartes à Madaouela Afrimag,Afrimag,https://news.google.com/rss/articles/CBMiekFVX3lxTE9mRVZ1Um5CNDd3QXBmRmRkcndKRElfaGlrTFlJeWw2X3JkQm5fVDFMSzI3dGdPdGRvYzQ1VUpJNV9NY0FWNy1hWG1USENlUHJaRGpYN19rLXQyNGk1R1hhMEdkTkYtcmptbi04SGhjbzNzNDdnTi1QbWFR?oc=5,Google Actualités — Niger,fr
media_9fe29ed9edeb087a,2026-09-28,Niamey relance l'exploitation de son uranium et souhaite attirer de nouveaux capitaux,Niamey,Niamey,Niger,13.514,2.11,event,Signal médiatique,autre,À vérifier,Signal médiatique — vérification requise,faible,centre de localité approximatif,Niamey relance l'exploitation de son uranium et souhaite attirer de nouveaux capitaux Africanews,Africanews,https://news.google.com/rss/articles/CBMivwFBVV95cUxPOXNmMlB3QWduVnZRcExZampha3A5YTI0YVpndG5zSHZMNGx5MWhJWHIxVTlIMDk3UXNsMi1ja1pnSmYyZkxUWmhNWTJaSkpQUXpRSTI3bjFWYzVGcnF5SlAtbmYyOGpmRnp3S25vbVNfUDE5bEVoUDV5YXJJSGFNQmZVRXNGelFac3JIOElRYXVuaGs4T2NRZ0dKZDBKV09ULTZrQlgyeTFxXzdiSHlfVU9ZRlRHVnpNdzJfTVoxRdIBxAFBVV95cUxNTlFncjFIN2FVTUFMLVFvTHliWGJCMW1BYVJoYTNxVnlFZzM3QVoxbmJ0c0lsRHJ3bTRuWE04cTRKUVp5U0Fla2lIbGVUV0ZGdm9feEhST0EwVlB3ekdjUF94bnh5MlZjWmlKR1FWeFRfRkVOY3ZtM2RNdnBpQ0N5UlQtUlhvZ09yNjdhMmpvVmc2UUt0aDY2TTJ5RTdYZ2t6SjQ0RlZxZXQyNUFfQW9fSzJyVzVENzU1RVYwY0YyUlExRy1Y?oc=5,Google Actualités — Niger,fr
media_3279fefb9e2e4c2f,2026-09-28,"Météo à Isari, Diffa heure par heure",Diffa,Diffa,Niger,13.315,12.611,event,Signal médiatique,autre,À vérifier,Signal médiatique — vérification requise,faible,centre de localité approximatif,"Météo à Isari, Diffa heure par heure SpaceRef",SpaceRef,https://news.google.com/rss/articles/CBMiYEFVX3lxTE95TEpmRWlVQTAwelFlNHF0Z2VYbkJIcHhWNFE0dlktWEx2TnZqNkhTWjVWMkI3NEJMckxmY3dOMU14STFidkRoSUVvaVBuQS1Cd2h1UUlvMTQ1YjZWbmR2cw?oc=5,Google Actualités — Niger,fr
media_8b0321a5729728c4,2026-09-28,Mauritanie: les fortes pluies paralysent les déplacements dans la capitale Nouakchott,Nouakchott,Mauritanie,Mauritanie,18.086,-15.979,event,Signal médiatique,autre,À vérifier,Signal médiatique — vérification requise,faible,centre de localité approximatif,Mauritanie: les fortes pluies paralysent les déplacements dans la capitale Nouakchott RFI,RFI,https://news.google.com/rss/articles/CBMixwFBVV95cUxPeUxTQTlTSUlEaVJvQUhyTTYyX282TFpXVzM0V3pLbG56cUhTYmNPaDhXeFA5WjJFLWwzMWd4WTBOczFaeFJqSExkc0tGdUs4QThENUVLa1pYTnhfdlE2Wll3d0xjR0NIQWxSWG5wWUpKTTVmaXhCSDl3VnJORVd2am1jR2s3cl9Xb2wzTERvWUo3QmJHRmY3NEFZdXZ5QXhIMHhGUFlXQkU2Ykp1R0pfOHVtNmNIY2l0UWR4a0Rub1RjV1VfVVUw?oc=5,Google Actualités — Mauritanie,fr
media_e2a457b2d9dcc5d6,2026-09-28,"Mauritanie/UE : 195 millions d’euros pour la sécurité alimentaire, l’État de droits et la santé",Mauritanie — lieu à confirmer,Mauritanie,Mauritanie,,,event,Signal médiatique,sécurité,À vérifier,Signal médiatique — vérification requise,faible,non géolocalisé,"Mauritanie/UE : 195 millions d’euros pour la sécurité alimentaire, l’État de droits et la santé cridem.org",cridem.org,https://news.google.com/rss/articles/CBMiWEFVX3lxTE1iMTk5UzVQc2VXTEp4WXhjNEhlSFY3YkhEOWYzQ2JuOUdBNUNZXzFHbEo1WmlDMHpsQUhDOUtvbklkTy1COFZYWi02TkQ5UE9hR04xMXc1dlk?oc=5,Google Actualités — Mauritanie,fr
media_4493c78b37ec90c5,2026-09-28,Mauritanie : plus de 250 migrants secourus au large de Nouakchott,Nouakchott,Mauritanie,Mauritanie,18.086,-15.979,event,Signal médiatique,autre,À vérifier,Signal médiatique — vérification requise,faible,centre de localité approximatif,Mauritanie : plus de 250 migrants secourus au large de Nouakchott africaradio.com,africaradio.com,https://news.google.com/rss/articles/CBMirAFBVV95cUxOeW9PYTFZYjdxbUxhMmtMTWJGd3RDbEIxVURmNk5jQzJfNm1sZEhRTGtmb09hdWdDTUl5UVVnVG1KYWlaZGtjN0k2dHJVNU5pWHgzSXVaVWV3RmlzOWQyZ29JT1h6UHpnUjNlS2ZnZ0piTHlNc2RwZl9mc0dPaHpOVnUtcWJub3BQaFEtR1JhMS0wamtVcnY4QTE5VHBpOXdnSktQQzhudkNWYVF1?oc=5,Google Actualités — Mauritanie,fr
media_5f2b9bbd77845578,2026-09-28,Mali : l’armée annonce avoir neutralisé plusieurs combattants ennemis dont des chefs dans des frappes dans la région de Kidal,Mauritanie — lieu à confirmer,Mauritanie,Mauritanie,,,event,Signal médiatique,autre,FAMa / État malien,Signal médiatique — vérification requise,faible,non géolocalisé,"Les forces armées maliennes ont annoncé avoir neutralisé au moins 50 combattants lors d’opérations menées à environ 45 kilomètres au nord-est d’Abibara, dans la région de Kidal. L’état-major général des forces armées maliennes a indiqué dimanche dans un communiqué que des renseignements avaient permis d’identifier plusieurs points de rassemblement…",Sahara Médias,https://fr.saharamedias.net/mali-larmee-annonce-avoir-neutralise-plusieurs-combattants-ennemis-dont-des-chefs-dans-des-frappes-dans-la-region-de-kidal/,Sahara Médias,fr
media_9629baa4ce57e1f1,2026-09-28,Mali : au moins 50 « terroristes » neutralisés dans une opération des FAMa près d’Abeibara,Mali — lieu à confirmer,Mali,Mali,,,event,Signal médiatique,autre,FAMa / État malien,Signal médiatique — vérification requise,faible,non géolocalisé,Mali : au moins 50 « terroristes » neutralisés dans une opération des FAMa près d’Abeibara Anadolu Ajansı,Anadolu Ajansı,https://news.google.com/rss/articles/CBMi1wFBVV95cUxQaWQ2OXRrT0ZFdmtid1dqY0VEN3ZnaXFlWERRX1U3dEVQdUFlbFNwS2J3OTltYkJEdGExZGJxdTJTakN6VXpmYTZYbVQ3aENselVjVVRmNURiNU95aU0zYk1xNzhlX3FDY0ZBaFFLSmV6STcya1ZZbVZCY1JBc2RpeXNEMEFyd0lzTUs0MUxyRFVNbFBPNHRnMFpSOHhleGd3Q0ZiRWtjUU1WdjhtbUI0WGpHWkFCSTR3U1pldGMwOGpudFlVMUJkalFfSHgzZXdlYkRDUVNSMA?oc=5,Google Actualités — Mali,fr
media_87924ef368f3ab39,2026-09-28,"Mali : 50 terroristes tués dans la région de Kidal, plusieurs cadres visés par les FAMa",Kidal,Kidal,Mali,18.443,1.409,event,Signal médiatique,autre,FAMa / État malien,Signal médiatique — vérification requise,faible,centre de localité approximatif,"Mali : 50 terroristes tués dans la région de Kidal, plusieurs cadres visés par les FAMa La Nouvelle Tribune",La Nouvelle Tribune,https://news.google.com/rss/articles/CBMiwgFBVV95cUxNRTh0TjBRLVJ0WF82TldlQlBzc1FKQ3dKdlJ5eGNqeDYzd0xCM1ZyWDJvMkJ0QnlCNlg4dnpqdnhCR0pudVdlM2VqbkpTQTRoaHJkZUZnZUhtVWhEaGxMQ1I2TW5VcWNNXzk5dGhPQnY2YVhnNkNhUGQyVGZybWJIenB5VEFiTVlGczlFdmN6U0lNNGdoTlNuTTVFRkt5cUNRaWtGMXAtdHFRQkRNNkwyRGN3NFZVUUVVUmhGMVlHTTNLQQ?oc=5,Google Actualités — Mali,fr
media_9c450ff565c56f94,2026-09-28,Mali : 50 terroristes neutralisés par les FAMa à Abeïbara,Mali — lieu à confirmer,Mali,Mali,,,event,Signal médiatique,autre,FAMa / État malien,Signal médiatique — vérification requise,faible,non géolocalisé,Mali : 50 terroristes neutralisés par les FAMa à Abeïbara APAnews - Agence de Presse Africaine,APAnews - Agence de Presse Africaine,https://news.google.com/rss/articles/CBMikgFBVV95cUxPdF9zdXlZMmcyR19sQlpnMkhUek55SDZHaXJ6SlBjaHRXclNZNGxlRnZSWkFkZUluWVNVS3ZucHM2ODZIZXlOSWxzV09CLTdhN3hHRTdjeHpZYzFscng5dGxkLUMzMlF6MXZzaVZwVmVXRExRa1NrZlNXR21USXJOTGlNLXU5LWczSjlZTnFCVFFEZw?oc=5,Google Actualités — Mali,fr
media_83a54c8ebaa665a0,2026-09-28,"La Mauritanie sauve 260 migrants, dont 17 mineurs, dans deux canots pneumatiques au large de Nouakchott.",Nouakchott,Mauritanie,Mauritanie,18.086,-15.979,event,Signal médiatique,autre,À vérifier,Signal médiatique — vérification requise,faible,centre de localité approximatif,"La Mauritanie sauve 260 migrants, dont 17 mineurs, dans deux canots pneumatiques au large de Nouakchott. Demócrata",Demócrata,https://news.google.com/rss/articles/CBMi3AFBVV95cUxOUkNWZzJnY3ppaVhvQkw0MjdFSktONVFoTTFxdXhTcTE1cUR4NTRVRjZyaWxuSHNKMFRmbTEtM0pPVHpKZ0VFcmhIUUJDQVd5QjFqNzBiNUx6VTlQTVZROGZ1N0RnMENYeXNLcDYtcXlQNkxLeTBac19MbmRUYUFmR283bTVxaHViQlcySkZmUk9zb1p0STNwcGs2Ylk1bHZwNWt0Wm5HZmNMSVBIS2hCSEJzbWVWNTNHcDJwdUk2dkNZNXpuSjBCbndhYkhfWmhpN05tWjZmVmlUbk5K0gHiAUFVX3lxTE54UGdOVFN0Y2xzWkx0V3M1WERadXIteVp1RmFLNUgxbXJIOENYUU5WSGZJTE45WjFiQzBqTmVDZV91NThMOXRRQ3Bqajd2U3JEZ0xzTXdWbWhoaFBkcTVnTVpYQmVNMjI5ODQwam5UYU9MN3lpbW04d2RSU1h3U1AyWGh1UXJ1Z3BWam0zXzZCYWlqb1dkc3JYTDVVdjJTZ0JYQ3pPTG5kdG05TUhxQlJ5SE1NNXpMU2JPWnhyYmRsSHlOZTY5QUszQWxVeUlDSzlBSDQxWXF1UXBWR1hvQmV6cGc?oc=5,Google Actualités — Mauritanie,fr
media_a2df960297471cd3,2026-09-28,"Daouda Kader Traoré, karatéka burkinabè : « J'ai décidé de laisser la place aux plus jeunes »",Burkina Faso — lieu à confirmer,Burkina Faso,Burkina Faso,,,event,Signal médiatique,sécurité,À vérifier,Signal médiatique — vérification requise,faible,non géolocalisé,"Après environ 18 ans passés en équipe nationale, Daouda Kader Traoré a décidé de mettre un terme à sa carrière de compétiteur. Ceinture noire 5e dan, le karatéka burkinabè entend désormais consacrer son expérience à la formation et à l'accompagnement de la relève. Entre souvenirs de combats, regrets d'un podium mondial manqué et ambitions dans le…",LeFaso.net,https://lefaso.net/spip.php?article149572=,LeFaso.net,fr
media_fd3d7dc4181036e6,2026-09-28,CAN U23 (Q) : les Léopards Espoirs chutent à Nouakchott face à la Mauritanie,Nouakchott,Mauritanie,Mauritanie,18.086,-15.979,event,Signal médiatique,autre,À vérifier,Signal médiatique — vérification requise,faible,centre de localité approximatif,CAN U23 (Q) : les Léopards Espoirs chutent à Nouakchott face à la Mauritanie Foot RDC,Foot RDC,https://news.google.com/rss/articles/CBMipAFBVV95cUxOZDBhcGdDMEpmTU9sb2xnSGp0RmZQeVBVU1NqY2oteHlULXMzN3VUNmMwWWxyN0ptWTB6MGcxYUJteEVuby1wRXBBM04zRUE4UjdEamZqRE9ma1hZRmxZNUt0RkFOOU9xcUNHeUFlUEU2QjViX3pSR1RQRVNoQ2V5U2VCZ1FRTUgtYkY5NzRLM3lMWjZwdHpSbEs3U191b29ja044bg?oc=5,Google Actualités — Mauritanie,fr
media_4bd7253cfc345e3e,2026-09-28,Burkina Faso : Le capitaine Ibrahim Traoré révèle les dessous de la nouvelle stratégie contre le terrorisme,Burkina Faso — lieu à confirmer,Burkina Faso,Burkina Faso,,,event,Signal médiatique,sécurité,À vérifier,Signal médiatique — vérification requise,faible,non géolocalisé,Burkina Faso : Le capitaine Ibrahim Traoré révèle les dessous de la nouvelle stratégie contre le terrorisme Burkina24.com,Burkina24.com,https://news.google.com/rss/articles/CBMi1gFBVV95cUxQYnZMRkJQa3dCWnpaT2hvcDdwUTFHTmtFZzJGX2NmZEt0X0I1blFOSGNldHNFdGVPcmtyMmRoWWVpellXQml5YklCekhSdkRrNktSdG1tM1djTWpSeW14MmJRVXl0YXZIdm5UTW9QSlNreDJ3ZmlWcU96cWVUWGNWZ2w1Ymc3MkNOWG15MjlfMm5TalpjQ1ZTc3M5aTJhRmJDUUVQbnA3MTJabFZPeGxsa08yMVAzUjQ0Z1ZhVWstLUZWcWlIQmNCQTBDTUU3Y1FLbUFwSmJn?oc=5,Google Actualités — Burkina Faso,fr
media_83944968853d37bd,2026-09-28,Abeïbara : les FAMa ciblent des regroupements armés dans le cadre de Dougoukoloko,Mali — lieu à confirmer,Mali,Mali,,,event,Signal médiatique,autre,FAMa / État malien,Signal médiatique — vérification requise,faible,non géolocalisé,Abeïbara : les FAMa ciblent des regroupements armés dans le cadre de Dougoukoloko MaliActu,MaliActu,https://news.google.com/rss/articles/CBMiowFBVV95cUxPUVdZWEdiV3ZweTNoSlVWNDF0Q2NZLWpSSURNekRoV3NaWl9aNUZSS1N5M00td0pCUkNWU3pOcDVscDdodVlNM3VKQkYxb28zWUNsS3dScnhpUHQ0c1NqbGZkR29aY1dGU0NzMVBZR1FYOGFoLW9meUlFdnU2Zks5dnlwWTFTN0ZYemNFYWlKZzlmdTlqM1RySTB6VU5RNjB1YTRn0gGrAUFVX3lxTE9EUmxJbE9ZVkZVSmtZV2R1ejd4UEhONzg3SWE4dnlEMVNqSTcyTEhHX0NnN3B0c1Q0NWNBS0tUeHowdU9VVjJldFpCYUp4c1YwY0dCalNVSW9VSzdlTXdiZkNKUXlJM1hranJvRkdwazI1Tm5QYjZzMUZMZjBiX1JDMnBkNzZMSGxlc2pBdFBHNElHeEcxMmhrbTFkekVzNGZ6U19EZTlUTkZlSQ?oc=5,Google Actualités — Mali,fr
media_83633a55f0e08623,2026-09-28,"81e AG de l'ONU : ""Nous ne demandons à personne la permission d'exister"" Karamoko Jean Marie Traoré",Burkina Faso — lieu à confirmer,Burkina Faso,Burkina Faso,,,event,Signal médiatique,sécurité,À vérifier,Signal médiatique — vérification requise,faible,non géolocalisé,"Devant la 81ᵉ Assemblée générale de l'ONU, le ministre burkinabè des Affaires étrangères, Karamoko Jean Marie Traoré, a pris la parole le 28 septembre 2026 au nom de la Confédération des États du Sahel (AES), qui réunit le Burkina Faso, le Mali et le Niger. Saluant la mémoire des victimes du terrorisme, il a dénoncé des soutiens étatiques aux grou…",LeFaso.net,https://lefaso.net/spip.php?article149590=,LeFaso.net,fr
media_7779d83a52d41be7,2026-09-27,Reconquête du territoire : « Nous avons pu faire reculer beaucoup le terrorisme » (capitaine Ibrahim Traoré),Burkina Faso — lieu à confirmer,Burkina Faso,Burkina Faso,,,event,Signal médiatique,sécurité,À vérifier,Signal médiatique — vérification requise,faible,non géolocalisé,"En matière de lutte contre le terrorisme et de reconquête du territoire national, le président du Faso, capitaine Ibrahim Traoré partage des acquis. « C'est vrai que très souvent, les gens posent la question au ministre de la guerre, il donne des pourcentages et tout. C'est vrai, mais je peux dire que nous sommes bien au-delà de ces pourcentages,…",LeFaso.net,https://lefaso.net/spip.php?article149556=,LeFaso.net,fr
media_b9ed41b3cce99393,2026-09-27,"Prévisions et conditions météo pour Ayérou, Tillabéri, Niger - The Weather Channel | Weather.com",Tillabéri,Tillabéri Region,Niger,14.207,1.454,event,Signal médiatique,autre,À vérifier,Signal médiatique — vérification requise,faible,centre de localité approximatif,"Prévisions et conditions météo pour Ayérou, Tillabéri, Niger - The Weather Channel | Weather.com The Weather Channel",The Weather Channel,https://news.google.com/rss/articles/CBMiZkFVX3lxTE9UYmFjREVtazRvamprWmRCdVYteE5mNGdoWnJBT3Zac2JGM1dlUFFPUTVxM0NzSVBKdTNrLXIteXNzV1lzSWVxR1BVSHVFZFB0MWpoR0NsMWNfdU9CbDhFa0RvUFloQQ?oc=5,Google Actualités — Niger,fr
media_3da28fec0f5b1cc9,2026-09-27,"Opération Dougoukoloko : Au moins 50 terroristes, dont des cadres, neutralisés à Abeibara",Mali — lieu à confirmer,Mali,Mali,,,event,Signal médiatique,sécurité,FAMa / État malien,Signal médiatique — vérification requise,faible,non géolocalisé,"L'état-major général des armées a annoncé ce dimanche 27 septembre, dans un communiqué, la poursuite des opérations de sécurisation du territoire national dans le cadre de l'opération Dougoukoloko. Les Forces armées maliennes (FAMa), appuyées par leurs partenaires, ont mené une frappe aérienne ciblé...",Malijet,https://malijet.com/actualte_dans_les_regions_du_mali/312048-operation-dougoukoloko-au-moins-50-terroristes-dont-des-c.html,Malijet,fr
media_4092773ccbf96b42,2026-09-27,"Nouakchott : Plus de 250 migrants, dont des Guinéens, secourus au large de la Mauritanie",Nouakchott,Mauritanie,Mauritanie,18.086,-15.979,event,Signal médiatique,autre,À vérifier,Signal médiatique — vérification requise,faible,centre de localité approximatif,"Nouakchott : Plus de 250 migrants, dont des Guinéens, secourus au large de la Mauritanie Africaguinee.com",Africaguinee.com,https://news.google.com/rss/articles/CBMitAFBVV95cUxQWnp3RW1MMUVBOUFhLXJZSWE1VjNlc1RMS1UxSF9oUVg0V1RJZmVmLVNiSHgyeXBWRGphT3FHRmZtX0c0bW1VVUF3Ni16YzEwX2Q3dk83ak5EQlNTeGpKQXpqVmp2Sms2dW9tSEV1RWdCLXJZOU1udWZOMEhEYUNNUFV5REJwemdEdHBPYWFManNLMG90eE12eWEwUl9hU0xRTzRCMWFLeFlEdmFlZ3JGb3Qzclk?oc=5,Google Actualités — Mauritanie,fr
media_26f57b0c15a06c24,2026-09-27,Le JNIM au Sahel est-il en train de se dissocier de « Al-Qaïda » ?,Mali — lieu à confirmer,Mali,Mali,,,event,Signal médiatique,autre,JNIM / GSIM,Signal médiatique — vérification requise,faible,non géolocalisé,Le JNIM au Sahel est-il en train de se dissocier de « Al-Qaïda » ? BBC,BBC,https://news.google.com/rss/articles/CBMiX0FVX3lxTFBxNWFrNFlFUmxkNlg5TlIyMjF1WHQtX0VjNmMzMmd6bHVqVDJyZ0tBanJqTmlIaTRYRGRTeWFfMmNPM2pETFBjTkFoTmdOakF3QUFkS29WblRBT3NDN0hF0gFkQVVfeXFMUDdwcWpjZ3NRWUFmTXpFUE9SeVBvNkctb1doamZ3UERBTUxwWHEyYmY4NG1MSWJfX2JWMzU1V2dqVzBvTmlVNWM1dnU2RXNSN1lMZmVFZWxhZGF1XzhVZUlxQmNsYg?oc=5,Google Actualités — Mali,fr
media_b67ac14e21d5698f,2026-09-27,Attaques terroristes au Sahel : le Chef de la diplomatie burkinabè déplore une « caution inavouée » de la communauté internationale,Burkina Faso — lieu à confirmer,Burkina Faso,Burkina Faso,,,event,Signal médiatique,politique,À vérifier,Signal médiatique — vérification requise,faible,non géolocalisé,Attaques terroristes au Sahel : le Chef de la diplomatie burkinabè déplore une « caution inavouée » de la communauté internationale linitiative.ca,linitiative.ca,https://news.google.com/rss/articles/CBMi9gFBVV95cUxQTVZQMjhWaVltV2NBWThnTXlEMUR0Mm1Ea0RGR3M3WEpGSTdfZlZNMGphajVsTFBPQTZ6dVBpcE1yQVNBcFBLRmhqc1kwbmczTXdkV05jcjlCbDBVQ0J4eTZBWTdqNWdweTk0TlNmaHB5dUdsZEVSOXNfUWlKUE1CVnMwYVVKaGJfSFoyVGtUWGlRRldtN1NIckloeEVySWoxMFVqMkQxYWFGTThqT29GWDIzVVVGSkFCU0ZWZzZRRmVkdnNOYS00cEpBeTNHa2VmTWdrM2JIS3UtS0xORk8wRmxKb2Zkc01FMnpaRDFWVzdTWkNPbHc?oc=5,Google Actualités — Burkina Faso,fr
media_b507780c1b707a84,2026-09-27,"Acquisition d'équipements armés : « ça ne se limite pas au terrorisme, on se prépare à de grandes guerres », déclare capitaine Ibrahim Traoré",Burkina Faso — lieu à confirmer,Burkina Faso,Burkina Faso,,,event,Signal médiatique,sécurité,À vérifier,Signal médiatique — vérification requise,faible,non géolocalisé,"Au cours de son interview en cette soirée dominicale du 27 septembre 2026, le chef de l'Etat, capitaine Ibrahim Traoré a confié que les acquisitions en matière d'équipements pour l'armée ne se limitent « pas uniquement à la lutte contre le terrorisme…, on se prépare à de grandes guerres ». A la question de savoir si l'armée burkinabè a atteint sa…",LeFaso.net,https://lefaso.net/spip.php?article149557=,LeFaso.net,fr
media_4dfd33f74fe19fc2,2026-09-26,"Prévisions et conditions météo pour Ayérou, Tillabéri, Niger - The Weather Channel | Weather.com",Tillabéri,Tillabéri Region,Niger,14.207,1.454,event,Signal médiatique,autre,À vérifier,Signal médiatique — vérification requise,faible,centre de localité approximatif,"Prévisions et conditions météo pour Ayérou, Tillabéri, Niger - The Weather Channel | Weather.com The Weather Channel",The Weather Channel,https://news.google.com/rss/articles/CBMiZ0FVX3lxTE9yMUJic2Y1eDRVTkFNUmdlRk5TSWpYVTUzZUEwcXRSWFBjMjNLbUJRWl80WHZtTE1md05ydG1EbmZkNW85X295a1pVSzRjM2F1UzZWS1ZFSXFVUmpmeXpuaTVXOGlNNnc?oc=5,Google Actualités — Niger,fr
media_16ae8e87bb2809c8,2026-09-26,"Nouakchott crée une université des sciences, des technologies et de médecine",Nouakchott,Mauritanie,Mauritanie,18.086,-15.979,event,Signal médiatique,autre,À vérifier,Signal médiatique — vérification requise,faible,centre de localité approximatif,"Nouakchott crée une université des sciences, des technologies et de médecine cridem.org",cridem.org,https://news.google.com/rss/articles/CBMiWEFVX3lxTE9RV0dVM3pFRUY3Z3dMUzcwdGd4UFJnY3Y4MzF1SThETy1YRVh2S1RfT1JHNC02Z0ZQYnVXcEE2dHJ5UlY0MXQtbmh6WjVfY2ZMUlEyVXVFWTk?oc=5,Google Actualités — Mauritanie,fr
media_58bbf22234ef8ed7,2026-09-26,Niger : Niamey accuse la France et l’Ukraine de soutenir des groupes prêts à attaquer ses installations pétrolières,Niamey,Niamey,Niger,13.514,2.11,event,Signal médiatique,autre,À vérifier,Signal médiatique — vérification requise,faible,centre de localité approximatif,Niger : Niamey accuse la France et l’Ukraine de soutenir des groupes prêts à attaquer ses installations pétrolières Tchadinfos,Tchadinfos,https://news.google.com/rss/articles/CBMi4AFBVV95cUxNSWZjMkxkUlhYSTFIZHFDMzQxMkJCVW1ITjBoNFp4Y0l4bDdodVA5emVOR2FoU2tDT1Z6dGhMcTRUUlJjVXZucDQtODRyV0xxOVo1Wl9Wd3Qwai14MXF2Tk1sZkhLdDNnMmJnOU9mWEVEU0F5YXA5QVNySV9jMlVpT1lJcmtoejBXRzZlMjBwMU5DN0ZIYk55OFBZZ2V2YWFGMG5XQU5XQ2g2ME42OWlXTGlERHczTnJ0TFpGYXBjMktoRmpYZUpEVTlWMkVlbEJBUnVXM3JWZkRfd2NaM1F2RQ?oc=5,Google Actualités — Niger,fr
media_981a05dd05ef4cae,2026-09-26,"Niger : Mutinerie et attaque de Fartel, les failles du système de sécurité mises à nu...",Niger — lieu à confirmer,Niger,Niger,,,event,Signal médiatique,sécurité,À vérifier,Signal médiatique — vérification requise,faible,non géolocalisé,"Niger : Mutinerie et attaque de Fartel, les failles du système de sécurité mises à nu... FratMat",FratMat,https://news.google.com/rss/articles/CBMi1AFBVV95cUxNeFRuOFA4Y28zdWZZcXp4VXN6SXF1SVNkRTU5WnBYcmR0a0N4amdGa3YtMlBCVC1aMmdtd09EOEJIMEI4U0NWa0h3VTEtdUhHT2tCMnVZLUtDN3QzV1V4UFNYOWpqWHZRaXo0OU82VlRhM1diczl5bmp6c0d3eFN4bU0xZk40MFNLX3oxbDE3d3hTLXZic284TEdDNzk0cHRQYlU2WG9GdjI2VndvOUVsMmx2c2J0ZEFKZzhUZE94NXFvZ3UwSmF6NndsYmdGalI5aU9ZOA?oc=5,Google Actualités — Niger,fr
media_9acba1b54f119b81,2026-09-26,"Moma, Tillabéri, Niger : radar météo",Tillabéri,Tillabéri Region,Niger,14.207,1.454,event,Signal médiatique,autre,À vérifier,Signal médiatique — vérification requise,faible,centre de localité approximatif,"Moma, Tillabéri, Niger : radar météo AccuWeather",AccuWeather,https://news.google.com/rss/articles/CBMid0FVX3lxTE1nRkRiV3BKXzBSdDhIXzJnc2paakMwcjU4ME1KbEJ0SzRWMGNFcUV2R3pXQlFEUWlaYUZNZWdzMEtXYTVndl9qWm1vc3hsSGl5YmFHLWdJZk1RRHVYVGdGUGlfRmZTSFBnSFBHTXMzMmNGZThZaGlN?oc=5,Google Actualités — Niger,fr
media_1caabd08f0d4547f,2026-09-26,"Mali : Dioura, le revers qui interroge l'efficacité d'Africa Corps ?",Timbuktu,Tombouctou,Mali,16.773,-3.007,event,Signal médiatique,autre,À vérifier,Signal médiatique — vérification requise,faible,centre de localité approximatif,"Mali : Dioura, le revers qui interroge l'efficacité d'Africa Corps ? timbuktu-institute.org",timbuktu-institute.org,https://news.google.com/rss/articles/CBMizwFBVV95cUxPUFA4UDBMa194SG1UOXRPcXBrSm5yeTVSbHVEVlRSSEhTY3RLdVgwWVhVVU5VVExqamtiU214UW9rZC1NTl9jUURYMWhZRXIzUmNTVHFUbnl4eHVGUEt2SWdaMEw3eWxPWFVyblB4V3NtUlMta1N5X3l5OEtSRDNlTTNrLWZCSnBQX3V3ZC1EU2hfQ29aVUZ1MzRkR2JEZmM5THV3bkZGbEVEa0x0bFpPNlcyOUdySjB4N25JUDFNWjdOSUdLM0M3S0dyWVVVMXM?oc=5,Google Actualités — Mali,fr
media_8eb16096f6df0389,2026-09-26,"Mali : Dioura, Sévaré, Kidal… les armes russes ne suffisent plus à tenir le terrain",Kidal,Kidal,Mali,18.443,1.409,event,Signal médiatique,autre,À vérifier,Signal médiatique — vérification requise,faible,centre de localité approximatif,"Mali : Dioura, Sévaré, Kidal… les armes russes ne suffisent plus à tenir le terrain Afrik",Afrik,https://news.google.com/rss/articles/CBMiogFBVV95cUxQQ0tNUVFHVEFwemVOSVd2Q09mVXRDZS1VSEdrT2NXeGNqRWpPbUZabHpqeE9IUGlpWVBBbDVZS2lDR3d0dGZOWFphY3BGaHA2WlhKRUNIQm05dkRieWxUSFdhZThfN0VEd3lBT284YjBZMEUyZG9QYXBYeXZvV1ptallZY1g0WkZzRVJITkl5YzZ0V2JrTHBLYTBXb2o5NGZRUUE?oc=5,Google Actualités — Mali,fr
media_9859928ffdccb3bf,2026-09-26,Les FAMa et l’Africa Corps du ministère russe de la Défense ont éliminé plus de 200 terroristes dans la région de Koulikoro,Koulikoro,Koulikoro,Mali,12.863,-7.56,event,Signal médiatique,autre,FAMa / État malien,Signal médiatique — vérification requise,faible,centre de localité approximatif,Les FAMa et l’Africa Corps du ministère russe de la Défense ont éliminé plus de 200 terroristes dans la région de Koulikoro maliweb,maliweb,https://news.google.com/rss/articles/CBMi_wFBVV95cUxNaXRLRE43bXI5WVVva3pEVGY4cnhjLXlxYURVU0lBYXJtOS1yRUg3UC1GVklIeW5YOTdGS3hMRFhIdmdlZVlLTlN1QnN0VzYxU2E4UWtKUUhBNUdfSkI4cEphbFdrblpwVm1lWWVKM0RHTk5PLWVuUEtRWUdfT1REeFVSV2RWTXRhNkh2NHFiYmlNekJRX0FrM0xIZU9Mem5ZRC1vMU1PdW1JR2hMZC1uT0ZuMFhYWnN5X25jckxoSHBFYVk0Ym9zWkRQaTNLTDVIcEtxLTdnMzBvQXE3Q2ZNVGlubjl6UmxFQ2h2aWEwc3dodlJ4cnZJaGxBRzNWSFU?oc=5,Google Actualités — Mali,fr
media_e1710be1410bb0ff,2026-09-26,Le Président de la République quitte Benichab pour Nouakchott au terme d’une visite de travail et d’information dans l’Inchiri,Nouakchott,Mauritanie,Mauritanie,18.086,-15.979,event,Signal médiatique,autre,À vérifier,Signal médiatique — vérification requise,faible,centre de localité approximatif,Le Président de la République quitte Benichab pour Nouakchott au terme d’une visite de travail et d’information dans l’Inchiri cridem.org,cridem.org,https://news.google.com/rss/articles/CBMiWEFVX3lxTE5kYl8ydDJSMHl2eVJPV05DSWt3ejNmdFNxcUg2Rzhwb2JZcC1hOHprVnpoX1BCY2xJTHk3cWN2STNCdnBfbmNvdXZDbjN2dzN0eVlLbzRndWo?oc=5,Google Actualités — Mauritanie,fr
media_7861c1c7ca3691e9,2026-09-26,"Le #Tchad 🇹🇩 met en garde le #Soudan 🇸🇩. À la tribune de l’ONU, N’Djamena condamne de nouvelles frappes aériennes liées au conflit soudanais ayant touché son territoire et prévient qu’en cas de récidive, il se réserve le droit de prendre « toutes les mes - x.com",Tchad — lieu à confirmer,Tchad,Tchad,,,event,Signal réseau social,sécurité,À vérifier,Signal réseau social — recoupement requis,faible,non géolocalisé,"Le #Tchad 🇹🇩 met en garde le #Soudan 🇸🇩. À la tribune de l’ONU, N’Djamena condamne de nouvelles frappes aériennes liées au conflit soudanais ayant touché son territoire et prévient qu’en cas de récidive, il se réserve le droit de prendre « toutes les mes x.com",Tchadinfos,https://news.google.com/rss/articles/CBMiYEFVX3lxTE5ONFZFenU1UTV5bTEwZW9SMEpxQTdtSDF4bGNfME50M2xaTFJYdEMxZUZ6c2x6ZVpJU3pJNXI0NHBMbWNuMXRRX0EzT1FWRFBaa1ptS1gyM1dUd2lwbHYzUA?oc=5,X indexé — @tchadinfos,fr
media_b3b8bd9333fac577,2026-09-25,Éliminatoires CAN 2027 : le Bénin arrache le nul (1-1) face au Burkina Faso à Ouagadougou,Ouagadougou,Centre,Burkina Faso,12.366,-1.534,event,Signal médiatique,autre,À vérifier,Signal médiatique — vérification requise,faible,centre de localité approximatif,Éliminatoires CAN 2027 : le Bénin arrache le nul (1-1) face au Burkina Faso à Ouagadougou La Nouvelle Tribune,La Nouvelle Tribune,https://news.google.com/rss/articles/CBMixwFBVV95cUxQVXFVOU0xQTRKc1I4OTFNVFlhNzVuVFhSMFFKT3A2bVk2NFpWcEc2LXUtbEhlSTd3TTFVOGl5enhkMy1QVFB4N3ZNeWh4Xy1lV0dJem9OU21VVEdZREJndmpLQUc4UVNIalVoNFN2a3UyQWxNUVVWYjg5UnJuUFRrdlRtQ3E5OHBKUEUzYjJsX05BZXduUHVKQ3d6c3pqdE5hcGdQQ3ZoQUNMS1F6bG9walJMeVVCUzVrMVJkWktfWWtsbFFBY3RB?oc=5,Google Actualités — Burkina Faso,fr
media_2080ad932ee63576,2026-09-25,Sahel : le Burkina Faso déplore la « caution inavouée » de la communauté internationale face au terrorisme,Burkina Faso — lieu à confirmer,Burkina Faso,Burkina Faso,,,event,Signal médiatique,sécurité,À vérifier,Signal médiatique — vérification requise,faible,non géolocalisé,Sahel : le Burkina Faso déplore la « caution inavouée » de la communauté internationale face au terrorisme alwihdainfo.com,alwihdainfo.com,https://news.google.com/rss/articles/CBMiyAFBVV95cUxPai1tWW5lV3Y1WjJQMEoxQko4RG5uYmpWQVAxd05mNG1KQXUxZkw5aVZnakQwN0x6S2g0cFp5dUFmVm5uTkJwTGRIWk51dV9ldWFTS01FUnF3aTBnTklsYkV6eHpSS25vQ1dFazdfM1V1Q1g2bXpoOTlBVkpKSV9kVllxS3Y1Z2EzQTkxYjI1akRQeGxMMVJEa2hEUGpjVE4yQ19XQXN0QWNxNWo1cWM4c2pKNVZyYk5TRk1Pdmc2S0NXSzRLMEM4bQ?oc=5,Google Actualités — Burkina Faso,fr
media_c6b5339b0fa1843d,2026-09-25,"SOMELEC : MBH POWER retenue pour le Poste-Est de Nouakchott, pour plus de 13,56 millions de dollars",Nouakchott,Mauritanie,Mauritanie,18.086,-15.979,event,Signal médiatique,autre,À vérifier,Signal médiatique — vérification requise,faible,centre de localité approximatif,"SOMELEC : MBH POWER retenue pour le Poste-Est de Nouakchott, pour plus de 13,56 millions de dollars cridem.org",cridem.org,https://news.google.com/rss/articles/CBMiYEFVX3lxTE1nZFNIT3VhZVJXVGs2TVVXeW5GM1FuTGNxM1NBTUMtM09mWVA5bWdkUkxoZkdxWUdpWE5lWTBXSFFkUkdyaHQxQWk3TlhLclRHSmJWS2JpdEhjUkNDU0pzWg?oc=5,Google Actualités — Mauritanie,fr
media_05ae39e202db0af8,2026-09-25,"Route Dakhla-Nouakchott : forcing marocain, ambiguïté mauritanienne et financement émirati",Nouakchott,Mauritanie,Mauritanie,18.086,-15.979,event,Signal médiatique,autre,À vérifier,Signal médiatique — vérification requise,faible,centre de localité approximatif,"Route Dakhla-Nouakchott : forcing marocain, ambiguïté mauritanienne et financement émirati tsa-algerie.com",tsa-algerie.com,https://news.google.com/rss/articles/CBMitwFBVV95cUxNX1dPbTBQR0J4WVQ5TnU5TDV6NnN0NmlCQU5VWGxSejdGVkZsNkRRZkhaTVN0X2gyaG1kMnFkdUM2UEJRQ1ZoQzRkd3Naak5adkpjb2NqdUEtaGY2NU5qeThTMk4ybGhZeDUzeFB3WE1XWnZhTGZNUEN3cEc5SGlRby1SVE1obmlnd0pRVVlDN0VuVXdockhUa0dNTTg1YXhhZWM1NTY3N1UzZGlyOVB2bUtSWnVvbGs?oc=5,Google Actualités — Mauritanie,fr
media_aaf70ae3c72c3c5d,2026-09-25,Reportage au Burkina Faso : quand la violence jihadiste détruit la Grande Muraille verte,Burkina Faso — lieu à confirmer,Burkina Faso,Burkina Faso,,,event,Signal médiatique,sécurité,À vérifier,Signal médiatique — vérification requise,faible,non géolocalisé,Reportage au Burkina Faso : quand la violence jihadiste détruit la Grande Muraille verte Jeune Afrique,Jeune Afrique,https://news.google.com/rss/articles/CBMizAFBVV95cUxQQ25wbENhclNkZFFsOTU4NmJ4Vy1FMTd4Um9wV0FLRElKQ3dDeDFwd3hRM04xMjhYRkpodHgwc1RhcWtoR25PTHllRDdLTlJfb2swLXJWX185YktJTUVWMzdITlBJMVN4aE5NSWVUS0dFcTRucXNhS1JoRVRFOTlaRUE1UmtTQVRRY2hYZEhUakF5WWZGWFBHTDA4REJveFowQUk3bHdfQ2VRLWZ1aWRmalU5eFllT0NUZGZrS3ZvbDdxd2gxckpHalREeHU?oc=5,Google Actualités — Burkina Faso,fr
media_5b06a93542f00c28,2026-09-25,Ousmane Kane participe à Wikistage à Nouakchott,Nouakchott,Mauritanie,Mauritanie,18.086,-15.979,event,Signal médiatique,autre,À vérifier,Signal médiatique — vérification requise,faible,centre de localité approximatif,Ousmane Kane participe à Wikistage à Nouakchott cridem.org,cridem.org,https://news.google.com/rss/articles/CBMiWEFVX3lxTE0xUm1NVXhLUUlkNWdxZEtwT0ZwM2ZHNF9SRHZJT3VGVTVqQzVOVVEzZkNzY0pVekJwUmJZbU1CNndPN2VCR2RFR29iOWU3TUppRkFubmZMY1E?oc=5,Google Actualités — Mauritanie,fr
media_2f7b408179f07c53,2026-09-25,Niger : 57 morts dans deux attaques attribuées à l'État islamique,Niger — lieu à confirmer,Niger,Niger,,,event,Signal médiatique,sécurité,À vérifier,Signal médiatique — vérification requise,faible,non géolocalisé,Niger : 57 morts dans deux attaques attribuées à l'État islamique La Libre.be,La Libre.be,https://news.google.com/rss/articles/CBMi3wFBVV95cUxQV3cwTWRhek5TejNFNTQ5VkJsSENsT1hTMWVtTkhIZ1Zya1hsb0NyS1BKZEZCSHRTd0oyVjNubEdwbjdZRXFZM1k1SWhOdTdhb0NFamFJek9FWl9MNDdZV1lKUHh4MmtSMHQ0eVRiWkRiQl9KdzJTREFpZkZrMVEzTm15QVROVW9JQzJ1TGRBVVJJaFpKUlVDNVNKb1oxbTkzelpKRGZKeTBLZHNPM0MwMnhGT295ZGVtVDdmMlVVLXZtQ3JsZGllUnp2Z2pVYkcyOWJlOG9sYmt3dWFQcXM0?oc=5,Google Actualités — Niger,fr
media_132eaf038e6cfdff,2026-09-25,"Météo à Goula, Tillabéri heure par heure",Tillabéri,Tillabéri Region,Niger,14.207,1.454,event,Signal médiatique,autre,À vérifier,Signal médiatique — vérification requise,faible,centre de localité approximatif,"Météo à Goula, Tillabéri heure par heure SpaceRef",SpaceRef,https://news.google.com/rss/articles/CBMidEFVX3lxTE9QTWZvcmtFT2p6ZGEyYUd3ZWJBa2xVYWc1R0VyZkFYZ2traGk1ZFYwajQ4ZFpYTnhwZTdEbU1iUFpsTk1XWEhBZVpSVGxVbGJNbFRHODdaUXVJcWc3c3g3NlQxaHdqOUtvX0VoRksyc1gxQlFK?oc=5,Google Actualités — Niger,fr
media_a2d28f92059f2e18,2026-09-25,Mauritanie: des diplômés chômeurs en sit-in à Nouakchott,Nouakchott,Mauritanie,Mauritanie,18.086,-15.979,event,Signal médiatique,autre,À vérifier,Signal médiatique — vérification requise,faible,centre de localité approximatif,Mauritanie: des diplômés chômeurs en sit-in à Nouakchott cridem.org,cridem.org,https://news.google.com/rss/articles/CBMiWEFVX3lxTE1NTnJrQUV0NUticXB5ZFlrb1RLMkZXTFZBcGgtZzgxR0N6dHRqeGY0WE5jZ29BZmgyQ0pzNURyR2tnb082VFlPVmVaN1pSWnZGczZ4ZkVMbFU?oc=5,Google Actualités — Mauritanie,fr
media_fc77d670a2a35df3,2026-09-25,Mauritanie : les enseignants haussent le ton à Nouakchott à l’approche de la rentrée 2026-2027,Nouakchott,Mauritanie,Mauritanie,18.086,-15.979,event,Signal médiatique,autre,À vérifier,Signal médiatique — vérification requise,faible,centre de localité approximatif,Mauritanie : les enseignants haussent le ton à Nouakchott à l’approche de la rentrée 2026-2027 senalioune,senalioune,https://news.google.com/rss/articles/CBMitgFBVV95cUxQLXFUNGwtMzkzRVEzVGl5TE1hLWVhTXIzT2lMTTJwM2JZWkZVRjlSQVJUV01SbmVyQ3NXWk1WRUpPdFpDcHdDVWF1Y3A5eGJyYUdsaHZDZlk5MjByRnFDNFM5WEpFN0VzNmlBNHdJd2RHOHdHbkdEQlZiMmk0N21ueWFrenQ3V1I3RUFsZnRTbUM3TnJrdHZLMDJmckV1cmxzZ2FidFd0SURIeVoxUUpaYWhvQ2NlQQ?oc=5,Google Actualités — Mauritanie,fr
media_e55c8b2d06ecf5b6,2026-09-25,Mali : Les FAMa frappent un regroupement de 200 à 300 combattants terroristes,Mali — lieu à confirmer,Mali,Mali,,,event,Signal médiatique,autre,FAMa / État malien,Signal médiatique — vérification requise,faible,non géolocalisé,Mali : Les FAMa frappent un regroupement de 200 à 300 combattants terroristes Anadolu Ajansı,Anadolu Ajansı,https://news.google.com/rss/articles/CBMivgFBVV95cUxNOHJPT2ktZkttLXFadGtveXFkYjJjZ1NCdk9Ycl90YXVuQmtGM1lhNVhQWExrSWJVbE5wRllTLXdtRkZWdHVfX2VqeGQ2TC1OckZkWWJWRkFselRZUDBuR25JMFo4WnpQZzVoVVY0cHRBdEN1TnVXM05ROVlVT1VTemRCZUpXMFNpMUQ4REFWemRYb3l0Z2dmUmtvdlBNMEhUUXVsQTB2Y0c2MVpxbTBieXFmWU1DLXpfWVRuSERn?oc=5,Google Actualités — Mali,fr
media_34b9a8db8fb19e96,2026-09-25,"Ligue 3. Un retour et un forfait en attaque, Mahop encore absent… Le groupe du Vendée FC La Roche à Thionville",Burkina Faso — lieu à confirmer,Burkina Faso,Burkina Faso,,,event,Signal médiatique,sécurité,À vérifier,Signal médiatique — vérification requise,faible,non géolocalisé,"Ligue 3. Un retour et un forfait en attaque, Mahop encore absent… Le groupe du Vendée FC La Roche à Thionville Ouest-France",Ouest-France,https://news.google.com/rss/articles/CBMiqwJBVV95cUxQNHE4NmlQMFdRV01JZ2R6SlVFd1FZcGF6LU96ejltREEwbHFnNEp6U1YxaVpuaGttSTJfVU1oR2tUejhHbzBRYWpFLWN3SVo5a3dod25USUxVaFFnM1Y5Zm03Y0REZU1QTUtWcHpyMjVHdHFENXZLb2NoaWpYM3hON0U1eVZNZDhieUwwRlU1YWU0Y0V2ZW83ZGdXamZBQUF0QXhFUkk0Y3c0SzBQSm4yNXJZUl94bkpGbkw3ZllfNmgyNy1hZzQyR0ZRaG94cFNvaFRISFpuY1N2Vk90dGRiVGlqQkQ5ems3bFF4bGFpQWpQNnZfYXBUZ3lzdTRlc0kyZzAzeDJZanZwUUxRQ1NRbGJrOWFkTmMtUmV4Q0IzZ1ItdFBiSHN3b1lpcw?oc=5,Google Actualités — Burkina Faso,fr
media_e8402841a0698273,2026-09-25,GOON GA TAN : Du silence sur Kiev aux attaques de Dioura : quand le Mali devient le champ clos des guerres par procuration,Mali — lieu à confirmer,Mali,Mali,,,event,Signal médiatique,sécurité,À vérifier,Signal médiatique — vérification requise,faible,non géolocalisé,GOON GA TAN : Du silence sur Kiev aux attaques de Dioura : quand le Mali devient le champ clos des guerres par procuration maliweb,maliweb,https://news.google.com/rss/articles/CBMihwJBVV95cUxQSUZoaG5ZYUJhaXQtOVVWX3ZJQUdqQkFZNnJDQzhmWVNoZ2NHTGpoeV9JdWJBV2dyUVVxWmN6OVJpTC16ZVlvUXJZbVA2MDM5RzNSZ0tUSDZjOUhDZjdzVEg0Mnd4M0k5MXhyel9NMmNILVR2aEc3Y3VBNEJvN3JEV281WXlnaVpKdkNzdGtfX3dlV3JBR3BSSmdGcjhqbERqWEEyd0ZMN2xOUDZ5eDQwVVNPSUNhdWZZT2l4ZC1QdGVjdnpMcXNUZEVDelF6bHBqMXEtUElDdGpSWnFYSTQzbU01VXBTNWRnenRMLVlLT3RlQ3Q5R0xvZzNCRmNlNlp6X01sdmdMMA?oc=5,Google Actualités — Mali,fr
media_c0b4c15b5f7e7939,2026-09-25,EN DIRECT DE NOUAKCHOTT | C’est parti pour Fintech Mauritania Hackathon 2026 !,Nouakchott,Mauritanie,Mauritanie,18.086,-15.979,event,Signal médiatique,autre,À vérifier,Signal médiatique — vérification requise,faible,centre de localité approximatif,EN DIRECT DE NOUAKCHOTT | C’est parti pour Fintech Mauritania Hackathon 2026 ! Financial Afrik,Financial Afrik,https://news.google.com/rss/articles/CBMitwFBVV95cUxPc0FJT1R2ZWNpeUlmLWo2QXJ1cW5wNmRQeW9FN0FheHE3UkJIV3VPbTZBU3BQR0duWldsM1B0VUFrNEdFOUFFZmRJdzQ5Nk40c24wTElVSTJZOXpPSnNyZUpoSFExeWUwTkNZXzJGdVBDR2lQVUE3cjFsX1R3b2ZySE9FQ2FPczdpMkZWOVFzVVB0aEhielRLRU1YOVJLWkNXZDdjTmJmN0psNGVnem5GeFR1ZFZzbUE?oc=5,Google Actualités — Mauritanie,fr
media_a6bad1a793237e67,2026-09-25,AGL préqualifié pour la future zone énergie et gaz de Nouakchott,Nouakchott,Mauritanie,Mauritanie,18.086,-15.979,event,Signal médiatique,autre,À vérifier,Signal médiatique — vérification requise,faible,centre de localité approximatif,AGL préqualifié pour la future zone énergie et gaz de Nouakchott africabusinessplus.com,africabusinessplus.com,https://news.google.com/rss/articles/CBMirwFBVV95cUxQYm9iRWI2VWdyY05ZUWIwYzVWWDZzUVVGeHFSUmVZQU5yR2xkZTh4NWZWZ3VCeUh0WEY0T3M3YV9US01YeFNUQlhqUWpkcVYwREVLanktOFlqbk9tQkUtTUlPTk90a3NIcGpuQUJHU1lfZDJKX2JrV1Rxb0lNTDA5MUZSeW5OeFFmTldsdnhYZWQ4dEhhQlB1OHJuQVhQYmJUVFZCdzdUMnZxZnIwN2pr?oc=5,Google Actualités — Mauritanie,fr
media_0ebd41a1857ccce6,2026-09-24,Tillabéri : la jeunesse au cœur du dialogue pour la paix et le développement,Tillabéri,Tillabéri Region,Niger,14.207,1.454,event,Signal médiatique,autre,À vérifier,Signal médiatique — vérification requise,faible,centre de localité approximatif,Tillabéri : la jeunesse au cœur du dialogue pour la paix et le développement Journal du Niger,Journal du Niger,https://news.google.com/rss/articles/CBMihAFBVV95cUxNZnVOVW85SFBKQkZDTkJoUWNHbGhDdzVUajlCck55X3VWYmZiQnFJbmRKbHp1cDFhUnVwQTBMa1A2SzRGSVVJZkJ2LWxqWDZwckxmWmZUck9vYjRTbno4ck92Z1NQeXptaWtEU2FKV3ZhbE54N2lVUnpKcjJpZTBSVHVod1M?oc=5,Google Actualités — Niger,fr
media_0f0a0611e55547a2,2026-09-24,Niger : « plusieurs soldats » tués par des « mercenaires » dans le Tillabéri,Tillabéri,Tillabéri Region,Niger,14.207,1.454,event,Signal médiatique,sécurité,À vérifier,Signal médiatique — vérification requise,faible,centre de localité approximatif,Niger : « plusieurs soldats » tués par des « mercenaires » dans le Tillabéri Jeune Afrique,Jeune Afrique,https://news.google.com/rss/articles/CBMixAFBVV95cUxPXzdtSGlnVDN6VWxINnNMVkEtLWNwZnZQS2x2YUdPbE41Qkg4Z1V1ajRqNENselNpVGdtQXFkaFdpOGJtUGxYcXJTRVFiM3BrM2FCSlNrcldlY0Ezdmg4SGFyMFJraUNKckRKSjJTM2xhT18wc1ZyNFg5dGZtcTZRVjB5Szc5WWNwa3pGY1VHYkNkLXd0YnNSWjUwWXNlWHN0TXJ6U1lwbVhGeEUzUTFIdm85c0lxRmtTdC1CWG5rTEFFV2lE?oc=5,Google Actualités — Niger,fr
media_295688d01d6de017,2026-09-24,Niger : plusieurs soldats tués dans des affrontements près du Mali,Niger — lieu à confirmer,Niger,Niger,,,event,Signal médiatique,sécurité,À vérifier,Signal médiatique — vérification requise,faible,non géolocalisé,Niger : plusieurs soldats tués dans des affrontements près du Mali africaradio.com,africaradio.com,https://news.google.com/rss/articles/CBMirgFBVV95cUxNYTREdGJ2b1Rpa3ZnbEJkLWVQS0NBeHhaMFA0TVlZbU5DZHhYUjdsYndSZ0xwdmJPdjlLVm1HYWZKVzF3MHBEc3N3dTgySXpzMUp6bFQ0ZVI0SXVZcXQyYm5xS2NuaXBYOVhuX29RclBMSk10eDZJMVNLOXdUYUZlaWNOWFdoWnV5RUE1aTdOV3h1dlp5ZHFEMVJ6aGs1Uk1aNjRibDBiNTdyRGwwUWc?oc=5,Google Actualités — Niger,fr
media_56bb5040912c1bd2,2026-09-24,Niger : Niamey relance un important projet d’uranium avec l’australien Atomic Eagle,Niamey,Niamey,Niger,13.514,2.11,event,Signal médiatique,autre,À vérifier,Signal médiatique — vérification requise,faible,centre de localité approximatif,Niger : Niamey relance un important projet d’uranium avec l’australien Atomic Eagle Tchadinfos,Tchadinfos,https://news.google.com/rss/articles/CBMitAFBVV95cUxOY3BfY3k5OHBWeTRRUXJBdnRwQ2pDT3RoX24yeHJ0ZGRCU0I3enl1OGNKVnM2Z3ZJZW12S3RJcHlCamtpSnliMkZybGtkTGRxdDZ4RTEwaFNBT3ZBUFdwcU9FYTYzS1hCWEptb0ZLVHh2REdoUzRIY0JuZ2VkTnp4amdmcHpaMkxuQWN2b0VIWk1qZkxzcEFPX0d0d2NHUGJtMTdjZUNyNVVWTXp1ZDBnZnlKenE?oc=5,Google Actualités — Niger,fr
media_278ee7bcf891b877,2026-09-24,Niger : Des militaires tués lors d’un accrochage avec des combattants armés à Tillabéri,Tillabéri,Tillabéri Region,Niger,14.207,1.454,event,Signal médiatique,autre,À vérifier,Signal médiatique — vérification requise,faible,centre de localité approximatif,Niger : Des militaires tués lors d’un accrochage avec des combattants armés à Tillabéri Sahel Intelligence,Sahel Intelligence,https://news.google.com/rss/articles/CBMixAFBVV95cUxOV3dqNk01VUhrNDRqbjh1U2w5SEQxMzZPRUF6UXdULXdFNU10MmMtVTVJTGJuaVlGNTZEOWJwNmpFaWxaNDByWExiUmpUcUNmdWdWOEVuaUkwWXViSjlBZnlMaFBxblR1dDZGSmxRNHJqNDR2T3NxODdGMTRfVjVXM0xiQ3NteUJfUERheURfVnJhS1JvR2hteTR5UHR3VGcwY05DaGQxa1RoOWZiUU42djJVbG5YaFNLelZBQVN0RFFnM2tT?oc=5,Google Actualités — Niger,fr
media_21effb09cddf4526,2026-09-24,NIGER : Sɔrasi caman bɔnɛna u nin na binkanniwale dɔ senfɛ Tillabéri mara la,Tillabéri,Tillabéri Region,Niger,14.207,1.454,event,Signal médiatique,autre,À vérifier,Signal médiatique — vérification requise,faible,centre de localité approximatif,NIGER : Sɔrasi caman bɔnɛna u nin na binkanniwale dɔ senfɛ Tillabéri mara la RFI,RFI,https://news.google.com/rss/articles/CBMi3gFBVV95cUxOcGxwNUlxR1lVVGl3ZF80Q1BEMjJyMmNCMDM0Ylhvc05WaVVNWTZJYllQTDNYWUxsYjFlZnFfekNKWl9qTmVXQTNKUXhwMFNrSWR4RTdYVW1xQkFQLVpvbWd6eWJPTWNuQ3hweDlaTXRxQ2xCdG05YVU4bjFwalI2NmdCRzV5TFZqM2NKNVVXVTNsanZrTno3OXZNM2FUSFFpUmRzVXg5ZTlzNzVKZEpDZ0EwaXB3QThyd0tFTGloWlZydXl2YUdFQmdtRWhTZloxbUUwVlktQkQwT2p4aFE?oc=5,Google Actualités — Niger,fr
media_2e7768d254b45d5d,2026-09-24,"Météo à Magaria, Tillabéri heure par heure",Tillabéri,Tillabéri Region,Niger,14.207,1.454,event,Signal médiatique,autre,À vérifier,Signal médiatique — vérification requise,faible,centre de localité approximatif,"Météo à Magaria, Tillabéri heure par heure SpaceRef",SpaceRef,https://news.google.com/rss/articles/CBMid0FVX3lxTE4xNEJmQXM3NVFGNTVjOXF2SnpCUC1pa2xjcGpubTIzZWc5cUFPZk1CeXZWak1XQVJpMU5kWDRJSW5qTWd1UEllSUV2V21CalRxdGItQWdFbi1DcEJVYTJlR1F3SDdzWWpvWW40M1l1R1JqN3NBOWNZ?oc=5,Google Actualités — Niger,fr
media_44d1a082a03a32c7,2026-09-24,Mauritanie: les banques centrales des États francophones en conclave à Nouakchott,Nouakchott,Mauritanie,Mauritanie,18.086,-15.979,event,Signal médiatique,autre,À vérifier,Signal médiatique — vérification requise,faible,centre de localité approximatif,Mauritanie: les banques centrales des États francophones en conclave à Nouakchott Le360 Afrique,Le360 Afrique,https://news.google.com/rss/articles/CBMi8gFBVV95cUxQLV9RZVZPZGFNNGlHbGhLbVVEWC1vTGMxdEZSZmQ1a09oWHZlYmdWS24tZmpfOGwzX1o5U0V0SlRkWFVUSHV6Y0RTR2ltTDF4amtxaUVIbW5wN3ZHb1gxUFNKcUhoV2RHaElfQ2dud0pwQlAwczZtaTdTNkN6blBJQy1lbUY4QnpRREMydWFVeW1XTFlUbGZuSW9ZLUk3SkFMQXdVR01CdXozR21VWUFCeWREMnJ0ME43blBYUFJXcTlUSU10TGIzTFFTWktiQkRIZHlWMDluUFJuRDBtSjl3RHFITHdPMkx5NGVvMWJWVXVjdw?oc=5,Google Actualités — Mauritanie,fr
media_7e84c3df2dfbc913,2026-09-24,Le Niger confirme la mort de nombreux soldats dans des affrontements avec des présumés terroristes à Tillabéri,Tillabéri,Tillabéri Region,Niger,14.207,1.454,event,Signal médiatique,sécurité,À vérifier,Signal médiatique — vérification requise,faible,centre de localité approximatif,Le Niger confirme la mort de nombreux soldats dans des affrontements avec des présumés terroristes à Tillabéri Demócrata,Demócrata,https://news.google.com/rss/articles/CBMi6AFBVV95cUxOY1o3S21hTllHRlcyYkx1bGxMUy1vaS1rYmg2cDhQWUdRNXIzamU1Z0N1b241OHFqeTJpTlBMcnpQSkRwQmNkMUlPU1h6a1g4SVM3NTBTekRuV1g0VmVfTmJfd1I2OWRtRlBoei1aQUZiMUFhTVJiWHBRanFEVEZKQjZYUnFpY09XTFRWUzZVbXBtMk9sY1pSaHV4eER0ckFiYlFiaVlNbmVqOERjb3R5RHpqUkNpcGZuLVRVMW1iWDR5X29tMFBoZ21hU3dVcWZoRVJmRWZBdDdXT1BnR2tVT2U2aGlQVkFT0gHuAUFVX3lxTE5BdWRxQm1mUXl4TjNyaEVIcHpOcE9DVFJyNWQ3MWlyVjhJVjR4d0U4MVRjQjg4d3NOalhTVlJCdTZyOWZ5dV9fVlVCVVBMWUlTcTdqbjQ3Q3Y2WGlKTDZkQ1ZVLXc3Y3pWWGR3eHNDRG1aQ0FVZjJZUEU0dVV6QTJudV9vRnhLNVVTaVFIVG1QZWxXdllacEhPd1BaRFJHdXhXanh2QkFoVjR5aGlSaVlMYmVrWS1laFl1eFZoM2JRRFIxZVhEVEF6OEJYNllWLTFrRmFXRm5fVU1mNnBZak9oX1dsUkxnMDNRMWlmWWc?oc=5,Google Actualités — Niger,fr
media_f2ae069d2177feb1,2026-09-24,"La ""menace"" d'une attaque rwandaise contre le Burundi ""existe encore"", dit le président burundais",Burkina Faso — lieu à confirmer,Burkina Faso,Burkina Faso,,,event,Signal médiatique,sécurité,À vérifier,Signal médiatique — vérification requise,faible,non géolocalisé,"La ""menace"" d'une attaque rwandaise contre le Burundi ""existe encore"", dit le président burundais CANAL+",CANAL+,https://news.google.com/rss/articles/CBMi-AFBVV95cUxPVGRGa1c4M1dUTUlkTWJscUlDSUFUUjl1VDdQNmZUd0hCX3hRR1c4cnk1MVlVRkNtR2wyLVBTTXZzblNwS05KcnBZN05mMUU0N25EbU56RmRnOE5NSXB5aWpudWN3YjBZY1JzeDNOVUNkYWltS0NEUVRpQ2VMQXhFRXphMzZqdlJtY3B3M0U0b2Fva2pvZ1BHSDU4U2RmYmpxNlZoM05HNHF3eTZ1SGpkX1pPdUd2U2pMcDdueFR0azJKSl91UUducVBvYmYxQ0FzUmdnSjlaM2w2M0NnNXprYlpRU1RlVVNIV3VrcTVGa2ZHLXduMlg2aA?oc=5,Google Actualités — Burkina Faso,fr
media_3225146bdddae04e,2026-09-24,Konunkooɓe heewɓe mbaraama to diiwal Tillabéri to keerol Niger-Mali,Tillabéri,Tillabéri Region,Niger,14.207,1.454,event,Signal médiatique,autre,À vérifier,Signal médiatique — vérification requise,faible,centre de localité approximatif,Konunkooɓe heewɓe mbaraama to diiwal Tillabéri to keerol Niger-Mali RFI,RFI,https://news.google.com/rss/articles/CBMiuwFBVV95cUxOZHFnUUVEN1V0TjktMjN1NlBrbHB0T0pzN0tPTWU5MEpxX1JsN2hJOVpOOTJPT093RGMwV3dOUWhKUDBla0tnaHZOQnNIUU1IcW5xMjlOZzAtSTFTWG92QkxGcWxYb3d5WW5Sc29uS2J2TGQzZm9KQVQ2YXJkZjIxMGVaVW9uUjZSTXc5d0R5WHRzSWVyN19NSTNlcmo4RHFlcTRFN3V6VGFsa0R2X1Nub0hXRFpfWE12U3lr?oc=5,Google Actualités — Niger,fr
media_8c4e859ad44e395a,2026-09-24,Elim CAN U 23: les Mourabitounes entament leur regroupement à Nouakchott,Nouakchott,Mauritanie,Mauritanie,18.086,-15.979,event,Signal médiatique,autre,À vérifier,Signal médiatique — vérification requise,faible,centre de localité approximatif,Elim CAN U 23: les Mourabitounes entament leur regroupement à Nouakchott cridem.org,cridem.org,https://news.google.com/rss/articles/CBMiW0FVX3lxTE9tcXMzUHJOMVpKOC1HRlctZ0RTLXN1NEM4dXVFZlZjdjctM3I4aHEtZmxGTjNudWxoMnhNTEtkNFJaMEVreHF5U0tvRzdyOEozWHFZTmRMWE9NVGc?oc=5,Google Actualités — Mauritanie,fr
media_f2e8c43fa4e90a6f,2026-09-24,Diffa : la Banque mondiale satisfaite de l’état d’avancement des réalisations du PROLAC-Niger à Goudoumaria,Goudoumaria,Diffa,Niger,13.711,11.188,event,Signal médiatique,autre,À vérifier,Signal médiatique — vérification requise,faible,centre de localité approximatif,Diffa : la Banque mondiale satisfaite de l’état d’avancement des réalisations du PROLAC-Niger à Goudoumaria Agence Nigérienne de Presse,Agence Nigérienne de Presse,https://news.google.com/rss/articles/CBMiuwFBVV95cUxQOXRObXh2akptcjVoU2RWSlRvSzlnZGhNbE9UV0JyMmM2WlFmbUFDdTdQRWhfUWhFTWNlUk9POXN2b0p5Q1Q4QngxR3RiTHA1LTZSNEpXTjRTdXVXVkVhYkJDeXg4eXhWSGp1SF82U3N0Y2l1Wl85V0NoYloxcXRhVmp3Vlk1bldpaXA3cXlMX1NOOFQwbzM5aXEyaHc3VzhCVEZZN28tVk5SRk16ZjlMekdVWk9DMExLSzhR?oc=5,Google Actualités — Niger,fr
media_68bd438bcda1585c,2026-09-23,"Vue de Nouakchott, capitale de la Mauritanie",Nouakchott,Mauritanie,Mauritanie,18.086,-15.979,event,Signal médiatique,autre,À vérifier,Signal médiatique — vérification requise,faible,centre de localité approximatif,"Vue de Nouakchott, capitale de la Mauritanie 新华网",新华网,https://news.google.com/rss/articles/CBMie0FVX3lxTE8yWTRzWDJYdVdJcE9zdlBnaTlGR2tURFlMSl9JNll6bkd0VHpGQ2lIZDJXZFFoaGhTWlZsYnBTMjZMbXZHVHM5UHBRNGthaGJURU55UFNZUFNGWGY2RmtndWxjZGdVTm8zUzFxOWFNejdxek02YTFMbEh0Zw?oc=5,Google Actualités — Mauritanie,fr
media_6e3cffa69d361465,2026-09-23,Projets énergétiques à Niamey : Tiani reçoit le ministre algérien,Niamey,Niamey,Niger,13.514,2.11,event,Signal médiatique,autre,À vérifier,Signal médiatique — vérification requise,faible,centre de localité approximatif,Projets énergétiques à Niamey : Tiani reçoit le ministre algérien Journal du Niger,Journal du Niger,https://news.google.com/rss/articles/CBMikwFBVV95cUxQWl83cU9CdHZ5WHd1OHZLZ1BiOGo0NzdEdWtXV253bEZLYVhUMXZlclR0ZTBaSTNuM1MtZWg0NzVsWEd5dlZlUmNxNXgtMmwyRTRkYm1tcERKNkdWc0pNZGs0UDQ3eVBfWm8ySXFyVHpESzlndmg0UWk0bDBoUnhDeGdENGhadnpITkZLS0w2NVV2TEE?oc=5,Google Actualités — Niger,fr
media_b07e63660f500aaa,2026-09-23,Production d’hydrocarbures en Afrique: Cela redémarre à fond entre Niamey et Alger,Niamey,Niamey,Niger,13.514,2.11,event,Signal médiatique,autre,À vérifier,Signal médiatique — vérification requise,faible,centre de localité approximatif,Production d’hydrocarbures en Afrique: Cela redémarre à fond entre Niamey et Alger Afriquinfos,Afriquinfos,https://news.google.com/rss/articles/CBMiqAFBVV95cUxNdFItemQ5YXh0ZW04OEtZNkhJbzltYmgzUzd1UFJkUG9GclF3cTZ2eEZjTFpndUVwX3BQV3QxWWZlRXJDZl9qMEJBQmpKOU5HU3lBVGtManc3cDkzMU9JSUpyRkQwQlBWQ0kzbmR1TTBSY3VXa05MQlhwRmRXUjZsbWJ1c0JySHFWcVktOWNRR1E0NHNJN3czS0Fac0g0TWJPRTRkQ3BBRzM?oc=5,Google Actualités — Niger,fr
media_418ecf78a755149f,2026-09-23,"Niger : Zone aéroportuaire de Niamey , les familles déplacées reçoivent leurs nouvelles maisons",Niamey,Niamey,Niger,13.514,2.11,event,Signal médiatique,autre,À vérifier,Signal médiatique — vérification requise,faible,centre de localité approximatif,"Niger : Zone aéroportuaire de Niamey , les familles déplacées reçoivent leurs nouvelles maisons koaci.com",koaci.com,https://news.google.com/rss/articles/CBMi_wFBVV95cUxQM2ExMVA3WFVranA4bFR4YTNZSjh3RkVFSlBQZ0NjLUU0cldUR0luY09zMTZ6M3YzWHlDWExtdnlGQzVydmpwTzR5STRXWFVGWkxfY25aYXBhYnZGaVZya2lHbTJjWDlHMGd0dFRZT2d1N1lsNEtnSXRWU3dtS1UzZFdtclotQ3hpQXJBMDVhUkU0QmNKemlkWVI5RVY0WXpKU1BOWEtoUzJFVUFncTN0azliOHVJYTlyRk1jV3pneEJqSTNmRW91S2RqbE93UF82M1NLSkEzWi0xc1E4dnhsQlRhX283ZkpSMUI0YlFiU0Mzbk1aN3V4M3Z2SmJrVFU?oc=5,Google Actualités — Niger,fr
media_12aa98c276003abf,2026-09-23,NIGER: lafasalikɛla Abourahamane Lirwana bilara Niamey kaso la kunu k'a ye kunnafoni kolonw carin,Niamey,Niamey,Niger,13.514,2.11,event,Signal médiatique,autre,À vérifier,Signal médiatique — vérification requise,faible,centre de localité approximatif,NIGER: lafasalikɛla Abourahamane Lirwana bilara Niamey kaso la kunu k'a ye kunnafoni kolonw carin RFI,RFI,https://news.google.com/rss/articles/CBMi2gFBVV95cUxOdEJPRXJZTXZoSzVMRkZFTGNWQ2x1aGpOUVltTllJdTJPMzR3YlBVMUpvM3FwZ0Z3ZVUydVVSSWNaQ1Y0a3cxbHVDOVZic1pwNVZ0UmNNbmJoamhGQjh6Q20zRVZfX19BMnVGWFFMMWlZbk1wdndnYkNXWklBdkU5R1RURnJBNzRUZjVvTDRPZVFPeWlPbThSMi00WF9SWnlsS3hyV2RLV21EQXNpTzROdzNNVWlMc1JIOTM2QlJyM1l3dUpSNHlaRHN0Y3REcHdoQktXWHkxaExXUQ?oc=5,Google Actualités — Niger,fr
media_43fe3e56d6e711c5,2026-09-23,"Météo à Kanya, Tillabéri heure par heure",Tillabéri,Tillabéri Region,Niger,14.207,1.454,event,Signal médiatique,autre,À vérifier,Signal médiatique — vérification requise,faible,centre de localité approximatif,"Météo à Kanya, Tillabéri heure par heure SpaceRef",SpaceRef,https://news.google.com/rss/articles/CBMickFVX3lxTE13ZlFVTWdfeVQ5dlpudHM3UF9QUngwdlBMdFFYWXRraVpPZDVTeXZnS1NHMnJGTEwyRS1URHRvVmo2c2R2a2VOekJKaEhubV9MM3ZBajBvTS1QR1UtM0VwQkEyT2JOMlMyWmxYVHhHUUY2Zw?oc=5,Google Actualités — Niger,fr
media_6a92cdb909d9110c,2026-09-23,Mauritanie : La Région de Nouakchott obtient 450 000 dollars du Global Cities Fund,Nouakchott,Mauritanie,Mauritanie,18.086,-15.979,event,Signal médiatique,autre,À vérifier,Signal médiatique — vérification requise,faible,centre de localité approximatif,Mauritanie : La Région de Nouakchott obtient 450 000 dollars du Global Cities Fund cridem.org,cridem.org,https://news.google.com/rss/articles/CBMiYEFVX3lxTE5yeklCdENPRWZVbHZManFyZFRnQmk5UkVoU1ZNaTJNZnFOUGk3eml5TUxUYnFDalJtRjliVUYyTDNqMVhiZDFwa3hYX1dYZDM5ZHRWWERXWTRnZEgtMF9sLQ?oc=5,Google Actualités — Mauritanie,fr
media_c46ce7c24921e4c2,2026-09-23,Mali – États-Unis : pourquoi le soutien de l’Ukraine au FLA contrarie l’administration Trump,Mali — lieu à confirmer,Mali,Mali,,,event,Signal médiatique,autre,FLA / Azawad,Signal médiatique — vérification requise,faible,non géolocalisé,Mali – États-Unis : pourquoi le soutien de l’Ukraine au FLA contrarie l’administration Trump Jeune Afrique,Jeune Afrique,https://news.google.com/rss/articles/CBMizwFBVV95cUxOU3doMXVKeEpnUGV5U284UXh5TmZ6X0plVG1yTDRnNU9fdkFXRTJMUm0wRWx6TU8xWkVMTDZIeXhRckZFLWt0ejJpdnFVQVNvWl85T2w5UkhDLThFc2EwWVQ3UUFxVm9nZXBNVnRsQUtLaV95OWh3SGMyVDJreE4zTUxtZ2NYWmh2OUlERlRfTFoxTGljMmFyeWlBX0lEeXRsdkdvMnVVMUl4M194bktnSE5xR1h5cS1ybmZIeEljRDIydlBzVllWWERhZDdRUVk?oc=5,Google Actualités — Mali,fr
media_aa2d2c2dc173272d,2026-09-23,El Guerguerat-Nouakchott: un accord consolide le corridor routier,Nouakchott,Mauritanie,Mauritanie,18.086,-15.979,event,Signal médiatique,autre,À vérifier,Signal médiatique — vérification requise,faible,centre de localité approximatif,El Guerguerat-Nouakchott: un accord consolide le corridor routier APAnews - Agence de Presse Africaine,APAnews - Agence de Presse Africaine,https://news.google.com/rss/articles/CBMimgFBVV95cUxOa0JENkgxR3dadWV0US05NUl6aWszSFhvMlhDV1UtMnN1YzEzYmdxVkRJZ0I4WjFYSFl6NmlLVkxsNnZva0xEWlBybWJIRXdKd1FZMFFpa3ZHcXN5ZVNLWkxBckMwX3o4R2xuQno4b2c4V3RlbjdkbF9UYVZQTk9HdFN6NmdvVWZUMElKWHhMdWlBbk5jWHd6N0dn?oc=5,Google Actualités — Mauritanie,fr
media_454952c82a216e76,2026-09-23,"Au parking, ils prenaient 100 francs pour la moto et 100 francs pour le casque La Brigade Laabal s'attaque aux vendeurs spéculateurs de casques de motos et aux parkeurs indélicats - x.com",Burkina Faso — lieu à confirmer,Burkina Faso,Burkina Faso,,,event,Signal réseau social,sécurité,À vérifier,Signal réseau social — recoupement requis,faible,non géolocalisé,"Au parking, ils prenaient 100 francs pour la moto et 100 francs pour le casque La Brigade Laabal s'attaque aux vendeurs spéculateurs de casques de motos et aux parkeurs indélicats x.com",Burkina 24,https://news.google.com/rss/articles/CBMiX0FVX3lxTE92SDBzd2dBY0VZZE4zSVlHZzRxSUVlZjJVaEdpT0FYeURoMERZOVM1MkxMMGFCVmRXaEFxRkV1MmVsTWVoYTNldV9uWFFlWEtXX2gxblpOVWpIdmhBU0t3?oc=5,X indexé — @burkina24,fr
media_b3b7c354a2619b0f,2026-09-23,"Après les cars, le gaz : à Niamey, un ministre multiplie les mises en garde sur la sécurité des transports",Niamey,Niamey,Niger,13.514,2.11,event,Signal médiatique,sécurité,À vérifier,Signal médiatique — vérification requise,faible,centre de localité approximatif,"Après les cars, le gaz : à Niamey, un ministre multiplie les mises en garde sur la sécurité des transports Journal du Niger",Journal du Niger,https://news.google.com/rss/articles/CBMilwFBVV95cUxOUjc0djdJWkR2cXNBeERET2RMaWRiRFgxeG56OE9zTjZyazAwVzhFX3VmQ3VEQ0N1T1Q0eHFEZkJ3Mk9zWThPZzI3YW5JcGVFUmltOGtYRFJZbDU2dmFNYk8xNjNkTkFfUE1BcjdURDRnOTJSUndlc2pnb3VqSkl5UFVGOER5Z0NMdEVHaXRYRFE5TEQxVjFN?oc=5,Google Actualités — Niger,fr
media_12b4b231340ca833,2026-09-23,Algérie-Niger : le Gazoduc Transsaharien au cœur des discussions à Niamey,Niamey,Niamey,Niger,13.514,2.11,event,Signal médiatique,autre,À vérifier,Signal médiatique — vérification requise,faible,centre de localité approximatif,Algérie-Niger : le Gazoduc Transsaharien au cœur des discussions à Niamey Afrik,Afrik,https://news.google.com/rss/articles/CBMimgFBVV95cUxOOUY5a2IzUEF0QWlCOG0tTVgxYmV4Q3B5OTVySE9uRXFWcldZSlJkSnhUTWtYeGhLT2RLSTJrUHJlNWdOY1hHMW5BdW1Gcm5Cd2MyTjRlOHlpa1VYdkJyWmNJaC12dk5IRjNfOHFocDBVVmpYRFpUUW1INmV5MEd3SnFvZEpWSWQ4aU9EWFFMbVpLSXdJSkVvT3JB?oc=5,Google Actualités — Niger,fr
media_15910f035ce7a033,2026-09-22,"À Niamey, la CEA lance un appui technique pour la réforme fiscale du Niger",Niamey,Niamey,Niger,13.514,2.11,event,Signal médiatique,autre,À vérifier,Signal médiatique — vérification requise,faible,centre de localité approximatif,"À Niamey, la CEA lance un appui technique pour la réforme fiscale du Niger capmad.com",capmad.com,https://news.google.com/rss/articles/CBMipwFBVV95cUxPY1ozWThOSlFLN2FMdkFEX3RueC1XTkphRFpUYWpTZVEwUW8zWnpzaTFkVnkyQ1VOdmJ1ZjJQUVBoUVd0TU9pS1lyTm1yeGViRjRTQ2ktUkZKYWprc1Z0N1VtblFRaVl3XzhqeExiSVF0c1NScW9uZU9VU1hYR1NKakJzM1RGWC1JRFAwa3dwUkgwNk1WVGJ4TF9FbTNYRWg4UFZJV0R5WQ?oc=5,Google Actualités — Niger,fr
media_82b8efd164f87131,2026-09-22,"À Macina et Bamako, des déplacés demandent davantage d’assistance.",Bamako,Bamako,Mali,12.609,-7.975,event,Signal médiatique,sécurité,À vérifier,Signal médiatique — vérification requise,moyenne,centre de localité approximatif,"À Macina, dans la région de Ségou, des personnes déplacées du village de Souleye, ayant fui une attaque survenue début septembre, demandent davantage d’assistance. Arrivées avec très peu de biens, certaines disent avoir perdu leurs pièces d’identité dans leur fuite. Aux périphéries de Bamako, d’autres déplacés font également face à des difficultés…",Studio Tamani,https://www.studiotamani.org/208049-a-macina-et-bamako-des-deplaces-demandent-davantage-dassistance,Studio Tamani,fr
media_0c2df8cbd154da49,2026-09-22,Tillabéri/Mobilisation générale : La commune rurale de Youri prie pour implorer la paix au Niger,Youri Kourtéré,Tillabéri Region,Niger,13.334,2.248,event,Signal médiatique,autre,À vérifier,Signal médiatique — vérification requise,faible,centre de localité approximatif,Tillabéri/Mobilisation générale : La commune rurale de Youri prie pour implorer la paix au Niger Le Sahel.org,Le Sahel.org,https://news.google.com/rss/articles/CBMiuwFBVV95cUxPTkk3blFzWXlvaG9PaTIwR3IwTm5MaXpHUGhPUjhaN1NrX3NIeGNiU0N4eXk5VG9BUnVULTRYMi1FQnAtNnpxazI3Tlp6em8yRkcyU25nZ2ZlUnZPblFib21YbmFHS3Z2MVF3NmNmOVVpTVRWeUZmbWNJS2pIQmFXR2loV3VHd0ZrRjQtMk9ncU1yTE9kcktaTjlLTjlFeE1jMlRqa1RJY3RxUUpxZGlrQnFvaXM4N2VBTWtn?oc=5,Google Actualités — Niger,fr
media_d91f7ca55e4fed56,2026-09-22,"Réalisations de l'ADCT dans le Yaadga : À Titao comme à Pilimpikou, des infrastructures pensées au rythme des besoins locaux",Titao,Nord,Burkina Faso,13.767,-2.067,event,Signal médiatique,sécurité,À vérifier,Signal médiatique — vérification requise,moyenne,centre de localité approximatif,"Dans la région du Yaadga, les investissements de l'Agence nationale d'appui au développement des collectivités territoriales (ADCT) prennent des formes différentes selon les besoins des communes. À Titao, un Centre de santé et de promotion sociale (CSPS) complet a été réalisé dans un contexte marqué par le blocus de la commune, avant d'être équipé…",LeFaso.net,https://lefaso.net/spip.php?article149419=,LeFaso.net,fr
media_89558221c94efd84,2026-09-22,Poste de Guiré : Les FAMa repoussent vigoureusement une attaque terroriste,Mali — lieu à confirmer,Mali,Mali,,,event,Signal médiatique,sécurité,FAMa / État malien,Signal médiatique — vérification requise,faible,non géolocalisé,Poste de Guiré : Les FAMa repoussent vigoureusement une attaque terroriste maliweb,maliweb,https://news.google.com/rss/articles/CBMitgFBVV95cUxNQmYtWkN6MmtvbDFjWjZhbzhkbDU5aWFvY1NOd2VDbWtMN1FaRUtrbjdhZm9MNE9jUzllTlNNN1ZLU0VPNGFRUlZfNGVBdTc2dDM3a19FemlRTFVEck50RmFzVlpHQWl6TjRKMVlqWXNfejZ2b3lZMzctS01NNnNISnFpNFF4X1UwZGtBblFycHhreExFUnNNd1cyVGl3emN1b202N0dpaDhYeVhJZmZKSHRTWktuUQ?oc=5,Google Actualités — Mali,fr
media_0d2b0556b635df0d,2026-09-22,Niger – Algérie : Le ministre Mohamed Arkab à Niamey pour accélérer le Gazoduc Transsaharien et les projets Sonatrach,Niamey,Niamey,Niger,13.514,2.11,event,Signal médiatique,autre,À vérifier,Signal médiatique — vérification requise,faible,centre de localité approximatif,Niger – Algérie : Le ministre Mohamed Arkab à Niamey pour accélérer le Gazoduc Transsaharien et les projets Sonatrach 24heureinfo.com,24heureinfo.com,https://news.google.com/rss/articles/CBMi3wFBVV95cUxQTVpXUWkzWGV5bVBuc00wR1BFNk9IRWsxVWQxa0tldEJIbEoxUjZlbm5RdzNfeWN3TC1IV05BRThlUzF0VVl5QmZIV2FoX0NYX2hEUFpITDhrTmoxMU9Dd04zOHNhRHJyMmh0MjZLblhNMGswVkhwZ2lQXzNLUGJWSUdFNFg5NVhieTIxd180MW9iTGZyRmNnQ3pia19ILVNOazBpcTZEenlPT2dLMDlYR3hUQ1ZLR3MzTDhkZU5TLTA1OWxJTnFJZW1GcnoxWFpmYjZySll4TS1kTWFNbzk0?oc=5,Google Actualités — Niger,fr
media_ecb173248b19cb5b,2026-09-22,Niger Mise à jour sur la sécurité alimentaire Août 2026 - Janvier 2027 : Les inondations aggravent les impacts du conflit sur la sécurité alimentaire,Niger — lieu à confirmer,Niger,Niger,,,event,Signal médiatique,sécurité,À vérifier,Signal médiatique — vérification requise,faible,non géolocalisé,Niger Mise à jour sur la sécurité alimentaire Août 2026 - Janvier 2027 : Les inondations aggravent les impacts du conflit sur la sécurité alimentaire ReliefWeb,ReliefWeb,https://news.google.com/rss/articles/CBMiigJBVV95cUxOTnVzM1pxdThmcG9QdUVXRkliVEtwRjYxSlRRSFQ0Rl8wSVJ1VU56b1ZNTF92SEZFVWJ4dVVLcWY0aUhzYmxxMmtQcklfODloM3Z5ZTNuUzh3QnFidENTNFJOV3FhVzVTeWxwc2FfU2JDOGgxV1FHRXhqSW1BRGJnWXVVREpIcHFXa1dGVXpNMTlDX2NuXzFpdzNyVERicTJ2VGtja3NVOTVpbDFTVEZodnRMSmRiSXlCbzRJUUpCcnRJbUVnSTJKc0RBaXQ4MUhjOTdocXRRT1RYSjdCRDZCOHlNUVV2VDZ5MzZPanJmbERaVmE3RGk0Ql8xSnd3NlZWOXpIX3lfZjlzQQ?oc=5,Google Actualités — Niger,fr
media_f24531f2c4d2fc9d,2026-09-22,Niger - Algérie : le ministre algérien Mohamed Arkab à Niamey pour renforcer la coopération énergétique,Niamey,Niamey,Niger,13.514,2.11,event,Signal médiatique,autre,À vérifier,Signal médiatique — vérification requise,faible,centre de localité approximatif,Niger - Algérie : le ministre algérien Mohamed Arkab à Niamey pour renforcer la coopération énergétique Nigerdiaspora,Nigerdiaspora,https://news.google.com/rss/articles/CBMi0gFBVV95cUxNYTNZc01vYjdRM1laQ01najV4T3FqcUI0QzZZbUdjM0VFUFJlQ0hjTHRMbk1hemR0OHFyV1A1WkwzbE1jOEhHUUhUc1k1SmRXY0s3c21FempGbkJub2N4R2xnQ3I4Z21FY01fWm1OdkJramdUZWFNbmVYYzVhdXlTcjlPYmtxenZobVFqcGdBdDY2eEEwS05XSUliVmRUd2E2ekpKanNKRkFkSmpWYnE2ZC1yVGszRE5uSlk0X0lMc2wtSGRMbmVpWXZ5RkpRNlczR3c?oc=5,Google Actualités — Niger,fr
media_0fc7e213c00e2fdf,2026-09-22,Niamey et Alger renforcent la coopération dans les hydrocarbures,Niamey,Niamey,Niger,13.514,2.11,event,Signal médiatique,autre,À vérifier,Signal médiatique — vérification requise,faible,centre de localité approximatif,Niamey et Alger renforcent la coopération dans les hydrocarbures APAnews - Agence de Presse Africaine,APAnews - Agence de Presse Africaine,https://news.google.com/rss/articles/CBMimwFBVV95cUxPWXdxWnhhakpnUkxBY1hsY2J0bmpBV29pVHVBVVY2X1Zjd2Y4TXlUVjVQRVZIWEVQQkdQNVZNb2JyTU1zNlJrOURZVjZFenB4akhjYzY1a1A2LXhkdWd2dEdYdndiSTJBOTdUd2ZYZ0xybW1pZmdNaWt1WlljOXZOajl1V2NyX0VmdW5jOTZmM1dqMENaQWVkNWhPaw?oc=5,Google Actualités — Niger,fr
media_6b13f93902b48a29,2026-09-22,"Météo à Zoumbouloumaram, Diffa heure par heure",Diffa,Diffa,Niger,13.315,12.611,event,Signal médiatique,autre,À vérifier,Signal médiatique — vérification requise,faible,centre de localité approximatif,"Météo à Zoumbouloumaram, Diffa heure par heure SpaceRef",SpaceRef,https://news.google.com/rss/articles/CBMiYkFVX3lxTE15RmFtZUVxTnRVWVRCUzhJMXdmV3d4SHoxbVRVYTg3RHMtV2FBcDRpUXlnYXVTVFppNGhHOXpJZlZ6SmhVQ01RTE94eEFwZUZaTTBOd1JyQTFuU2NiTEtxX1Fn?oc=5,Google Actualités — Niger,fr
media_395152ebd640bdad,2026-09-22,Molodo : Les FAMa déjouent une attaque complexe à deux véhicules piégés,Mali — lieu à confirmer,Mali,Mali,,,event,Signal médiatique,sécurité,FAMa / État malien,Signal médiatique — vérification requise,faible,non géolocalisé,Molodo : Les FAMa déjouent une attaque complexe à deux véhicules piégés maliweb,maliweb,https://news.google.com/rss/articles/CBMisgFBVV95cUxOUlpGTjBSYnBBYkhHM3dwRkVhLUtKeW9acjdQTTByV04wTmRpTS11X0lNWTR1ODhjYU5jY1Z6WGVKYmZQZUZETnFCdVpla1daRDh4NzRDenFqUlI1RlhidVZoTkN5MEhLMmVRdGc4V2pBQ19hMkVYa3RKWGJoWjZBdVhkaERqSmxGM0NnODdrYUhzcmdoeVF6UmFETWVtUVdUdTRLZmdLOTVTbzh4ZENlQWhn?oc=5,Google Actualités — Mali,fr
media_74559548797113df,2026-09-22,Mayaƙan JNIM sun kashe sojojin Mali sama da 100 a cikin wannan wata-Majiyoyi,Mali — lieu à confirmer,Mali,Mali,,,event,Signal médiatique,autre,JNIM / GSIM,Signal médiatique — vérification requise,faible,non géolocalisé,Mayaƙan JNIM sun kashe sojojin Mali sama da 100 a cikin wannan wata-Majiyoyi RFI,RFI,https://news.google.com/rss/articles/CBMiuwFBVV95cUxPWTYwdEgwQkhnMGtBdTZncjlPOWZkMFlSUzBLS0d5SVFyNU55Q3BfWm81bzIycXNTcVBReUJnUkhGWDUwaGVTdXRWdDdQY2M2Vm8wRlhmU1cwSlRIUHNCMW41VXA0azJMU2FkQ0U5VUtpcS1XdmRoUU5DcW1Qa0RnckV6MDEySWVtUzBNeWt4Y0ZYdTJ0YXlyTFRuWEFBWHhhN0x6a29ybW5ZUXNNWHRpU0hmZHNvQTdZRC13?oc=5,Google Actualités — Mali,fr
media_18a1a393104d5fe3,2026-09-22,Mauritanie : la République qui ferme les yeux sur sa propre violence . Pr ELY Mustapha,Mauritanie — lieu à confirmer,Mauritanie,Mauritanie,,,event,Signal médiatique,sécurité,À vérifier,Signal médiatique — vérification requise,faible,non géolocalisé,Mauritanie : la République qui ferme les yeux sur sa propre violence . Pr ELY Mustapha,cridem.org,http://www.cridem.org/C_Info.php?article=796634,GDELT DOC 2.0,French
media_5d390f89e1391d21,2026-09-22,Maroc-Mauritanie : accord pour réhabiliter l’axe Nouakchott-Nouadhibou sur 480 km,Nouadhibou,Dakhlet Nouadhibou,Mauritanie,20.942,-17.038,event,Signal médiatique,autre,À vérifier,Signal médiatique — vérification requise,faible,centre de localité approximatif,Maroc-Mauritanie : accord pour réhabiliter l’axe Nouakchott-Nouadhibou sur 480 km Infomédiaire,Infomédiaire,https://news.google.com/rss/articles/CBMikwFBVV95cUxQQVVrQXFhQzJqODRDVmoyS1hYWWJDdDdzcFJRWHVRRkNTeGxrUmp0ak1hdUFzSFBJa3pobGxHU2twSUNvandWaUFJZmhDSE9UOHIzNGRDQTdXRnJiWEpic0NDb1k5LVBoY3RZT0JVVnpGTV9qanVBVHNCMWtnTFJJTjR5Y05yYU9qRlY3eVNMczdTaTA?oc=5,Google Actualités — Mauritanie,fr
media_d09a17ee95bc80cf,2026-09-22,Maroc-Mauritanie : 480 km à élargir entre Nouakchott et Nouadhibou pour renforcer la connectivité terrestre,Nouadhibou,Dakhlet Nouadhibou,Mauritanie,20.942,-17.038,event,Signal médiatique,autre,À vérifier,Signal médiatique — vérification requise,faible,centre de localité approximatif,Maroc-Mauritanie : 480 km à élargir entre Nouakchott et Nouadhibou pour renforcer la connectivité terrestre Le Matin.ma,Le Matin.ma,https://news.google.com/rss/articles/CBMiqgFBVV95cUxQczRXeHVfYUtCX0V5ZU56cm1XMGljbzNYMmFGVEdWdmEtN2pMMG9Yb3NDNGcyTDFmTElpTG81T3dOZTYxWGlvLUdINFl6dVRsa3UybmdwZkVKV1JZR3dybXVDdFVPd0tlbXhiZG9CaENycmhZQmpCMll5M09PV3pSTF9JbVJLd1Z4UlZLaFB5YnUzNncySHRROG9LeFZXX2V3cHdkaERnRjFDZ9IBrwFBVV95cUxQdlpCQS1JMjIyY1pCRWZOYS1vUnMzbW9XVlZ5TnZkQjhwV09DY0pES0NUcUFFazZ0Y2NYQzJuSjhpYnlYVDIteDh0U0pyRWNwcGdSSlVlQ2dwMVNmUFIycGVWcHc4N2NrY3pUQ2pieXVFeWxXclM1ZGYtV3B1ZVhXczJia3Y2dE1rR0R0NndDSWRBeklGTnZseWVDRzBQY05KUkVhUC14TkRISjRLOEk4?oc=5,Google Actualités — Mauritanie,fr
media_7a1d711e178ab956,2026-09-22,"Mali : plus de 100 soldats tués à Dioura, l’armée ne chiffre pas ses pertes",Mali — lieu à confirmer,Mali,Mali,,,event,Signal médiatique,sécurité,À vérifier,Signal médiatique — vérification requise,faible,non géolocalisé,"Mali : plus de 100 soldats tués à Dioura, l’armée ne chiffre pas ses pertes Benin Web TV",Benin Web TV,https://news.google.com/rss/articles/CBMimgFBVV95cUxNQVQ5LTN6U3ZYNDk2ODNJeFFySjN4Ml9fUlZaTV85MGZ5a2d2ZFJnOUtvVGxPdXZEeU14ZkV0Zk55R3B0aGNvQ0VwY2VXWFNiMG1YTFFDT1NHa2hIcTdaOUdQbUdZYUZIVmY2Z3JLUWQxS3liNVBJWHRlb0xYTEFvX3BvbEd6QnZKcGFmMXdHc09CVVVfeGRyWDRR?oc=5,Google Actualités — Mali,fr
media_2f83ed4b3707ac57,2026-09-22,Mali : plus de 100 soldats auraient été tués dans l’attaque de Dioura,Mali — lieu à confirmer,Mali,Mali,,,event,Signal médiatique,sécurité,À vérifier,Signal médiatique — vérification requise,faible,non géolocalisé,Mali : plus de 100 soldats auraient été tués dans l’attaque de Dioura Le bled parle,Le bled parle,https://news.google.com/rss/articles/CBMimwFBVV95cUxQcFZTd3VuTFVQLU1abUU1WXRZNDhqSC1aRTNyX3lGeUxaN0hmYThZQ1ZiY21RNk9TUWxMbHZXVVZ6ZnBEcFpCNms3eFd6TUo5bXgzTFI4SXpBR1JVeldITUNRb2FYYWdlMFctSjNLZWdMblVpSldtd1d0SGwzS0xyS3RxdFotbGlXSzdteGJrcGNveFRtUVk3aURKMA?oc=5,Google Actualités — Mali,fr
media_6178792e7056be2d,2026-09-22,"Mali : les FAMa ciblées à Kassala, Sévaré et Dioura",Mali — lieu à confirmer,Mali,Mali,,,event,Signal médiatique,autre,FAMa / État malien,Signal médiatique — vérification requise,faible,non géolocalisé,"Mali : les FAMa ciblées à Kassala, Sévaré et Dioura Bamada.net",Bamada.net,https://news.google.com/rss/articles/CBMidkFVX3lxTE16akhIVHFOak9jWDEyT2F4Y05hOHc5WWVVM3RvWU82dV82WW0xYzNqbzhPYU9ndzdYS09YY0V0UWpHN3FvZXplT2hlTEhhTjdpTnRMcmNZSjg1U0lEeXZ2YnlCckw0Vk1iWVBwZk5Md1c0cl96UFE?oc=5,Google Actualités — Mali,fr
media_7512299840349b04,2026-09-22,Mali : Assimi Goïta réaffirme la détermination des FAMa à renforcer la lutte contre le terrorisme,Mali — lieu à confirmer,Mali,Mali,,,event,Signal médiatique,sécurité,FAMa / État malien,Signal médiatique — vérification requise,faible,non géolocalisé,Mali : Assimi Goïta réaffirme la détermination des FAMa à renforcer la lutte contre le terrorisme maliweb,maliweb,https://news.google.com/rss/articles/CBMi1AFBVV95cUxQTzEzMkkxODEzZ3kwb2Q0OXljNzVjMEJPLThNUmZXSXR1U2dDM29IS2p1OVVMSlY1WFJORkhsbFpWYlFqeWlCZmNCSjJ5dHhGM2p4Y2NncjhGMU12bDdOMHR5OG5teDV6cFhSYlhxUTM4bHN6cWZickNxaWlIbklnOFd6bVV4ZDNNTmRlV2RwSldwZ1BmV3NjVmhPU2QyTm15VF8yTkhoQVkyYXR5Q21xMFBWaWFHbUVHZ3RsbThnSkVFWDFlRXVtM1NuUWNRenN1bDlsNw?oc=5,Google Actualités — Mali,fr
media_219a3e4aeae35ef2,2026-09-22,Mali : 150 morts après plusieurs attaques du JNIM,Mali — lieu à confirmer,Mali,Mali,,,event,Signal médiatique,sécurité,JNIM / GSIM,Signal médiatique — vérification requise,faible,non géolocalisé,Mali : 150 morts après plusieurs attaques du JNIM Boursorama,Boursorama,https://news.google.com/rss/articles/CBMiwwFBVV95cUxOc09vSGpGVVRJOGtVa0JxVzhJbTM3dGV2WWlRWXVsYndIVE1CMUZwcU01ZmRrcFY3bmlVSWJXeDZlcDZHY1dwQXZqQWg2YWcxU0VoMW5lY19sMEtTb0VsajRwRWM4M0xSeEowM3p3NU9xb3JhZkNGQkV3SUNCRVZIUWpZXzlQZVV4aDNuMXdTazZHRHRCajh0d2c4d09udzNfTHliT1hEQWlYaDFlVVBjMVBZRHFRZmJVS0xRY1l5elowUUXSAcgBQVVfeXFMT0ZGa2xaUWNxOEhjbUZjaDlfRUlFNkpHTkMtcnpvYWExUVlONnpTTF9VNlZKX21RcF9EQ3BlSWNMSXBCVmQxY1Z4cWNhX0RtSHhaNkhZLWJKbVZGV2h2Tk9nS05mc2hVd2tsQXBORVVCN2ExX1dQRVVMcFhrZDdfZjdFaERCenpiTDhXSGxEb3MzalVONlN4NzFOWnZkVll1WHlDUWRtWkZIcEN0bXJ5RTRoQ1JUVDN1dXpGel8wc1BUdm91N1ZzX2g?oc=5,Google Actualités — Mali,fr
media_6adeadef31394764,2026-09-22,MAE algérien : ferme condamnation des événements survenus à Niamey et soutien au Niger,Niamey,Niamey,Niger,13.514,2.11,event,Signal médiatique,autre,À vérifier,Signal médiatique — vérification requise,faible,centre de localité approximatif,MAE algérien : ferme condamnation des événements survenus à Niamey et soutien au Niger AL24 News,AL24 News,https://news.google.com/rss/articles/CBMirAFBVV95cUxOVU9vOXV1bjdRUm96cUFvZlFqY3RpM3Q1MGRhQXpNck5uR29aeWgzdjBDSFB4SDYxVkNiOG9aLVRnamx2S1A5UXlaTFEtM1N6ZmY4NHVkVU8zaTlHUzUtWTVXSmQyNl95RjJtYlZBbTN4Q1czUzl3Ty1Fd3JBX09jdzl6Y3J4Q1RJcldPaURSMkdlUkx6a25nbUJJckstTzhybWo3UFVPRGVTR3dj?oc=5,Google Actualités — Niger,fr
media_ba73f8c2078ed005,2026-09-22,M. Arkab reçu à Niamey par le président de la République du Niger,Niamey,Niamey,Niger,13.514,2.11,event,Signal médiatique,autre,À vérifier,Signal médiatique — vérification requise,faible,centre de localité approximatif,M. Arkab reçu à Niamey par le président de la République du Niger الإذاعة الجزائرية |,الإذاعة الجزائرية |,https://news.google.com/rss/articles/CBMiU0FVX3lxTE9IN0xfbEFmeGwzaFowbUhtdDB6ZFZVdFFjUGhZT1Y3RmlCb1ZFa3JBSjlNT014UFFEZUh4U1BXVThnd0NhSnZFakxjSWtzYWhkYURJ?oc=5,Google Actualités — Niger,fr
media_254da6aca2b8a0b4,2026-09-22,"Lutte antiterroriste : nouvelles frappes ciblées des FAMa à Sévaré, Dioura et Tessalit",Mali — lieu à confirmer,Mali,Mali,,,event,Signal médiatique,autre,FAMa / État malien,Signal médiatique — vérification requise,faible,non géolocalisé,"Dans le cadre de l'opération Dougoukoloko, les Forces armées maliennes (FAMa) ont multiplié les frappes ciblées ces derniers jours. Visant des caches logistiques et des éléments terroristes, ces actions illustrent la pression continue exercée sur les groupes armés à travers le pays.",Malijet,https://malijet.com/actualte_dans_les_regions_du_mali/311972-lutte-antiterroriste-nouvelles-frappes-ciblees-des-fama-a.html,Malijet,fr
media_1ffbf3278d9564e2,2026-09-22,Le rendez-vous Afrique - Mali : plus de 150 morts après plusieurs attaques du Jnim,Mali — lieu à confirmer,Mali,Mali,,,event,Signal médiatique,sécurité,JNIM / GSIM,Signal médiatique — vérification requise,faible,non géolocalisé,Le rendez-vous Afrique - Mali : plus de 150 morts après plusieurs attaques du Jnim france24.com,france24.com,https://news.google.com/rss/articles/CBMixgFBVV95cUxNNVN0NlJOMzFQUEpqM3NQcTRMZGNjcWF0OVpKQ1ppQjFhUTFrNTdIak5HSFI5THBnN0ItV3k2MTdyUDVkbjhUU1lwYm0zSTVtdk01Q08tSFIyS08zQzAwSTRFaGprN0RLdzYtYlpCUnZxVlNocWtwek5tWmQzUXJQbWpfWEdaQTVNTWtZWGZMTndJNGRiWGpBeDhwQkdUeUVpc04yMnladWUtem5zQnNmb2xFZERZYWthbHNCRXBQbzdxNUFCc2c?oc=5,Google Actualités — Mali,fr
media_b5e34341a3809b61,2026-09-22,Le Maroc et la Mauritanie signent à Rabat une convention-cadre pour réhabiliter et élargir les 480 kilomètres de la route nationale n° 4 entre Nouakchott et Nouadhibou,Nouadhibou,Dakhlet Nouadhibou,Mauritanie,20.942,-17.038,event,Signal médiatique,autre,À vérifier,Signal médiatique — vérification requise,faible,centre de localité approximatif,Le Maroc et la Mauritanie signent à Rabat une convention-cadre pour réhabiliter et élargir les 480 kilomètres de la route nationale n° 4 entre Nouakchott et Nouadhibou برلمان.كوم,برلمان.كوم,https://news.google.com/rss/articles/CBMinAJBVV95cUxQSmhUaVl0SHZrT2o0cWoydlkyVjduMTl2eUJwTGdNNzdFLWw2c3FEXzFUUUkyUWdIWUpxd2VXdG9zQ3h6MGRTa0ROcTNyN3pIcXJZSzJDS0ZoXzZrQURrS3ZiTTkzT05wS0NwbTNKSTdaNDhGZC1VZVFkSlJMeTUxRS0zRi1DM2hCdEFyenVJVWtQcFVzSkZ3M1Jld0psSDh1dVlpd0JSS3dsZ3BuUG5uWVEwTzBBR1FodlBxWVM4a0JWYjdhVkdCcklUeUEzTWxpZHdDamFDcHhSV1BMck1xYWdRU0Z1QlJOd0lNSkw4OXdTSWVia1dXTnA2Ry1weEl2aFA5VlUwelZfd18ydmxBY0hZR053QTdYczBWbw?oc=5,Google Actualités — Mauritanie,fr
media_29481207a2dc1d34,2026-09-22,La concrétisation du tronçon nigérien du TSGP au centre d'une rencontre à Niamey entre M. Arkab et le Premier ministre du Niger,Niamey,Niamey,Niger,13.514,2.11,event,Signal médiatique,autre,À vérifier,Signal médiatique — vérification requise,faible,centre de localité approximatif,La concrétisation du tronçon nigérien du TSGP au centre d'une rencontre à Niamey entre M. Arkab et le Premier ministre du Niger الإذاعة الجزائرية |,الإذاعة الجزائرية |,https://news.google.com/rss/articles/CBMiVEFVX3lxTE5HWDVycDI0YXZkWEJGeVRwSTZrb1R6dEZMMkNfZzRuZjZRb1ZuTWlEVmh5QW1Nc1Rkby1JUFJ0LTItd3AwaGxOdEVuSDhaSG11UjZiYQ?oc=5,Google Actualités — Niger,fr
media_8d74ce7c2b169b42,2026-09-22,La Mauritanie et le Maroc signent un accord-cadre pour la réhabilitation et l’élargissement de la route Nouakchott-Nouadhibou,Nouadhibou,Dakhlet Nouadhibou,Mauritanie,20.942,-17.038,event,Signal médiatique,autre,À vérifier,Signal médiatique — vérification requise,faible,centre de localité approximatif,La Mauritanie et le Maroc signent un accord-cadre pour la réhabilitation et l’élargissement de la route Nouakchott-Nouadhibou الوكالة الموريتانية للأنباء,الوكالة الموريتانية للأنباء,https://news.google.com/rss/articles/CBMiSEFVX3lxTE9VdnpDLVZYQ1RUTkp6NUM4Nno5YmxhRXpUQWlfR3ZaSkNyU053R0c5NjZsWUV4aUxuUXo5eHphVGVreHcyYktMQg?oc=5,Google Actualités — Mauritanie,fr
media_3950a76c51925b95,2026-09-22,Infrastructures Maghreb-Afrique : Rabat et Nouakchott renforcent leur corridor économique stratégique,Nouakchott,Mauritanie,Mauritanie,18.086,-15.979,event,Signal médiatique,autre,À vérifier,Signal médiatique — vérification requise,faible,centre de localité approximatif,Infrastructures Maghreb-Afrique : Rabat et Nouakchott renforcent leur corridor économique stratégique laverite.ma,laverite.ma,https://news.google.com/rss/articles/CBMiwgFBVV95cUxQck92QVpSR0VvanlycmxCQkRQRU9SMjNtYlh2X2ZycFNiV0R5TjJXQWV5OU1JRWVKSWFnTlVCUVk0ME5ia2NfemlHeTl1TzhLOGxSckk1LVVnWW5IV3NkRnpodkM4VnJzTDNvaUM0Sk9Wb0NHMjF5LTh2MkVzWGxJcUt4SUlPRC11ZkNSenZhMTZoMTFVZGRkS2NCSXJxUWhXeDlzTjdSVHVGejU5Mmh6RVpzM1RVV0lMWGlBVFRYcVdVUQ?oc=5,Google Actualités — Mauritanie,fr
media_3def3860a1614f52,2026-09-22,Gazoduc transsaharien : le tronçon nigérien du TSGP au centre des discussions à Niamey,Niamey,Niamey,Niger,13.514,2.11,event,Signal médiatique,autre,À vérifier,Signal médiatique — vérification requise,faible,centre de localité approximatif,Gazoduc transsaharien : le tronçon nigérien du TSGP au centre des discussions à Niamey Algerie Eco,Algerie Eco,https://news.google.com/rss/articles/CBMivAFBVV95cUxQbEplQTNqR2xuLXQ2Zk40VVc1RkJVeVNfWDFZbklaU1UxSUtvMXM4YllBZmNxWHJWUDhhV3lDeUhFWVZ3QmtNMTB0RnVfMVlYYm5keG9RMG10czVpQkQwSUFVV283QVFHZ041Y1lvLWxkZEl0cG84WUJwT0NEVkVkSVdPR1lHdVMzR3ZUS01yOUpGWDRBbmdQOHV4aE1WS3VHVVhXRjdidlpxMWNabWUyZURrS1pISUVxbGhGdg?oc=5,Google Actualités — Niger,fr
media_adf81243511629ad,2026-09-22,FAUX : Cette vidéo ne montre pas une attaque de rebelles contre des civils au Mali,Mali — lieu à confirmer,Mali,Mali,,,event,Signal médiatique,sécurité,À vérifier,Signal médiatique — vérification requise,faible,non géolocalisé,FAUX : Cette vidéo ne montre pas une attaque de rebelles contre des civils au Mali PesaCheck,PesaCheck,https://news.google.com/rss/articles/CBMipgFBVV95cUxPVl9lc0k0WGo0TUhDdkszZWhSVWQweWRlQmJrOWdyOERlbDAyM3hqTERJeHk4M1VRamluYWxqOG5oTmJaUkhZM1Z5ZGdjMGNyMTZ5V1N3NFZIaGJOUVg1M1prMTZxTkNoNmQxSVlOSmFHbE9uLTBqS0FNMm9YMXl3eHJkTUt5c3pINEZTZUhvTGNnQkRYd0dpUXlOOUF5d3VTSm55OHdn?oc=5,Google Actualités — Mali,fr
media_e9ab7662d04711f4,2026-09-22,FAMa : Une fin de Septembre et un début d’Octobre d’enfer pour les terroristes,Mali — lieu à confirmer,Mali,Mali,,,event,Signal médiatique,autre,FAMa / État malien,Signal médiatique — vérification requise,faible,non géolocalisé,FAMa : Une fin de Septembre et un début d’Octobre d’enfer pour les terroristes maliweb,maliweb,https://news.google.com/rss/articles/CBMiuAFBVV95cUxNMHFJR21IeEFnbThtdHh5ZE1YQmJabm8tbmduakdSRmduMGVUbHR6b3EwcXVPRkJvbUJaRUhranc0bmJnb1cwelFqXzktZVBTTDVOXzBCRGQ0ZHhxY1RPNkl0RU5iR3ZzNGRPUTFQWHY2VWZLM2lqRTJSWlhuMlJtRDJxSG9iOE5La1gwN2hOXzM0enpPcEtWX29MSk8xTlRMbjctdDlNaGZPcXE2NFJuZW9aekhvWXFU?oc=5,Google Actualités — Mali,fr
media_a0e563cc0749b065,2026-09-22,Décès de BADOLO/KANYALA EZOMBOÉ PAULINE : Faire part,Bobo-Dioulasso,Hauts-Bassins,Burkina Faso,11.181,-4.295,event,Signal médiatique,sécurité,À vérifier,Signal médiatique — vérification requise,moyenne,centre de localité approximatif,"« J'ai combattu le bon combat, j'ai achevé la course, j'ai gardé la foi » 2Timothée 4:7 La grande famille BADOLO à Kyon, Ouagadougou, Côte d'Ivoire, Les familles alliées BATIONO, BAMBA, KOUAME, BAMA, BAMOUNI à Réo, Zoula, Tialgo, Bobo Dioulasso, Abidjan en Côte d'Ivoire ; BADOLO Nébila à Kyon ; Yikinboula Nandon Dieudonné en Belgique ; Ihanazena E…",LeFaso.net,https://lefaso.net/spip.php?article149416=,LeFaso.net,fr
media_9de56fcb21467f9b,2026-09-22,"Bobo-Dioulasso : Recherché pour enlèvement et assassinat, Tighre Jean Pingwendé a été interpellé",Bobo-Dioulasso,Hauts-Bassins,Burkina Faso,11.181,-4.295,event,Signal médiatique,sécurité,À vérifier,Signal médiatique — vérification requise,moyenne,centre de localité approximatif,"Recherché depuis le 21 septembre 2026 pour des faits présumés d'enlèvement, de séquestration, d'assassinat, d'association de malfaiteurs et d'actes de grand banditisme à Bobo-Dioulasso, Tighre Jean Pingwendé a été interpellé par les forces de sécurité. Dans un communiqué en date du mardi 22 septembre 2026, la Police nationale informe que l'intéres…",LeFaso.net,https://lefaso.net/spip.php?article149415=,LeFaso.net,fr
media_df80f7193ce81da7,2026-09-22,Axe El Guerguerat-Nouakchott: la portée stratégique et diplomatique du nouvel accord routier maroco-mauritanien,Nouakchott,Mauritanie,Mauritanie,18.086,-15.979,event,Signal médiatique,autre,À vérifier,Signal médiatique — vérification requise,faible,centre de localité approximatif,Axe El Guerguerat-Nouakchott: la portée stratégique et diplomatique du nouvel accord routier maroco-mauritanien Le360,Le360,https://news.google.com/rss/articles/CBMi6AFBVV95cUxPVnhWNzVOUUloQjFjREJ5V2JBaTJfMnlTYnJPaFRPOVZRX0Nha2R2ejdtRV9DaUlrelR5OWJRNWEtU1NUbDFWTV9WM1dmb0dRdTB1U3ZURGpoQVpIR0NTUFdmR2RKYS1vb3VCWkdHUjlZV3Jpd2lLVVF5UFhtemp0LWFGaWp2NktDZWNnaW9YWXlTbEU5a2c2MWdkdy1aSEpGX0hJNi0yZXdGcGhaMk9Xdko2a0U4c0hCUnlWbHhqWllNVGQtX1JON0w1RUlsdzU0SzNCWWRrZHN2cmlsWTJ5S0ZTMi1xQWQ4?oc=5,Google Actualités — Mauritanie,fr
media_a277752a4c5716b5,2026-09-22,"Au Mali, Assimi Goïta appelle à la ""réconciliation entre frères maliens""",Mali — lieu à confirmer,Mali,Mali,,,event,Signal médiatique,politique,À vérifier,Signal médiatique — vérification requise,faible,non géolocalisé,"🇲🇱 Au Mali, à l’occasion du 66e anniversaire de l’indépendance, le président de la transition Assimi Goïta appelle à la ""réconciliation entre frères maliens"", tout en réaffirmant sa volonté de renforcer la lutte contre les groupes jihadistes.",France 24 Afrique,https://www.france24.com/fr/vid%C3%A9o/20260922-au-mali-assimi-go%C3%AFta-appelle-%C3%A0-la-r%C3%A9conciliation-entre-fr%C3%A8res-maliens,France 24 Afrique,fr
media_de7399c8ffffb2f6,2026-09-22,Assimi Goïta tend la main : « Le Mali reste disponible pour accueillir tous ses enfants... »,Mali — lieu à confirmer,Mali,Mali,,,event,Signal médiatique,politique,À vérifier,Signal médiatique — vérification requise,faible,non géolocalisé,"Parallèlement à la lutte armée, le président de la Transition ouvre une nouvelle option pour la paix. Dans son adresse à la Nation à l'occasion du 66ᵉ anniversaire de l'indépendance du Mali, le général Assimi Goïta a tendu la main aux groupes armés qui se reconnaissent « Maliens ».",Maliweb — Actualités,https://www.maliweb.net/nation/assimi-goita-tend-la-main-le-mali-reste-disponible-pour-accueillir-tous-ses-enfants-3120076.html,Maliweb — Actualités,fr
media_4aba03fb96f7973d,2026-09-22,Arkab souligne à Niamey la disponibilité de l'Algérie à accompagner le secteur des hydrocarbures nigérien,Niamey,Niamey,Niger,13.514,2.11,event,Signal médiatique,autre,À vérifier,Signal médiatique — vérification requise,faible,centre de localité approximatif,Arkab souligne à Niamey la disponibilité de l'Algérie à accompagner le secteur des hydrocarbures nigérien الإذاعة الجزائرية |,الإذاعة الجزائرية |,https://news.google.com/rss/articles/CBMiU0FVX3lxTE45MEpyVEhMM2JDZVctamx4dFdUbkV3TTNmQm5PeVhDQUotek5VMFNxM2Z5MXNVTWtqckpKMFVOS19XcGpaSHRXSGQzbksyNmtjQzQ4?oc=5,Google Actualités — Niger,fr
media_2a7379d7f67d6fab,2026-09-22,Arkab reçu à Niamey par le président de la République du Niger,Niamey,Niamey,Niger,13.514,2.11,event,Signal médiatique,autre,À vérifier,Signal médiatique — vérification requise,faible,centre de localité approximatif,Arkab reçu à Niamey par le président de la République du Niger aps.dz,aps.dz,https://news.google.com/rss/articles/CBMixwFBVV95cUxNUlhkbWNQdjJsTGRMa3hBM0o2R2I4QW12VHNPeVNqV25JVTJtUDRYVTczSnlVT2Q2c2JOdjlLTThWZ3B0STBXZmdYMF9JaTVPWEExQ2dfUDI5NVZzYjVuWEhJaFdNODRjNXI3TkFOc295eHdVRC1oQTM0Y3l0SFRNczZlM01HcEVEc0xOUFNMNC1aZndBd1VjYlFJN3h3cjE3MmpjbUMweVpvMUM4MTduamRsU00zcXRMSUEweUdwbnduSnZfY1hV?oc=5,Google Actualités — Niger,fr
media_fa5326cdac7f83ad,2026-09-22,"Arkab reçu par le président du Niger à Niamey, voici ce qu’ils se sont dit",Niamey,Niamey,Niger,13.514,2.11,event,Signal médiatique,autre,À vérifier,Signal médiatique — vérification requise,faible,centre de localité approximatif,"Arkab reçu par le président du Niger à Niamey, voici ce qu’ils se sont dit L'Algérie Aujourd'hui",L'Algérie Aujourd'hui,https://news.google.com/rss/articles/CBMipgFBVV95cUxPY2MxWU9hc3NMeDFYYnVoMGFKeWZ6SG5KUHVCR1ZmWFNjNUVsejNSbFRWeWc1SHhyWFl4ZUc1bDBybm11ejkxUXkyY2Z5REhJallYdjNGOHZSZlB3c0M5VUQ4VjYyekVHM2REYTMxU0Jha21JNjRoV3V5emxMM1lXa1RraERZX2lXTXpDdWs0WURNMFVhdWl0S3VzU05xY3JGLWF1bEd3?oc=5,Google Actualités — Niger,fr
media_58c382b435976a32,2026-09-22,66e anniversaire de l'Indépendance : Assimi Goïta réaffirme la détermination du Mali face au terrorisme,Mali — lieu à confirmer,Mali,Mali,,,event,Signal médiatique,politique,À vérifier,Signal médiatique — vérification requise,faible,non géolocalisé,"À l'occasion du 66e anniversaire de l'accession du Mali à la souveraineté internationale, le président de la Transition, le général d'armée Assimi Goïta, a adressé un message à la nation marqué par un double engagement : ouverture au dialogue et fermeté sécuritaire.",Malijet,https://malijet.com/a_la_une_du_mali/311979-66e-anniversaire-de-lindependance-assimi-goita-reaffirme.html,Malijet,fr
media_cfb4919df1f1e7d1,2026-09-21,"🔴 Onze civils, dont quatre femmes, ont été tués dimanche dans une attaque attribuée à Boko Haram près de Ngouboua, dans la province du Lac #Tchad 🇹🇩. L’armée tchadienne, lancée à la poursuite des assaillants, affirme en avoir abattu neuf. https://t.co/E9 - x.com",Tchad — lieu à confirmer,Tchad,Tchad,,,event,Signal réseau social,sécurité,À vérifier,Signal réseau social — recoupement requis,faible,non géolocalisé,"🔴 Onze civils, dont quatre femmes, ont été tués dimanche dans une attaque attribuée à Boko Haram près de Ngouboua, dans la province du Lac #Tchad 🇹🇩. L’armée tchadienne, lancée à la poursuite des assaillants, affirme en avoir abattu neuf. https://t.co/E9 x.com",Tchadinfos,https://news.google.com/rss/articles/CBMiYEFVX3lxTE1HUnNJV3h1alFTQjhlQTF1cVpRb09fd25kX1RrWVM1V3kxYnBEaTNJbzdTNmkydTdMQTAxZTJUbnNpQTNCMkQ1S09qUUtWZlZvSktoZm9zRm5tR2Vvajg5Rw?oc=5,X indexé — @tchadinfos,fr
media_62d70e951895943b,2026-09-21,VIDÉO. Mali: plus de 100 soldats tués dans l'attaque du camp de Dioura,Mali — lieu à confirmer,Mali,Mali,,,event,Signal médiatique,sécurité,À vérifier,Signal médiatique — vérification requise,faible,non géolocalisé,VIDÉO. Mali: plus de 100 soldats tués dans l'attaque du camp de Dioura tv5monde,tv5monde,https://news.google.com/rss/articles/CBMitwFBVV95cUxPY0hVUnFaQmJ2V0lyREdpdTMyWG1vMXNEcHU5cHNkWGVwYmhEUWlzQXRCWVVud2ZCYURLRHNEVldDNHVDM21rQ1p1enR1aHVJRkJQT25pVWNEOERNZGtjSmxnWm9kclVHcnZLM0xfODlEb3FKUlRPNXlySm00U2FhWkRGVlFvYjJCd2RyZjBwSndKYkxNVVM5M3NVNWRNNUlzRGFxdUswOVE4aGdNWGR5YUhGcE5PYlU?oc=5,Google Actualités — Mali,fr
media_cde60de8eefe0992,2026-09-21,"Today in Africa : South Africa arrests , Ethiopia opposition alliance , Mali attack",Mali — lieu à confirmer,Mali,Mali,,,event,Signal médiatique,sécurité,À vérifier,Signal médiatique — vérification requise,faible,non géolocalisé,"Today in Africa : South Africa arrests , Ethiopia opposition alliance , Mali attack",okayafrica.com,https://www.okayafrica.com/today-in-africa-september-21-2026-10th-womans-body-found-in-south-africa-former-foes-unite-to-oust-ethiopias-pm/1439994,GDELT DOC 2.0,English
media_444e11d5469ad73f,2026-09-21,Plusieurs dossiers passés en revue: Arkab s'entretient avec le ministre nigérien du Pétrole à Niamey,Niamey,Niamey,Niger,13.514,2.11,event,Signal médiatique,autre,À vérifier,Signal médiatique — vérification requise,faible,centre de localité approximatif,Plusieurs dossiers passés en revue: Arkab s'entretient avec le ministre nigérien du Pétrole à Niamey L'Algérie Aujourd'hui,L'Algérie Aujourd'hui,https://news.google.com/rss/articles/CBMiyAFBVV95cUxPZ0NYR0ZneTRVMlcyTTM3bmlORnlJOW9zN1lILXp5ZFRIV2I5UE50M2ZGZWFQQm9KejNDVVYzWmpkY1VONzVBWVFMVkF3OTVFSVFocGMtU0xJOHdUalhZYWdVRjNZY21yOGw4NnEyaDFkVk5EOTdCR3p5VFFLNFBsaFRaOGJsYnVmX0JxTkRwZjR3WlJ3VGdaOHpzYnBIUWIxWktNNkh5YlVQZjlPSm1aLWY4UWNqOG5LbW5GeHlIcUxGekg0NGdQXw?oc=5,Google Actualités — Niger,fr
media_de812e88dfdc624b,2026-09-21,Niger : atelier régional à Dosso sur la réintégration des ex-combattants,Dosso,Dosso Region,Niger,13.049,3.194,event,Signal médiatique,autre,À vérifier,Signal médiatique — vérification requise,faible,centre de localité approximatif,Niger : atelier régional à Dosso sur la réintégration des ex-combattants Journal du Niger,Journal du Niger,https://news.google.com/rss/articles/CBMingFBVV95cUxQaXZPUU5WOFNrVWczQ3BmLXdPa1NZTGVaTWxSZGc2ckNFUWVtemNCTTZoT0Y0aWNBUGtXdmRQYVVWTUZ6VURUMEIyOWpsV0E2YkZPOUhTMm80TzJUOGpTMHl6N0YtLWpPczFaa3RRd3FWZTdaNEwxUjJ4SldiREtzU2c0RzhCYkY2SC1oOExjajF1bkdsNDVWRGswYjFwUQ?oc=5,Google Actualités — Niger,fr
media_9d12424271234be9,2026-09-21,"Météo à Serkiré Peul, Niamey heure par heure",Niamey,Niamey,Niger,13.514,2.11,event,Signal médiatique,autre,À vérifier,Signal médiatique — vérification requise,faible,centre de localité approximatif,"Météo à Serkiré Peul, Niamey heure par heure SpaceRef",SpaceRef,https://news.google.com/rss/articles/CBMiZEFVX3lxTFBlQ1hFcUlBdWgwTXJIOVFMWnZYTUpwVnNid2RYV1hOX013MFpyVDVjd09Md3I1bVNrZE9JR1kwdzk1R0RSdTRhR0h3RnBxMU5odGVRN3BkWmtXekVubncyVFdwLTE?oc=5,Google Actualités — Niger,fr
media_a894b2cf710f5bd0,2026-09-21,"Météo à Rillé, Diffa heure par heure",Diffa,Diffa,Niger,13.315,12.611,event,Signal médiatique,autre,À vérifier,Signal médiatique — vérification requise,faible,centre de localité approximatif,"Météo à Rillé, Diffa heure par heure SpaceRef",SpaceRef,https://news.google.com/rss/articles/CBMiY0FVX3lxTE9Ba2dXS29RZlNkQllHZHdUclFyY05RR19YNzk1aks3TTJkdlpUYVcxejNORUJRNjFYZnJvUEx3aWFXZzF5cWR6TjEwSXJrenZJVHR5V3NLS0VhY2ZIcXlMWk9zWQ?oc=5,Google Actualités — Niger,fr
media_f0115313eacc69bc,2026-09-21,"Météo à Mériza, Tillabéri heure par heure",Tillabéri,Tillabéri Region,Niger,14.207,1.454,event,Signal médiatique,autre,À vérifier,Signal médiatique — vérification requise,faible,centre de localité approximatif,"Météo à Mériza, Tillabéri heure par heure SpaceRef",SpaceRef,https://news.google.com/rss/articles/CBMiekFVX3lxTE5sUTZJeEo3aFhPMHVqbk81dnNOUEJVekpUdEpoSUFIN09RRlV4NWZMU1R2SlBWVzFHM093UUtnT0xKa29ERmRWN2NYRlMxdWxBOFNSSXExelVVR01CdE4yUVJlZHZsUms3WWs3ZTJ5bXNmSkVJNTh4dTNn?oc=5,Google Actualités — Niger,fr
media_9e6d9e2cdb171d53,2026-09-21,"Météo à Kabé Kaina, Tillabéri heure par heure",Tillabéri,Tillabéri Region,Niger,14.207,1.454,event,Signal médiatique,autre,À vérifier,Signal médiatique — vérification requise,faible,centre de localité approximatif,"Météo à Kabé Kaina, Tillabéri heure par heure SpaceRef",SpaceRef,https://news.google.com/rss/articles/CBMiYkFVX3lxTFBDUTZmTWRuaGZhbG9jMUU2TTNOR2JuZ0VONjczdGRxSkJ5cHdkX3YwYkxtb3lLQnd3ZFIzV19la0ZNNGZNN21QN1NOaExVcndHei02SmF2cUVsOWhFdGhfcWRR?oc=5,Google Actualités — Niger,fr
media_aebe6cb3ecf186a5,2026-09-21,"Météo à Bangali, Tillabéri heure par heure",Tillabéri,Tillabéri Region,Niger,14.207,1.454,event,Signal médiatique,autre,À vérifier,Signal médiatique — vérification requise,faible,centre de localité approximatif,"Météo à Bangali, Tillabéri heure par heure SpaceRef",SpaceRef,https://news.google.com/rss/articles/CBMidEFVX3lxTE9kRldCa0JEWXIzanVqeXl3bGMzNFdndDNvbUEtREVqZlVwVzVlRzMzOENvRWlTeHFMUFQ5cS15N3U0d0c4Rl9NZDc5X1BySU9OZjVkbHFtZVZaMENQQ2Yxd2ZSQml6X05vTnRhb3gzbjlqSGhE?oc=5,Google Actualités — Niger,fr
media_870bc2221f32ef5f,2026-09-21,"Météo à Baboulwa, Diffa heure par heure",Diffa,Diffa,Niger,13.315,12.611,event,Signal médiatique,autre,À vérifier,Signal médiatique — vérification requise,faible,centre de localité approximatif,"Météo à Baboulwa, Diffa heure par heure SpaceRef",SpaceRef,https://news.google.com/rss/articles/CBMiY0FVX3lxTE80SUoycGNIcERfa2FnTEhaYzJ5bmRfSzFobEJNV2FPTV9BVGNJY0Z1OVd1cTRZdF9qaGI1UTJJWEdENG8tRUJSbnVURUlCanByckRsaERaeWk2b1FYOHBseDZsdw?oc=5,Google Actualités — Niger,fr
media_56fa1b1c00e63067,2026-09-21,"Météo à Adamri, Diffa heure par heure",Diffa,Diffa,Niger,13.315,12.611,event,Signal médiatique,autre,À vérifier,Signal médiatique — vérification requise,faible,centre de localité approximatif,"Météo à Adamri, Diffa heure par heure SpaceRef",SpaceRef,https://news.google.com/rss/articles/CBMiXkFVX3lxTFBrWlJCb09IeVlDaV83YldCeHdCMktDN3ZROERDcTk2cXRSX2FhS1lSRHpUazI3ZWtIYTd1bVl2bWRhSlh1VFF5U1k0YndrRTh1VnlEQ3A2dm1fOXZVY2c?oc=5,Google Actualités — Niger,fr
media_77a16300ee277c21,2026-09-21,Mali Junta Holds Crisis Meeting After Jihadist Attacks,Mali — lieu à confirmer,Mali,Mali,,,event,Signal médiatique,sécurité,À vérifier,Signal médiatique — vérification requise,faible,non géolocalisé,Mali Junta Holds Crisis Meeting After Jihadist Attacks,riotimesonline.com,https://www.riotimesonline.com/mali-junta-crisis-meeting-jihadist-attacks-2026/,GDELT DOC 2.0,English
media_8e74e1b883267829,2026-09-21,"Mali : plus de 100 soldats tués, nouveau bilan dans l’attaque du camp de Dioura",Mali — lieu à confirmer,Mali,Mali,,,event,Signal médiatique,sécurité,À vérifier,Signal médiatique — vérification requise,faible,non géolocalisé,"Mali : plus de 100 soldats tués, nouveau bilan dans l’attaque du camp de Dioura france24.com",france24.com,https://news.google.com/rss/articles/CBMiyAFBVV95cUxNOTZ6VUJVZjhBTzJ6Q3BhSkNvZkUwZGM3cTYzZDRyVFI4dnNqUXFtQ2NzQVFyOGhBRUNEWnpzV19yaF9qclFvbjRhdUtRS1ZHV1N4SXgxZzZnNEVvVlNreEdZT0VMdmN4dnQybXhmM2xPMjlfSlE4SEdGdVV1eVB5OWl3akNLMEU2WDNSanltaTlRbmlwV2FQUFI5eENlZ2E2VTI5eHdlMksxZmxEM1BuUnljMGlnUEVwVHVuVDlaSG1kLUdIWGg3Uw?oc=5,Google Actualités — Mali,fr
media_0a729b2ca1c6d246,2026-09-21,Mali : La junte tient une réunion de crise après la recrudescence des attaques jihadistes dans le pays,Mali — lieu à confirmer,Mali,Mali,,,event,Signal médiatique,sécurité,À vérifier,Signal médiatique — vérification requise,faible,non géolocalisé,Mali : La junte tient une réunion de crise après la recrudescence des attaques jihadistes dans le pays,fr.allafrica.com,https://fr.allafrica.com/stories/202609210157.html,GDELT DOC 2.0,French
media_5b86c40ddb5a9b9d,2026-09-21,"Mali : Dioura, les FAMa confirment des pertes dans ses rangs et des militaires capturés",Mali — lieu à confirmer,Mali,Mali,,,event,Signal médiatique,autre,FAMa / État malien,Signal médiatique — vérification requise,faible,non géolocalisé,"Mali : Dioura, les FAMa confirment des pertes dans ses rangs et des militaires capturés koaci.com",koaci.com,https://news.google.com/rss/articles/CBMi9AFBVV95cUxPX0Z3bE92SnJWLVlzV2VYYnVSZlkwRl9HNXpNc0gtMzNUbDdfREJVemI5dmlyRnViV3ZzMkhmN2hyNG1Vb2UyOTFNZWlNd1RXQ3Z2U25OakZLTWpOY2c2MEp0Unh0WGdCU0o3azJvbmVEQzM1bi1kOEV5V19wN0FmWnB1VVRkRmgwNnJXLWQ3RHRmTElUdFVaMnRLX1F4UElBLUdLWjNZQnBwbnNrZU80MGpJb2FCZFdaazBpbXA0eEpXeXVfT3VmODN4LVVYR2U4dGVmSGxuZ3JuSnR3UmNPUmR6TUhvUGRZNjVpV2ZpRXNGbTBT?oc=5,Google Actualités — Mali,fr
media_a1aee131b3cd949e,2026-09-21,"Mali : 150 morts à Dioura, des militaires otages dans la brousse et une réunion à Bamako",Bamako,Bamako,Mali,12.609,-7.975,event,Signal médiatique,autre,À vérifier,Signal médiatique — vérification requise,faible,centre de localité approximatif,"Mali : 150 morts à Dioura, des militaires otages dans la brousse et une réunion à Bamako france24.com",france24.com,https://news.google.com/rss/articles/CBMi4gFBVV95cUxQWWNPTVloWDU3LUNQak9PcGU3WlJreTJFeFlqcUxmQkNqVC1qMll0OFBRLWJTc2hrbk1JQ3lDRUhHazh3UWdXQ0lPbGRBcER4NVFhS05EVVo2QWZUX0Z3eTFjRDhrdXIwNjFrQXZRTmtUQlpxLURhZy1vZGZNMlJ3OE90SS1hRzlJbnBnNmd6dmdIcjJDZmlXVGtOSmQ0ZnlpeWtMZi1lNVZON2Q0YlJkcHpQUEZ0Z0hiczNfNURLdWhWRXRNY2V1a2RUY3lfdDRXUDdfV0E3bEg0TWplWnBHSkhn?oc=5,Google Actualités — Mali,fr
media_ba917454fe1f5759,2026-09-21,MALI: Lakana lajɛrɛ kɛrɛnkɛrɛnnen dɔ kɛra kunu Bamako yasa ka fɛɛrɛ ɲini binkanni labanw la,Bamako,Bamako,Mali,12.609,-7.975,event,Signal médiatique,autre,À vérifier,Signal médiatique — vérification requise,faible,centre de localité approximatif,MALI: Lakana lajɛrɛ kɛrɛnkɛrɛnnen dɔ kɛra kunu Bamako yasa ka fɛɛrɛ ɲini binkanni labanw la RFI,RFI,https://news.google.com/rss/articles/CBMimwJBVV95cUxOR2dNczlBWWdZUkY4RS1hZ3dRTElSTFlIVEg5aFFUZVZHbEttUHhiZzFSSVJpYl9DdXRSTG0wcUJVYkdBeC0wbzVpc0V5Nm1sQm0zTzhtdmdsTHQtVnBMdHdrVjFJQzVKSzFheHdtX0VFNGp4Y2FWYVl5aGgxNGVrWHBLQWFMejBSb2Z4Um9wb2V0MGlnd1NvU082MU1BNmliQk4tUFFtT1FYampyQmRzNml2WWVwZHFReU9RZHpnUmllZE5TOUdHZFJ2NHJfVS0ydXl3cncwaGFYNmt0bjNZOUNuTENKM1hPNnlDMFFXc0lQNVl4Z0RaRU1lRXROd3g1SjJYMTJNMWlCUWFqX2s0Z0ktRHdEb3RLZnlv?oc=5,Google Actualités — Mali,fr
media_8e0101b45879da57,2026-09-21,"MALI : DIOURA, LES DESSOUS D’UNE ATTAQUE QUI SOULÈVE DE GRAVES QUESTIONS",Mali — lieu à confirmer,Mali,Mali,,,event,Signal médiatique,sécurité,À vérifier,Signal médiatique — vérification requise,faible,non géolocalisé,"MALI : DIOURA, LES DESSOUS D’UNE ATTAQUE QUI SOULÈVE DE GRAVES QUESTIONS youtu.be",youtu.be,https://news.google.com/rss/articles/CBMiQkFVX3lxTFAxeDZ1aDVfWURKNDRIdGx1VGk1Rmw2cmZqd3FpLVBlRnBDQWw3aDktc0tjZUZqNnItel9ZSHY2Qk8xdw?oc=5,Google Actualités — Mali,fr
media_47840f2ba43b3121,2026-09-21,Le Maroc et la Mauritanie signent un accord pour réhabiliter la route Nouakchott-Nouadhibou,Nouadhibou,Dakhlet Nouadhibou,Mauritanie,20.942,-17.038,event,Signal médiatique,autre,À vérifier,Signal médiatique — vérification requise,faible,centre de localité approximatif,Le Maroc et la Mauritanie signent un accord pour réhabiliter la route Nouakchott-Nouadhibou lopinion.ma,lopinion.ma,https://news.google.com/rss/articles/CBMiiwJBVV95cUxNZU9UNXR1WV9sNzdiZUFGSVRkNTE1cGtWOHJQU3NIZGF3Q3ROcDA5Z1J4YzlyQkdBOTVGOFdtVGNacWNGSm5xTDh3TXFTS3BkTEZuMWNIdFhiaGVETnIxcFBoRlZwdVNUemlXQWVzMTQ2M2VzMElWb2sxS3lfc1E5by12djR0LXNRSm8xRzQtSmlMR1BBUTJQbEJmTXJtRmxhM1htUE1lU3ZPZGFJb1B1UTl3R3RJRFhjVDdxX011akF4VTh0c1JsYkFINW5hdnlRd0NlaVFtQWVpRDYtbGNpOHVFcjhkNGlCZmVBVlF1N0E3Smt0T09oUVJCaGdDdkU4ZjFwckF3V2tIems?oc=5,Google Actualités — Mauritanie,fr
media_b67f75a1c9cd215c,2026-09-21,"Lac Tchad : 11 pêcheurs tués près de Ngouboua, l'armée affirme avoir abattu neuf assaillants",Tchad — lieu à confirmer,Tchad,Tchad,,,event,Signal médiatique,sécurité,À vérifier,Signal médiatique — vérification requise,faible,non géolocalisé,"Lac Tchad : 11 pêcheurs tués près de Ngouboua, l'armée affirme avoir abattu neuf assaillants Tchadinfos",Tchadinfos,https://news.google.com/rss/articles/CBMiwAFBVV95cUxOdjdrSUZ1ZzdnOTh2dXNsNVRqREJMNmlXcXVnZWdIeDRvS2RGT0trdmdrelp2emttc2pTTHBvZU4xWHExZkNfTFpJY01Db1JPRmt0STlTNmpfYlFQaUVjWEthT1gyWlFSdXpocncxMjh6S2dGTFhta3pWT3g5R3dwWF9sdWlzV2dHVVVKSTJiTDRjWF9wS25JVW5TQ3d5M0VHSWJfa2h5MGhDR0V1WGZ2SFVXMlBOT1FpYlhWWnNmbm0?oc=5,Google Actualités — Tchad,fr
media_dd593ba854d0ada1,2026-09-21,Laamu nguu yuɓɓinii alet hanki jonnde heeriinde ngam ƴeewde peeje ngam dartinde fitinaaji kuliyankooɓe JNIM e wonndiiɓe mum en,Mali — lieu à confirmer,Mali,Mali,,,event,Signal médiatique,autre,JNIM / GSIM,Signal médiatique — vérification requise,faible,non géolocalisé,Laamu nguu yuɓɓinii alet hanki jonnde heeriinde ngam ƴeewde peeje ngam dartinde fitinaaji kuliyankooɓe JNIM e wonndiiɓe mum en RFI,RFI,https://news.google.com/rss/articles/CBMinwJBVV95cUxNcnRyYjVwSXlsWTY4TFZrMzNxNlBWam5seFVPb2dqSy0zaDZHRk9SNm55Y3lJcFVIQVdLaF9QMWxWMjJQcDFnb3NRSzVac285UTZ3Rl8yaGlYd1lOUHlGVEtLTFI2M01oeFhtRUlKdWp2WFlpZFlkbk5wb0FGLUpsallFWXljNk9wTEplSDNRc1E1VEZTdHlYdVNqT282RWFQdHplY0tkNjlNVnh5eGttd2FZR0xLWVRsUm83dnlHVW9JYXBYdmowbUtoTTJyUjVackM3MUdVNENyS2pLTGNVdjY3cWprNDkyVzZyd2JoNXRtRU11ellCekU2d3lwdkdHRG5oWkt6WG5TRFBLZWVDekRqeVFnVzVqOHpfeGloMA?oc=5,Google Actualités — Mali,fr
media_e5fc988abd43f45e,2026-09-21,La filiale d'Al Qaeda au Sahel revendique une double attaque contre l'Armée du Mali et le Corps africain russe.,Mali — lieu à confirmer,Mali,Mali,,,event,Signal médiatique,sécurité,À vérifier,Signal médiatique — vérification requise,faible,non géolocalisé,La filiale d'Al Qaeda au Sahel revendique une double attaque contre l'Armée du Mali et le Corps africain russe. Demócrata,Demócrata,https://news.google.com/rss/articles/CBMi6AFBVV95cUxQaHBlb1FCaGYxRFlzLXRjemM3LTU2eEJHMmRKQUQ5T3JWU2pfTlZXaWVBXzItUWJ2U09lOWVNVmx3TXR3WlBlSTZqdEhrZnFRVjZiUWtSa1BRWkZjVUdValhTVEhremhyd3FIYmU1WXRXcVl3dzZWLWJXZFZKRExoV2tyTWxnS0VBX3c1a0dYUFEta19EWENYdXdGeVR4NTRpSkhONjgtNE00LUdNaUVBc3J5dEZuYTlBODd3b0FuMENqNVdoRXpNMW9pNElWWnViRlNVeU9Oa1RNRUtXVW9vZDVISTd2c2F40gHuAUFVX3lxTFBhYm5mZHRVTjhQOVE5SXRRc2dENXBjYmg2UTEzV2FkX3NZZkZaRDVha2xhdlNQZlBHZm1fNy1GWmwtZGkwYnpPRE9ja2VtemQxWHBSVUdkV3FVVG9GemhlemMxLXJhOHl5LVpDdzlzRzdtWmhDemNoVV84d2UzckRDZFMtTTBYXzJRdTZpZ28xdU1uWVYxdlhIQ3Jzend3dG04VHNOZVJGWWlPQUlQRGNIdTk1NEJMYkY5SVhSYjZ3Q183RFFzWnpzY2VqSkpFdUFjekNyM3pzclVPZ3dZQTM5QTlXZ1FCZGM3VFpWTGc?oc=5,Google Actualités — Mali,fr
media_e04494a1cb5f4ca5,2026-09-21,Kidal : les FAMa neutralisent plusieurs terroristes et détruisent une base logistique ennemie,Kidal,Kidal,Mali,18.443,1.409,event,Signal médiatique,autre,FAMa / État malien,Signal médiatique — vérification requise,faible,centre de localité approximatif,Kidal : les FAMa neutralisent plusieurs terroristes et détruisent une base logistique ennemie Mali 24,Mali 24,https://news.google.com/rss/articles/CBMitwFBVV95cUxQQXJYMGFZdWE1dnp6dEFZeFBSZEpQODV4LTUyRnlkZm84T1pNTFdOSm95YlFJLU9iUXp2MzY2d0ZHc1RtandNdGZPZ3k3SEZQSk1CLVRGV0IzY2lsUVBXTzV2dE85REdSYzVHbjVHQjdVVEdoT3FtVnRWemhFczNueXl2a0wyVnFONHZycGZjR0FuZFlJNEJJZ0JvbjJ4bzBPWmkwTDhJSFdCUmNxUmdGNEdacmdJY2_SAbcBQVVfeXFMUEFyWDBhWXVhNXZ6enRBWXhQUmRKUDg1eC01MkZ5ZGZvOE9aTUxXTkpveWJRSS1PYlF6djM2NndGR3NUbWp3TXRmT2d5N0hGUEpNQi1URldCM2NpbFFQV081dnRPOURHUmM1R241R0I3VVRHaE9xbVZ0VnpoRXMzbnl5dmtMMlZxTjR2cnBmY0dBbmRZSTRCSWdCb24yeG8wT1ppMEw4SUhXQlJjcVJnRjRHWnJnSWNv?oc=5,Google Actualités — Mali,fr
media_0bc840906692dd62,2026-09-21,Journée de la paix au Niger : Niamey mobilise sa jeunesse au stade Kountché,Niamey,Niamey,Niger,13.514,2.11,event,Signal médiatique,autre,À vérifier,Signal médiatique — vérification requise,faible,centre de localité approximatif,Journée de la paix au Niger : Niamey mobilise sa jeunesse au stade Kountché Journal du Niger,Journal du Niger,https://news.google.com/rss/articles/CBMijwFBVV95cUxNZFZ5YnhXM25qSTRnUFlRT3djVlR3NVo0cXc5ZEJMSXp3WXlaWlotVUIzcWdVYkFDSV96WUMyUVIwWmRPbU9NbkJ2R2J0eGh4SEpMRVlLaWowUE51cHdCMGxiZEIwa3puZ1Q1ZUFNcjRHc1VvMnNJbDloYi1lRlFXSVlaX1duRzVfTzVaX19MYw?oc=5,Google Actualités — Niger,fr
media_aa43c796b9aa6c23,2026-09-21,Infrastructures: le Maroc et la Mauritanie s’accordent sur la réhabilitation de l’axe Nouakchott-Nouadhibou,Nouadhibou,Dakhlet Nouadhibou,Mauritanie,20.942,-17.038,event,Signal médiatique,autre,À vérifier,Signal médiatique — vérification requise,faible,centre de localité approximatif,Infrastructures: le Maroc et la Mauritanie s’accordent sur la réhabilitation de l’axe Nouakchott-Nouadhibou Le360 Afrique,Le360 Afrique,https://news.google.com/rss/articles/CBMi6gFBVV95cUxQc1pCVklKWWYtMW5sdTU0ZWxHNEwtRjNGX2JHWEJPeWZmZTd1RUd6WDNFdlQ5TzRlYy1VSFIxbklyM3RidWhLVDczeEk3RGM1eUpOX0ZXaWhuRUUyd2ZpWTNHU016cU1EWXlRbzBuUFhTOGNzQTV6MGNORDlTYU5jRnhmZkpOSzl0Z0U0YVR6MnpWWVZwSDJ0NHVJOHRmRFctRHBNNElwR0s0WXhNbXpuczRVMFpWdGJUbDFmRHBmRTdESlNCZkVYanpmX0JmZ1o5bHVPeXBGUElYT2JpUHBURGVMMFFROWdjM1E?oc=5,Google Actualités — Mauritanie,fr
media_b15d567352e8db76,2026-09-21,IPOB links Enugu political violence to election boycott,Tô,Centre-Ouest,Burkina Faso,11.444,-2.225,event,Signal médiatique,politique,À vérifier,Signal médiatique — vérification requise,faible,centre de localité approximatif,IPOB links Enugu political violence to election boycott,tribuneonlineng.com,https://tribuneonlineng.com/ipob-links-enugu-political-violence-to-election-boycott/,GDELT DOC 2.0,English
media_7f241ed740f639f7,2026-09-21,Commuters Stranded As Residents Protest Renewed Attacks in Niger – Daily Trust,Niger — lieu à confirmer,Niger,Niger,,,event,Signal médiatique,sécurité,À vérifier,Signal médiatique — vérification requise,faible,non géolocalisé,Commuters Stranded As Residents Protest Renewed Attacks in Niger – Daily Trust,dailytrust.com,https://dailytrust.com/commuters-stranded-as-residents-protest-renewed-attacks-in-niger/,GDELT DOC 2.0,English
media_1b2be9c3b53e69b7,2026-09-21,"Burkina : La Police nationale recherche activement TIGHRE Jean Pingwendé, présumé auteur de faits criminels et autres, commis à Bobo-Dioulasso",Bobo-Dioulasso,Hauts-Bassins,Burkina Faso,11.181,-4.295,event,Signal médiatique,autre,À vérifier,Signal médiatique — vérification requise,faible,centre de localité approximatif,"Dans un avis lancé à travers sa page Facebook, ce lundi 21 septembre 2026, la Police nationale informe l'opinion publique qu'elle recherche très activement le nommé TIGHRE Jean Pingwendé (photo ci-associée), évoluant dans le domaine des forages. L'intéressé est recherché pour des faits présumés d'enlèvement, de séquestration, d'assassinat, d'assoc…",LeFaso.net,https://lefaso.net/spip.php?article149384=,LeFaso.net,fr
media_d85eefab39ba0fb3,2026-09-21,Attaque meurtrière de Madegoua: Issa Tchiroma Bakary condamne et exprime sa solidarité avec les victimes,Tchad — lieu à confirmer,Tchad,Tchad,,,event,Signal médiatique,sécurité,À vérifier,Signal médiatique — vérification requise,faible,non géolocalisé,Attaque meurtrière de Madegoua: Issa Tchiroma Bakary condamne et exprime sa solidarité avec les victimes Actu Cameroun,Actu Cameroun,https://news.google.com/rss/articles/CBMi1wFBVV95cUxNcGZ4MldFMmU5NFlBaGxKV1lHQ3BzOWdqaFpJUXJVVHFKdWdlWlpNRjNrMDMxdWg2Y3NiQ2wwUGUzVENYYTBiTDBrSERpTW9Ud1c3RjdGbVhZSDRkYkgtM1lza2xTQW12T2JveExEbEFZMl9tbFpmNjlLSDliQzQzM3pDSUFnV2NNN2JGek9UTi10bF9xZWVpRWlneWFKdi1PXzJDU1A0bXdqNUVHbWNfcEswUWM3V2ZfZTh0SnlOOXRoZFMxRDdYUnJzYm1uQnRxb3JGTVFmOA?oc=5,Google Actualités — Tchad,fr
media_83fdc9e81263da95,2026-09-21,22 septembre 2026 : Assimi Goïta dresse le bilan de la Transition et réaffirme la quête de souveraineté du Mali,Mali — lieu à confirmer,Mali,Mali,,,event,Signal médiatique,politique,À vérifier,Signal médiatique — vérification requise,faible,non géolocalisé,"À l'occasion du 66e anniversaire de l'indépendance du Mali, le président de la Transition, Assimi Goïta, a livré un discours à la nation axé sur la souveraineté, la lutte contre le terrorisme et les avancées économiques du pays. Un message qui mêle bilan et appel à l'unité, à quelques mois d'échéances politiques majeures.",Maliweb — Actualités,https://www.maliweb.net/armee/22-septembre-2026-assimi-goita-dresse-le-bilan-de-la-transition-et-reaffirme-la-quete-de-souverainete-du-mali-3120072.html,Maliweb — Actualités,fr
media_849bcc6f33f4ae0d,2026-09-20,"Reportage Afrique - Mauritanie: à Dar Naim, une salinisation des terres destructrice pour l'habitat [3/3]",Dar Naim,Nouakchott North,Mauritanie,18.108,-15.927,event,Signal médiatique,autre,À vérifier,Signal médiatique — vérification requise,faible,centre de localité approximatif,"Reportage Afrique - Mauritanie: à Dar Naim, une salinisation des terres destructrice pour l'habitat [3/3] RFI",RFI,https://news.google.com/rss/articles/CBMi3AFBVV95cUxNSTFNRUNyc1BibGdTNXNXMVI5ZlgwaDFRdlFlQlRrTFo1TjRSZ1BQNm80aUh4eVlUb0M5QnQ5T2JWWFBqYmc3STdXdXRwM2ZXQ1NsNGRVMnJfQUFsQmxpZUpNRWM2MUNNSVc5LXMwREhOd2RrZnE3YnBTTTB0WGFfODQzeVM4eS0zcDM5VmFUMEhVSGdzTkp6WmdCeFBlSC13M0pCMDZjY0x0bEJlOTJwNE5Sd05iWXVmZDR2SXBSQjFRUGJXS3B1ZzlBR2gyXzV2UTZCQzlmV2dVSFF1?oc=5,Google Actualités — Mauritanie,fr
media_34ae0b65b088d6aa,2026-09-20,Niger / Région de Diffa : Gueskérou et Assaga se mobilisent pour réaffirmer leur soutien à Tiani,Diffa,Diffa,Niger,13.315,12.611,event,Signal médiatique,autre,À vérifier,Signal médiatique — vérification requise,faible,centre de localité approximatif,Niger / Région de Diffa : Gueskérou et Assaga se mobilisent pour réaffirmer leur soutien à Tiani 24heureinfo.com,24heureinfo.com,https://news.google.com/rss/articles/CBMiwwFBVV95cUxQaGh0b2VPR2sxX0pzYURBUk5SQ182eVV3MDI1Y0d1eG8zbTBrcWJiWlZIdHZaaEQ1NmU2RkdhRENPeGx2V282TkhCTmYxdWtwTnlzODhsTUlMSDBncWtHVDZuSGdzQVFRMkNKa1VQZk5BbEk4NWtscXQ1ZXV2QUpSN3R4eE1jNmxYT3oxM2h5Qkg2OS1oQm56ZE1qenZ6UU95YlctWWNGTVhnQzVyUENNT0Q5alk0ZFhiSUVmVXJ0M3lnb0E?oc=5,Google Actualités — Niger,fr
media_119e5ffb90035375,2026-09-20,"Météo à Tombo, Tillabéri heure par heure",Tillabéri,Tillabéri Region,Niger,14.207,1.454,event,Signal médiatique,autre,À vérifier,Signal médiatique — vérification requise,faible,centre de localité approximatif,"Météo à Tombo, Tillabéri heure par heure SpaceRef",SpaceRef,https://news.google.com/rss/articles/CBMickFVX3lxTFBoQWxNeHB1NHdaYnA4REtWMGZmWDM2S1pLT21iWXU0aEptYzlfeWV1cUR6Y3FiRzI3bHFDUUdiYVZZUG1vUEljTGNQN3hBNzA0MWE5cEp1bzg0Zktkcm1PcjIxQnJtRk16QnBpWjlTVXEzZw?oc=5,Google Actualités — Niger,fr
media_88a536b474670a68,2026-09-20,Mali: Les jihadistes remettent la pression aux Fama et leurs alliés de l'Africa Corps,Mali — lieu à confirmer,Mali,Mali,,,event,Signal médiatique,sécurité,FAMa / État malien,Signal médiatique — vérification requise,faible,non géolocalisé,Mali: Les jihadistes remettent la pression aux Fama et leurs alliés de l'Africa Corps FratMat,FratMat,https://news.google.com/rss/articles/CBMi1AFBVV95cUxNOFd1Z1c0U0JXMlR4M1Q0MF9ZQTU3WjlFUVVrUy1teGdWelN6eEp6VmJ0aUpkZVo0dktsbC1CU201WkRDUjFZTVp6SE5HejRYdTBBVXlvX3dTeVpQZDBrU2ZuQS1pNXB4Z3NJMkxCNi13cFNyZl84YldQTEp1dUhWdDhYaVdqM0xmT092emVrMnlvbXJVMk56SFR3U3REUE90QVY0b1RLMU5UU2JrQXZPamptRUJTUWpyZC1FeEF2YkNKX1lHRU0zOUVHUW5LaE45WTVZZw?oc=5,Google Actualités — Mali,fr
media_db14e3136f4eb341,2026-09-20,Mali Dioura Attack Kills at Least 100 Soldiers,Mali — lieu à confirmer,Mali,Mali,,,event,Signal médiatique,sécurité,À vérifier,Signal médiatique — vérification requise,faible,non géolocalisé,Mali Dioura Attack Kills at Least 100 Soldiers,riotimesonline.com,https://www.riotimesonline.com/mali-dioura-attack-death-toll-2026/,GDELT DOC 2.0,English
media_7e19e2ada34090f6,2026-09-20,"Mali : Bamako n’est plus à l’abri, le JNIM change d’échelle",Bamako,Bamako,Mali,12.609,-7.975,event,Signal médiatique,autre,JNIM / GSIM,Signal médiatique — vérification requise,faible,centre de localité approximatif,"Mali : Bamako n’est plus à l’abri, le JNIM change d’échelle Le Matin d'Algérie",Le Matin d'Algérie,https://news.google.com/rss/articles/CBMiigFBVV95cUxPNURwZzVxQ1V0Tjk0VVpwNTQwTjF1SDFjUjhDdWtsVEdURnVQQ3NNMUNwOTF5XzRVZW5BWjlhNFdpMlQ3UmUxTmVNaEd2aHBLZldLcFM3OHdJb2hMRmdVS3RVdVBSREZCakctSUV4RUpzYTlEa3gzQ3BnZTdPNlUtZjcyM0xxNms4amfSAZIBQVVfeXFMT0trdEFKTVRmQTVqR2dGUDhnb1RMczgwXzNCTXZVcTNPZi04TGNCMlVHT0I3TWFodG1rOC1semlNRTdENTc0U3l5U2t5allHbkJYSkhIblBIcjNhUHRLVHo5LXBEUjM2TVBzUk11THhua1VZYzBYSElld1dyaW92LWpFZWhoZFhkTnNzakJDT05Pemc?oc=5,Google Actualités — Mali,fr
media_2565a5750da79959,2026-09-20,"MALI: Siaka Koné ni sɔrasi diyagoyaminɛlen wɛrɛw yiralen JNIM fɛ, o y'a somɔgɔw nisɔndiya",Mali — lieu à confirmer,Mali,Mali,,,event,Signal médiatique,autre,JNIM / GSIM,Signal médiatique — vérification requise,faible,non géolocalisé,"MALI: Siaka Koné ni sɔrasi diyagoyaminɛlen wɛrɛw yiralen JNIM fɛ, o y'a somɔgɔw nisɔndiya RFI",RFI,https://news.google.com/rss/articles/CBMigwJBVV95cUxPUFRBZ3d0bnppQ2RqVFFXemtJWUtacEFaQnZGeUMzVWNOSzQzdENnYlJhVktIS0VvbmdhZkIzYkhxdXVObzRYWk9wQlhOOGd5bVIyS0RJT1hOd1BKR1gzcXR0dl9aZXNFQXJiZFR6R3BEZFN3VFFHOU9ZNVJiel9TaDRnOHJHNUQ5dnBhZld0aXlHUEthb0Q3X18zdGhyRmtGQzM1cDRpLS1pRzloVzhWSUxJbDJoSUJ1TFV3Q0NTQXlDYzdyMlhOOEQ2NnVBak1vNHBaYnJMRHFfd3VFUTQwZDljcjk0MnI5S0RRRlFnRnFFYzdnTFY1U19qRF9HT0xobllj?oc=5,Google Actualités — Mali,fr
media_4bed7c1eab0b0da8,2026-09-20,Les FAMa et l’Africa Corps ont frappé des positions de terroristes dans la région de Mopti,Mopti,Mopti,Mali,14.484,-4.183,event,Signal médiatique,sécurité,FAMa / État malien,Signal médiatique — vérification requise,faible,centre de localité approximatif,Les FAMa et l’Africa Corps ont frappé des positions de terroristes dans la région de Mopti maliweb,maliweb,https://news.google.com/rss/articles/CBMi0wFBVV95cUxQQnZUcEdKeW9ubEtmSGJUb2EteTNuQmVhSkFCRmlqMzNkdU1PcXJwY25RNHVBUmZyUVhPaE12LUlsQXE3VnF4QUhOXzBOQ3dzS1dDMjFuNzRHNmJNdWlHODluOXQwSkpfVDZiY09DYXVCalJ1N1hwM1hBbV9KVThzcGZkbXNpWHZhOFZZQXRLM0R4UlpySjJLaE1JN24wdWFFSEdWRzBTUVNDWHZnM280Ql8xUi1aNExzRU52UmdUckhSeDJobV9uNmpmTVgzbEd2Ym1F?oc=5,Google Actualités — Mali,fr
media_fa82be100cfa2e07,2026-09-20,"Drame à Yoto : Attaqué par un hippopotame à Afito, un homme succombe à ses blessures, le site écotouristique fermé",Burkina Faso — lieu à confirmer,Burkina Faso,Burkina Faso,,,event,Signal médiatique,sécurité,À vérifier,Signal médiatique — vérification requise,faible,non géolocalisé,"Drame à Yoto : Attaqué par un hippopotame à Afito, un homme succombe à ses blessures, le site écotouristique fermé 24heureinfo.com",24heureinfo.com,https://news.google.com/rss/articles/CBMi2wFBVV95cUxNQWl3TGxDLWRJR0o2Ujg5T2pFWWRRMzZzNTJPMThrOEtzSUtxcDFtMzlKMnE2djhmNVZSTjRNall1Y2xSUlFzRy1HakZnZFZwUU1KT3lrUWFXX2lWalg2d04xVGxiQ0tGTkhmTmhzOGpCZzFVeFdIY0NpZmlpRGVlSEJIc01ZNlpycEllbjZvektUVFBra2dtT3N4dVJtMWJSZ2JuSkdUS0NnSzdUeWtSd2dUZENRQ3NpaXpPcUdqMlZFaXltTUJWMjF5b2h1Qm81cjFvUWp5TlpnMEU?oc=5,Google Actualités — Burkina Faso,fr
media_43f7f75193165703,2026-09-20,Comment le Burkina finance sa lutte contre le terrorisme,Ouagadougou,Centre,Burkina Faso,12.366,-1.534,event,Signal médiatique,sécurité,À vérifier,Signal médiatique — vérification requise,moyenne,centre de localité approximatif,"Dans son ouvrage « Financement de la lutte contre le terrorisme au Burkina Faso : Économie politique d'une résilience nationale », dédicacé le 21 mai 2026 à Ouagadougou, Dr Youssouf Ouattara révèle comment chaque Burkinabè, par des gestes quotidiens, contribue financièrement à l'effort de guerre contre le terrorisme. Administrateur civil et spécia…",LeFaso.net,https://lefaso.net/spip.php?article149346=,LeFaso.net,fr
media_d0c9e442d9dc2118,2026-09-20,Burkina/Guerre contre le terrorisme : Le général Célestin Simporé détaille les mutations de l’armée et croit en une fin prochaine,Burkina Faso — lieu à confirmer,Burkina Faso,Burkina Faso,,,event,Signal médiatique,sécurité,À vérifier,Signal médiatique — vérification requise,faible,non géolocalisé,Burkina/Guerre contre le terrorisme : Le général Célestin Simporé détaille les mutations de l’armée et croit en une fin prochaine leFaso.net - L'actualité au Burkina Faso,leFaso.net - L'actualité au Burkina Faso,https://news.google.com/rss/articles/CBMiY0FVX3lxTFBqelR0YzVWamhxYWd1YUNjOUx5TVJheGZmdjJiNmhXTGs5TmwxcUg0WWlkMzc2d0xWMnd1UWhrZ09mbVpHM2J6cXpESV9SLXZ4d1hBQTJSUGludW1JVVNjZlBiQQ?oc=5,Google Actualités — Burkina Faso,fr
media_5b6c051bbe244c8e,2026-09-20,Burkina/Guerre contre le terrorisme : Le général Célestin Simporé détaille les mutations de l'armée et croit en une fin prochaine,Burkina Faso — lieu à confirmer,Burkina Faso,Burkina Faso,,,event,Signal médiatique,sécurité,À vérifier,Signal médiatique — vérification requise,faible,non géolocalisé,"Depuis la région des Koulsé, le ministre de la Guerre et de la défense patriotique, le général de division Célestin Simporé, s'est entretenu, samedi 19 septembre 2026, avec les journalistes de la Radio nationale du Burkina Faso (RTB Radio). Pendant plus d'une heure, il a livré sa lecture de l'évolution de la situation sécuritaire, de la montée en…",LeFaso.net,https://lefaso.net/spip.php?article149363=,LeFaso.net,fr
media_2b53b86628156fce,2026-09-20,Al - Qaida - linked JNIM claims a deadly Mali army camp attack,Mali — lieu à confirmer,Mali,Mali,,,event,Signal médiatique,sécurité,JNIM / GSIM,Signal médiatique — vérification requise,faible,non géolocalisé,Al - Qaida - linked JNIM claims a deadly Mali army camp attack,economictimes.indiatimes.com,https://economictimes.indiatimes.com/news/defence/al-qaida-linked-jnim-claims-a-deadly-mali-army-camp-attack/articleshow/134362675.cms,GDELT DOC 2.0,English
media_cdf19dd9bf800113,2026-09-20,AES : le Mali et le Burkina Faso réaffirment leur soutien au Niger après la tentative de déstabilisation à Niamey,Niamey,Niamey,Niger,13.514,2.11,event,Signal médiatique,autre,À vérifier,Signal médiatique — vérification requise,faible,centre de localité approximatif,AES : le Mali et le Burkina Faso réaffirment leur soutien au Niger après la tentative de déstabilisation à Niamey 24heureinfo.com,24heureinfo.com,https://news.google.com/rss/articles/CBMi3AFBVV95cUxOYUwzdms2SzJ6ekd5LXh0UjNtUnBzV3hLYUJQRnZfU3kzT05vSTY5SnBJc1N2QXQtTXFUbFVQTnRVbVM5VzZSVXoySGp1VXlUOThBbzNSb2E0NDQzWDZpajJ5Rl8zYjl3bTVfdXhic2pHTE9OWVdtMkpyd3BEYjZZMjVRWWJTNDdrUlRqSkhTZHNPWHNoM0RRY3E2NHBJY3VISU5seEQwUnpRVFU1eE1hMjFyV1lvVEhFM0JJb3Z4dUxBaFZJWV8wc0x4d2hJc0t1SmNEVnlXeFBCZWlU?oc=5,Google Actualités — Niger,fr
media_d13144c7c83f0206,2026-09-19,"Opération Dougoukoloko: les FAMa ciblent plusieurs positions de groupes armés à Djenné, Sévaré et Ber",Djenné,Mopti,Mali,13.906,-4.553,event,Signal médiatique,autre,FAMa / État malien,Signal médiatique — vérification requise,faible,centre de localité approximatif,"Les Forces armées maliennes (FAMa), appuyées par leurs partenaires, poursuivent leurs opérations de surveillance et de sécurisation du territoire dans le cadre de l’opération Dougoukoloko, selon l’état-major général des armées.",Malijet,https://malijet.com/actualte_dans_les_regions_du_mali/311921-operation-dougoukoloko-les-fama-ciblent-plusieurs-positions.html,Malijet,fr
media_4f4e2938da3a7d01,2026-09-19,"Opération Dougoukoloko : Évacuation héroïque à Dioura, l’armée malienne rend hommage à ses fils tombés au champ d’honneur",Mali — lieu à confirmer,Mali,Mali,,,event,Signal médiatique,sécurité,FAMa / État malien,Signal médiatique — vérification requise,faible,non géolocalisé,"Après plus d’une semaine de combats acharnés dans le secteur de Dioura, les Forces armées maliennes (FAMa) ont réussi l’évacuation de deux compagnies qui ont tenu tête à l’ennemi avec un courage exceptionnel. L’état-major général des armées a dressé un bilan marqué par la bravoure, mais aussi par le...",Malijet,https://malijet.com/actualte_dans_les_regions_du_mali/311932-operation-dougoukoloko-evacuation-heroique-a-dioura-larm.html,Malijet,fr
media_f4f411fe1760f82c,2026-09-19,Nouveau bilan d'une attaque jihadiste au Mali : au moins 100 militaires tués (sources concordantes),Mali — lieu à confirmer,Mali,Mali,,,event,Signal médiatique,sécurité,À vérifier,Signal médiatique — vérification requise,faible,non géolocalisé,Nouveau bilan d'une attaque jihadiste au Mali : au moins 100 militaires tués (sources concordantes) Ouragan.cd,Ouragan.cd,https://news.google.com/rss/articles/CBMivwFBVV95cUxNQk1SMDVoMXRZaDg5aHhkbzdFTkFSVndxdnZvbm43djhoTmJTSW45cW81akRWUmI4R083QkxjTWJVeTIzWlFZWFpjMS10UGVlUFJkbHh2MkRwT2QxSmxWajhNSExCY1JsVVoyNTJ5MW81cm5tLXoyQmlpanBXRFZrUmZVMlFkX2RnQzZYQVliNXdPdUhiZWd3ekd0UWUxd0dSOXJnR3R0XzZnNGFzbDR2cktUSmktLUVscWxyMTA1QQ?oc=5,Google Actualités — Mali,fr
media_6bc1129bcc2cb1ec,2026-09-19,Nouakchott: Fintech Mauritanie Hackathon 2026,Nouakchott,Mauritanie,Mauritanie,18.086,-15.979,event,Signal médiatique,autre,À vérifier,Signal médiatique — vérification requise,faible,centre de localité approximatif,Nouakchott: Fintech Mauritanie Hackathon 2026 Financial Afrik,Financial Afrik,https://news.google.com/rss/articles/CBMiiwFBVV95cUxOMVExcVhkLWVlUGlnWnd1am9CZWd1ZlUycmhLckNveS1yS29ZdzZYQVVyWUNFX1Y1U2xCelBrVks2ZHVNNTZIQk5UcHpUakxkTVl5N0U4TEZRWDV1ak9XSEtjTG9DTGZNWVlFOGtrSjktRVRSSDJBRUpxT19VaVNKQmMydGZWd1Mtb1Fv?oc=5,Google Actualités — Mauritanie,fr
media_4258e0c159c77fdd,2026-09-19,Niamey : 134 familles déguerpies de l’aéroport relogées à Sorey,Niamey,Niamey,Niger,13.514,2.11,event,Signal médiatique,autre,À vérifier,Signal médiatique — vérification requise,faible,centre de localité approximatif,Niamey : 134 familles déguerpies de l’aéroport relogées à Sorey Journal du Niger,Journal du Niger,https://news.google.com/rss/articles/CBMijAFBVV95cUxNTkU1aDU0dmlHSGdwdUNiR1RuckFBYzRLRXBWbU1BdUZPcndnRzBETHpJZjE1WTVhYTRGWEhsdEx0MFBRak5FSmFLNk10aGN0VlRRT2ZZcDJSNDFqNGVrbmFCdm9TMGUwZjNjakNoRTYzTGwzR0pGVzJkUElteWhObFVlWFFoRXMzdWpsLQ?oc=5,Google Actualités — Niger,fr
media_501c9fbc56cfa127,2026-09-19,"Mauritanie : Les Houthis frappent Riyad, une première depuis la reprise du conflit",Mauritanie — lieu à confirmer,Mauritanie,Mauritanie,,,event,Signal médiatique,sécurité,À vérifier,Signal médiatique — vérification requise,faible,non géolocalisé,"Mauritanie : Les Houthis frappent Riyad, une première depuis la reprise du conflit Cridem",Cridem,https://news.google.com/rss/articles/CBMiYEFVX3lxTE1CdW1yUVlJYUhSWi1LT2VKbDM2UDIzeThOTFlZeElBRE5XTkRxYWZ1MkpCYlZZLVBTX3J1ckIxdi1TZjV1YnpSeGszM1VfbWlLaXUzMjlwLTRHcUFGLTVvYw?oc=5,Google Actualités — Mauritanie,fr
media_3d4415fd4fada31a,2026-09-19,"Mali: les jihadistes ciblent Sévaré, un poste de contrôle près de Bamako et multiplient les attaques stratégiques",Bamako,Bamako,Mali,12.609,-7.975,event,Signal médiatique,sécurité,À vérifier,Signal médiatique — vérification requise,faible,centre de localité approximatif,"Mali: les jihadistes ciblent Sévaré, un poste de contrôle près de Bamako et multiplient les attaques stratégiques RFI",RFI,https://news.google.com/rss/articles/CBMihgJBVV95cUxONXJDLVhJSk1tQklYbjdqTk82SGhrRkFMc3JJdUo1YXFpYmhaTm1kM0h2VF9YMGNLSmd2OWhJd2dzSXdzeTB5WDVMc0RHSkdjOHRUNGx5ZzF5cjNqQXJIUmVWTnRSR3ZMQmcxWXBMalByYlY5U0FaYTJwZnNWemVmY2Zna2JULVI2ZENUVWtseERoMHhlVGVBV1NxWVd5MmJJOVEtay1YSTcxZVhEMVd2MkIyRGRJX0N0a2dXOUwyZ3dFTEdaVDJVOHlndDB4Zk9RVEk1Z1l6WnNnY2U0TDlLMlpWMFE0RzQtbm1mOWpCcEVuN1Z5Nkl5MjczMDA0QmhtNWZTM2ZB?oc=5,Google Actualités — Mali,fr
media_ba6ac0c497e2f176,2026-09-19,Mali: le bilan de l’attaque des jihadistes à Dioura s’alourdit à une centaine de militaires tués,Mali — lieu à confirmer,Mali,Mali,,,event,Signal médiatique,sécurité,À vérifier,Signal médiatique — vérification requise,faible,non géolocalisé,Mali: le bilan de l’attaque des jihadistes à Dioura s’alourdit à une centaine de militaires tués Boursorama,Boursorama,https://news.google.com/rss/articles/CBMigwJBVV95cUxPR05tNlg1bXdwZ1ZIYkFiSUd6V0lTTy1XeTFfSVZRMkZtOU9DYmVjd0dYdEEzQXpJZzB1bHRVQnJpOHBidzd2OWRCNTJiYldMR25tS2JvUHJiYURYemYwUUhHcVF1NGhVOHdQTFU1UUYyRTJsaExNYlkwZ3l0YUFoa2JFYnBfcU5jV2lxcDRYWWZJR2FFR0dYVDlXMUZIMzlNeVdyMEFhWVZuRXlmWUcwVFNPZzdVdEJ0eEgxbE56SUFPamlEZndmYWdNdXRtdlllUzJQQmUybWJYcWVkY2x0Tm5FVjluaUVkbDZCbkdvbVM5Mk9RdjMyX25ScmU0ZFB1MXgw0gGIAkFVX3lxTE1sTTRWVW81LTRBVDJSem5RN09ZcnZERFNPY0x4d1lZZmlPNnJzeGtYVXZhMmdtRVVnTHNTQWlwUnJHdWRicHB3ZXZpN1RPN3hDU1B3Z1ZKSHZVbm1XeXlDWVpGNVpJclJPZGIydW1OZUhTUjhYa2lNNDM3V1dELTJVVE52RjBQTWJVa0JKT2FDMFlyZUlmM0pIMWdwem1iQ2REZmU4ME8wQTliNzdJdjZORVhHQ1o4Z3lpbTE2Qm9aclhYVHJpYkRtNnF4N1Bic3ZheVV0U2JMLTFrdmlzZklqZUJZc2FkM0xfeW12OUpKVkRqRVNKNW1SYl9wWWdxYTFVcVl1NlVNRQ?oc=5,Google Actualités — Mali,fr
media_19caab87911c3f26,2026-09-19,Mali: le bilan de l’attaque des jihadistes du Jnim à Dioura s’alourdit à une centaine de militaires tués,Mali — lieu à confirmer,Mali,Mali,,,event,Signal médiatique,sécurité,JNIM / GSIM,Signal médiatique — vérification requise,faible,non géolocalisé,Mali: le bilan de l’attaque des jihadistes du Jnim à Dioura s’alourdit à une centaine de militaires tués RFI,RFI,https://news.google.com/rss/articles/CBMi2gFBVV95cUxOYmU3RmpsUDdFY216d2o5aGt0M01GSG94SV9pdE83Vmd6ZjdWaXF5M3pnbUQxNnBBeHpIVHF6N09NYV9UOE90WnVTMWJ4SldSMWtQV3BIQ1BuN3FnUnJjT181QlY0b096VUVTV2VIbGl2Ym1ubnM2WDlheGM2WVU5WEVxR0xjNE4xRDJxeXFxRHFodUYyS2JhUGE3bXByYm9QelpqUzlZTEpiN19FRGpiR1JTZF9pQkhDdFl6eEFKUXJtQ3czUEpiaFpWYXpRWGVJMjBsUTZHLVlvQQ?oc=5,Google Actualités — Mali,fr
media_9ce699e387bf61fc,2026-09-19,Mali : plus de 100 soldats et 5 membres du corps africain russe tués lors de l’attaque du camp de Dioura,Mali — lieu à confirmer,Mali,Mali,,,event,Signal médiatique,sécurité,À vérifier,Signal médiatique — vérification requise,faible,non géolocalisé,Mali : plus de 100 soldats et 5 membres du corps africain russe tués lors de l’attaque du camp de Dioura Saharamedias Fr,Saharamedias Fr,https://news.google.com/rss/articles/CBMiygFBVV95cUxQMlJxM2twcHhMWlR2S01YdDNhN1VyVDVPMnd5STFKUnRNVjNsUHJYTmM2bVlsX0VmWGJ1ajZnRkpFRlBJbmp6d3NoY2RLRWlTa2ZmZVlXbVVPWWwtNTVkNXJlOEMwNWNvdmNhcHBXNHg0TWhzQkFiZ1Z0SWpocldoeWthRTMtYnVvZ2RTWWRaczE1U19UUnFZdko4X0JJb2RUa3Ztazh3NVpkYUxLRlJGaVBnNHNXTE5YSGRKdk51NlA5ekw2Qnlxa1VR?oc=5,Google Actualités — Mali,fr
media_11d37ef4f1c09c0c,2026-09-19,Mali : au moins 100 militaires tués dans l’attaque jihadiste de Dioura,Mali — lieu à confirmer,Mali,Mali,,,event,Signal médiatique,sécurité,À vérifier,Signal médiatique — vérification requise,faible,non géolocalisé,Mali : au moins 100 militaires tués dans l’attaque jihadiste de Dioura africaradio.com,africaradio.com,https://news.google.com/rss/articles/CBMiswFBVV95cUxOWC1SZTh1ajhxTFd0aGhKUVBGS2xZZm80VkgxdS04RTU2cjJUTUNtcGpKakl0Y2QxVzlDX0NKTGhtQlBwQW5KQkJQbV9zYUdFU3BGclhrLVZpcW9RRUY4a1ZYU2htWHdGZnJCckFiaG13YmxvZzVCVktBVVJ0LTQ1Y2RDdVFMd09CY2NjVGNaYW02YnM0ckNGdkYzWHo2eHRkWFpTM2pCYnkwZ0N5UUpzTW9nOA?oc=5,Google Actualités — Mali,fr
media_a4dff654c7f86231,2026-09-19,Mali : Plus de 100 soldats tués dans l’attaque jihadiste contre Dioura,Mali — lieu à confirmer,Mali,Mali,,,event,Signal médiatique,sécurité,À vérifier,Signal médiatique — vérification requise,faible,non géolocalisé,Mali : Plus de 100 soldats tués dans l’attaque jihadiste contre Dioura Sahel Intelligence,Sahel Intelligence,https://news.google.com/rss/articles/CBMirgFBVV95cUxQRUJOUXBwWEVvQWJoV1E4a0tRVUFFYTJySnhuWWFhX29KOGNJc2pxWjFTR2VtQ3RqQmtjS2g3MExRSENsLUtlVDBrV25lRncweFRJTjhBWlFlcTVHU0NLS2k1UHBzeW5HcGswTXpDTk8yQUlsNkxiS0VKMUxJTWgyRmFtOElTT2NWVFk5cF9NVFhjbmZNN05Ec0FLaFNQc2F4MmpoRnBPaEgyMVIzSkE?oc=5,Google Actualités — Mali,fr
media_0932fe01efa8a0be,2026-09-19,"MALI: JNIM ye jaa dɔ cari bɔlɔlɔw sanfɛ, o min kɔnɔ, u bɛ ka mɔgɔ diyagoyaminɛlenw jira",Mali — lieu à confirmer,Mali,Mali,,,event,Signal médiatique,autre,JNIM / GSIM,Signal médiatique — vérification requise,faible,non géolocalisé,"MALI: JNIM ye jaa dɔ cari bɔlɔlɔw sanfɛ, o min kɔnɔ, u bɛ ka mɔgɔ diyagoyaminɛlenw jira RFI",RFI,https://news.google.com/rss/articles/CBMijAJBVV95cUxOdURfazhvRGRaSHZqOExvNmxST29kU1pJNTVKbVhvVlZFZ3A0WGVHcmdvQnpqWTUyN3RpT1dPSmM0QWlZYnBoYTlSM3NIZTc4R1Nsb0JTWm5uR1cxTnEwTy1IX2RubGlSRnM5WGRHaVJRSVhjQUs0dklMTWdWdjQ5bFJ3WWpPd2NlLVZSSDZuQkZPU0FaTHp0QzhPY2JKWDVDZ3hORGpyTnhRVEd2ZVJfWThuWkx4NDZmNDRZM0hrcFdiUWE1dEJvb29XcGtZN1FvUllpNk1DSC1HNV93SUQzTjcyNmdCY1JVamxQZXg5TzlYaEczb1N1aWwtd0VPb2plOXgzN2VldW01MTJf?oc=5,Google Actualités — Mali,fr
media_1cff559a12d95ade,2026-09-19,Lutte contre le terrorisle au Mali : L'Armée annonce la destruction de plusieurs positions de groupes armés,Burkina Faso — lieu à confirmer,Burkina Faso,Burkina Faso,,,event,Signal médiatique,sécurité,À vérifier,Signal médiatique — vérification requise,faible,non géolocalisé,"L'État-Major Général des Armées du Mali a annoncé la neutralisation de plusieurs positions et dépôts logistiques attribués à des groupes armés terroristes, les 17 et 18 septembre 2026, dans le cadre de l'opération Dougoukoloko. Les opérations ont notamment ciblé des sites repérés au sud-est de Djenné, au nord-ouest de Sévaré et à Ber. Selon le com…",LeFaso.net,https://lefaso.net/spip.php?article149345=,LeFaso.net,fr
media_f1484b759daf2510,2026-09-19,Le Burkina et le Mali réaffirment leur solidarité à Niamey,Niamey,Niamey,Niger,13.514,2.11,event,Signal médiatique,autre,À vérifier,Signal médiatique — vérification requise,faible,centre de localité approximatif,Le Burkina et le Mali réaffirment leur solidarité à Niamey APAnews - Agence de Presse Africaine,APAnews - Agence de Presse Africaine,https://news.google.com/rss/articles/CBMilwFBVV95cUxOT0F0blIwaS00NG9nV3dfYjBSdWI0Y0R3Y0lyTzZ0eHkwZmxfNFVNczNXdnc5VDZjdngyQThFZEpWQ3F3YWxMcTRBbUc0MUF0YnNtdXdfT3ZKMlZ3U0tDaWpJbVgtWkU0a3Y0YWdhYXhyODJQSlpRYlhNLW9LZEIzNHhSTUNrNGJKYTZ0ckVRU0paWEJINjhB?oc=5,Google Actualités — Niger,fr
media_fef12afafafc10df,2026-09-19,La violence islamiste extrémiste au Sahel est en passe d'atteindre des niveaux records.,Burkina Faso — lieu à confirmer,Burkina Faso,Burkina Faso,,,event,Signal médiatique,sécurité,À vérifier,Signal médiatique — vérification requise,faible,non géolocalisé,La violence islamiste extrémiste au Sahel est en passe d'atteindre des niveaux records. Vietnam.vn,Vietnam.vn,https://news.google.com/rss/articles/CBMihwFBVV95cUxOVkFTQUlJRGVuV1JnNWZucnNjaG96QTZSbkpzMlI5X21OMlEzUFFaVWxCeVNNNDNHNlE2VW5SUFNoemRJMVNlM0pCaHh4N19pTmlaSkRuVktkRlFtckpENVkwakdlc0pFS2V0YTl0QnpjX3diTC1jU0RJUnZlekxjN3dKSm9ZSFE?oc=5,Google Actualités — Burkina Faso,fr
media_09ea69b3e8179961,2026-09-19,La Mauritanie a condamné l’attaque menée contre la province de Taëf et réaffirme sa solidarité avec le royaume saoudien,Mauritanie — lieu à confirmer,Mauritanie,Mauritanie,,,event,Signal médiatique,sécurité,À vérifier,Signal médiatique — vérification requise,faible,non géolocalisé,"La Mauritanie a condamné l’attaque qui a visé la province de Taëf, en Arabie saoudite, affirmant sa solidarité totale avec le Royaume et son soutien face à ces attaques. Dans un communiqué publié jeudi, le ministère des Affaires étrangères, de la Coopération africaine et des Mauritaniens de l’extérieur a indiqué que cette attaque avait causé [...]",Sahara Médias,https://fr.saharamedias.net/la-mauritanie-a-condamne-lattaque-menee-contre-la-province-de-taef-et-reaffirme-sa-solidarite-avec-le-royaume-saoudien/,Sahara Médias,fr
media_1e5d6a3ae0dc043c,2026-09-19,Journal de l'Afrique - Mali : le bilan de l’attaque des jihadistes à Dioura s’alourdit à une centaine de militaires tués,Mali — lieu à confirmer,Mali,Mali,,,event,Signal médiatique,sécurité,À vérifier,Signal médiatique — vérification requise,faible,non géolocalisé,Journal de l'Afrique - Mali : le bilan de l’attaque des jihadistes à Dioura s’alourdit à une centaine de militaires tués france24.com,france24.com,https://news.google.com/rss/articles/CBMikAJBVV95cUxPR3k4bV9SZk5yOUFvWDlXeFkzcFZmbWhwMEdkMTBXem9pUEtaVVlNZXBYek4tV3pUUUQ3Z0hHNXcxcVpwOVJ4QXA3NjBtNFEwUU1MWFplaXBhRWFfSEhqVENDOV81Ujl5S0ZvQUNhUGwwOU5RdDc0M2RYdzRtdm5mTHZjdzkwUjNjRWNoakxzbU1WeGtMNXJlWUFGQXo5Smk4b1laR05QNUYtT0lLR3lPQW9keU9fZ2VYM2NNUjg3SzVvTmtlUFVXZmFhMkJPZ1U0S3hiNk9FNUkwYm1UYUVqemt6UHJ3NUFBR2lybTdDejJ4MTRJSktKRU9NOG9tQXYzOElXaFVzOTBuUUs1RGVDMA?oc=5,Google Actualités — Mali,fr
media_9733a16bf825f112,2026-09-19,Cameroun : attaque meurtrière contre un village dans l’extrême nord du pays,Mauritanie — lieu à confirmer,Mauritanie,Mauritanie,,,event,Signal médiatique,sécurité,À vérifier,Signal médiatique — vérification requise,faible,non géolocalisé,"Plusieurs hommes ont été tués lors d’une attaque armée contre le village de Madigwa, à l’extrême nord du Cameroun, après que des hommes armés aient fait irruption dans le village à l’aube et ligoté plusieurs habitants avant de les exécuter, selon des sources locales et sécuritaires. Les assaillants ont fait irruption dans le village avant [...]",Sahara Médias,https://fr.saharamedias.net/cameroun-attaque-meurtriere-contre-un-village-dans-lextreme-nord-du-pays/,Sahara Médias,fr
media_1afb7ac5f383891e,2026-09-19,Burkina Faso–Niger : Ouagadougou réaffirme sa solidarité avec Niamey,Niamey,Niamey,Niger,13.514,2.11,event,Signal médiatique,autre,À vérifier,Signal médiatique — vérification requise,faible,centre de localité approximatif,Burkina Faso–Niger : Ouagadougou réaffirme sa solidarité avec Niamey leFaso.net - L'actualité au Burkina Faso,leFaso.net - L'actualité au Burkina Faso,https://news.google.com/rss/articles/CBMiU0FVX3lxTFBFM0RUdVkzMkpKVDRuS2xBUWJhUDFjTnpXNTV0cS1ibDMyTFctZ05CbW5VRXYtUTA5R01OamRuWmNOdy1sTGtCS19OcGNwYm9ZTVR3?oc=5,Google Actualités — Niger,fr
media_74b890b026a0a62d,2026-09-19,"Attaque de Dioura : Le bilan s’aggrave, plus de 100 soldats maliens tués",Mali — lieu à confirmer,Mali,Mali,,,event,Signal médiatique,sécurité,À vérifier,Signal médiatique — vérification requise,faible,non géolocalisé,"Attaque de Dioura : Le bilan s’aggrave, plus de 100 soldats maliens tués afrik soir",afrik soir,https://news.google.com/rss/articles/CBMibkFVX3lxTE1PVjJyNm9VdVpRcm5JdWZVVl9PcmVRY0Q3dmFnVXk0QlNmN0dUSFluVE8zUU5WMEEtVGZwOFdIVHhuaFlPYk9jUmZyOHhFQ0ZYc2dhMWJCWmlVd2pBQ2EtRFdRdm5hZEx5VEIwNElB?oc=5,Google Actualités — Mali,fr
media_3d323d7ec7a974a5,2026-09-19,"Après les événements de Niamey, le Burkina Faso et le Mali aux côtés du Niger",Niamey,Niamey,Niger,13.514,2.11,event,Signal médiatique,autre,À vérifier,Signal médiatique — vérification requise,faible,centre de localité approximatif,"Après les événements de Niamey, le Burkina Faso et le Mali aux côtés du Niger aNiamey.com",aNiamey.com,https://news.google.com/rss/articles/CBMiTkFVX3lxTE82bmF2ckNzckU2Q09pbFFEb1g4M29vQVh0eS1XOXNiWUdrVEU4dnhQckdQMWlXamU2eWdFcUlhY0ZLcVZMSWVTWnhCMXkwdw?oc=5,Google Actualités — Niger,fr
media_68d68c512b35b2cd,2026-09-18,"« Si l’Europe attaque la Russie, la guerre sera très courte », a averti Sergueï Lavrov",Mali — lieu à confirmer,Mali,Mali,,,event,Signal médiatique,sécurité,À vérifier,Signal médiatique — vérification requise,faible,non géolocalisé,"« Si l’Europe attaque la Russie, la guerre sera très courte », a averti Sergueï Lavrov maliweb",maliweb,https://news.google.com/rss/articles/CBMiygFBVV95cUxQc1VDd05DSWV4STZ2R2VGbXFOaWxDYWprVW0wc3NzSkJfNjdXM2p2TllsTkhBSUFDaERubF9XYU5QVDBFLVBnamRCMHkxM0NiU21GVW1qR0xyQzV5ZWRuVDYtWkEwVU5ra1dpM0ZfMEZYbnFqbkltWGpPZDdncm5jeEhhMHFYa21lejlrM0h1Q000Vk92RnJUazUwZ0htU3pyRmxpTkE5NVFJcjZUOU4zUS1zTTZwemozTUhZRm9US3hKRHFFVFNQWGx3?oc=5,Google Actualités — Mali,fr
media_016cdc3aab121072,2026-09-18,"[EXPRESS] RELATION SÉNÉGAL-MAURITANIE : le Président Bassirou Diomaye Faye, en escale à Nouakchott pour s’entretenir avec son homologue Mohamed Ould Cheikh El Ghazouani",Nouakchott,Mauritanie,Mauritanie,18.086,-15.979,event,Signal médiatique,autre,À vérifier,Signal médiatique — vérification requise,faible,centre de localité approximatif,"[EXPRESS] RELATION SÉNÉGAL-MAURITANIE : le Président Bassirou Diomaye Faye, en escale à Nouakchott pour s’entretenir avec son homologue Mohamed Ould Cheikh El Ghazouani nations-sn.com",nations-sn.com,https://news.google.com/rss/articles/CBMiowJBVV95cUxNLTRVeFFETUctMi1IbktDelpaS0xwbV9pN00wcFFyZE16ak5rR0lvV2VrSzJNZmI5UlhnalhCbW5ZUmdsZ2o3anJCU0pTd29PeE92c09zVWc2MHllaXZJYzlqanFJY2wySFZlYlNwWWpCdjdYekpYQmg4aUpkRHhmVE45dnBwdTBPWVBKZVVNMndPRkdoX2FleTI4TF9CdHBaeXNDdDJJYmpyUEdEV3loeU5UOHNFeDdNbDltdS0xSkFRaU9FT0tTRWMwbjljUkFJNDJVclJxSk94V1RhVE81dGtvem5yRmhZTTRKVVFfWGxFVEZtd0o2bkZqaG8xRHlxN3Rtc3p4NzBPTHl5VkVYVDlWRXhKSm55WGRVcnVfTTB5OFk?oc=5,Google Actualités — Mauritanie,fr
media_7308b74c1cc80da6,2026-09-18,Une attaque attribuée à Boko Haram fait 13 morts à Madegoua,Tchad — lieu à confirmer,Tchad,Tchad,,,event,Signal médiatique,sécurité,À vérifier,Signal médiatique — vérification requise,faible,non géolocalisé,Une attaque attribuée à Boko Haram fait 13 morts à Madegoua 237online.com,237online.com,https://news.google.com/rss/articles/CBMiZ0FVX3lxTE9jaTJUV080QTg5eDJlcWVIWFlUMmd5bWRTZ2NidW5SQ0JrNUtoQl8tcDkzVU42WXRSb055Z3B4bzBEZ1EwbkV2eWpCcjFnUjQwbVlzaElDa3hGeGQ2NVlrRTU1ZVlLYkk?oc=5,Google Actualités — Tchad,fr
media_61eeeb5786e1eb12,2026-09-18,Un nouveau bilan de l’attaque jihadiste au Mali fait état d’au moins 100 militaires tués,Mali — lieu à confirmer,Mali,Mali,,,event,Signal médiatique,sécurité,À vérifier,Signal médiatique — vérification requise,faible,non géolocalisé,Un nouveau bilan de l’attaque jihadiste au Mali fait état d’au moins 100 militaires tués SeneNews,SeneNews,https://news.google.com/rss/articles/CBMi2gFBVV95cUxPWEZHRlItb05uY3BtSmliMHRXOTRKRTZUVWQ5VWNBbnY5cWk1QUtqbksteFBib01sZGV5UEF4Y3ZTODlLY2RwZUhkUUJPcWF3UUdmQl9yZm1iOGd4aHo5YTFUdXQtaU9mTVR3a3JjZ3dBckstSG9GSWJNTG1HSUs1a25zR2hlN2tiVjFCT1VVNXU5RWZpd3l3cE9iblZiSWU3VDBtNHpETUg1UWNUNWZqZFRrVEMtelQtQjI5TTAwQUFBUE5HUWRjME9WZkwzX2lxQW9Wa0VMMTZydw?oc=5,Google Actualités — Mali,fr
media_73f19f9687ce0a44,2026-09-18,"Un navire-hôpital de la Marine chinoise aux services des habitants à Nouakchott, en Mauritanie",Nouakchott,Mauritanie,Mauritanie,18.086,-15.979,event,Signal médiatique,autre,À vérifier,Signal médiatique — vérification requise,faible,centre de localité approximatif,"Un navire-hôpital de la Marine chinoise aux services des habitants à Nouakchott, en Mauritanie 新华网",新华网,https://news.google.com/rss/articles/CBMie0FVX3lxTFBQRE1wQWJkY1JYNlFVeHZBZndtc0x3QTN2aVptVHp2MjVET0MtQjV2MWJmb3NpRmxqR2xaQldrdWNaMFhVWlFhQlJhNnZaZUQ4WkFZbVhVSjNwekpLNnV2QTlEWWRpNkNrc09DZ0t2N3ZjdUNXTFNvbEtPcw?oc=5,Google Actualités — Mauritanie,fr
media_8069e2584b06c2c2,2026-09-18,Sécurité au Mali : Frappes chirurgicales et montée en puissance de la coordination militaire à Mopti et Kidal,Kidal,Kidal,Mali,18.443,1.409,event,Signal médiatique,sécurité,À vérifier,Signal médiatique — vérification requise,faible,centre de localité approximatif,Sécurité au Mali : Frappes chirurgicales et montée en puissance de la coordination militaire à Mopti et Kidal MaliActu,MaliActu,https://news.google.com/rss/articles/CBMiyAFBVV95cUxOSFcwN0lxTXhUamRhNHBubXJxZzJnTFhSeTVqbjYyajUtTmpBZDN0Ry1wZ29qQTNEOXpleGFqanNXRUtNdE1kc1g4YXlLM0FUNUV3TnpfcHAzVmVkREEwbFJVOEJWd2RSNGZjXzBpVm1BUk5hMWRlMlNueXRUWkU4ZENpOTBXVjI4d1hna3l2OGNsLTI4MUhXaU9Fd0JGTWpuUnlLQkJUSXhucXVhc2ZoVnp2emFHcDFlOERaV0ltSkhCODdPS0hmONIB0AFBVV95cUxQQUZOM0xZWldLNXhOR05KcEVBaEFleENzWVhKZEJSTXc1WkhwU2xxYzJDQnowZnFrWjFqaTZGS2I3WTVVUTItYTVsVWQyUmNpSHo3X2NLQWxPYkZwVVdTRTlPVkkyeUl0dWs5M3dNelEtZC1ZczVFOC1FVEljZzdxYjd5OXJtTEZwSmMwU3JSbnc2TFVkdlFzVTFnRENHaFVUOHRnamhuYnpoWDFNbUdnSUNldWk5cTI2NmNRMV9sYkZUVWVvN3VXNXZLQnluVjRi?oc=5,Google Actualités — Mali,fr
media_3fed6c509429c639,2026-09-18,Sikasso sous tension : 4 braqueurs interpellés après 14 attaques et un meurtre,Sikasso,Sikasso,Mali,11.318,-5.667,event,Signal médiatique,sécurité,À vérifier,Signal médiatique — vérification requise,moyenne,centre de localité approximatif,"Mali Actu - maliactu.net - Mali Actualités, Les Actus et Informations sur le Mali Mali Actu Sikasso sous tension : 4 braqueurs interpellés après 14 attaques et un meurtre La police de Sikasso a démantelé un réseau criminel responsable de 14 braquages et d'un meurtre. Découvrez comment ces dangereux individus ont été neutralisés. Sikasso sous tensi…",MaliActu,https://maliactu.net/sikasso-4-braqueurs-interpelles-apres-14-attaques/,MaliActu,fr
media_c596c0dcdaa5ff0f,2026-09-18,Plus de 100 soldats tués au Mali... Ce que l'on sait sur l'attaque djihadiste de Dioura,Mali — lieu à confirmer,Mali,Mali,,,event,Signal médiatique,sécurité,À vérifier,Signal médiatique — vérification requise,faible,non géolocalisé,Plus de 100 soldats tués au Mali... Ce que l'on sait sur l'attaque djihadiste de Dioura tv5monde,tv5monde,https://news.google.com/rss/articles/CBMiywFBVV95cUxOaHgtSWZISlV2UnREVUN3ajJZR05vaDdPR3JmUFVkTDlBMGpTem11Y2o4a2szRVdpSTJCSjhfbkhNVTVEbUswblYwR3oxTnF0cl9YN0NzMFJ4ZFJ1R0tDUEQ0eWJhREVkZzdkaGYxSW1pcG01ekY2OU55SDQ4dElMTVB2ZEFpNWNiaEQ1ZEhZMHQ1eFdFVmZKS0dOdHVaLVZoU2xSVi1aX3dyaklFZ1MwT3VJZjFtWjdlY1FTMFBYRWRMNTdvVE1KVGtiSQ?oc=5,Google Actualités — Mali,fr
media_7536d0b184b46884,2026-09-18,Opération Dougoukoloko : les FAMa poursuivent les frappes à Dioura,Mali — lieu à confirmer,Mali,Mali,,,event,Signal médiatique,autre,FAMa / État malien,Signal médiatique — vérification requise,faible,non géolocalisé,Opération Dougoukoloko : les FAMa poursuivent les frappes à Dioura Mali 24,Mali 24,https://news.google.com/rss/articles/CBMijgFBVV95cUxOYkpicDZUa096M1NIUkZkM3BMRGpmeUNFWm5XZXJUS2hSd093SDlHbWdhX2ktamh5S1RNcVdwcTRIZGVQd0diMWRtbzk5RC00d19lTmRoeXZWZUY0NjBTZDNEbV9STFdILTFtUlVMVGNtTmJzWmh3OUl0Q25xM0dpT01aUHF3T1FveEpKNjR30gGTAUFVX3lxTFB0SE1XVnZLU3hRTG5YbGMwSWtUSWNiYTlXV2ZrUlFFd1kydTRYR3VtYXlWb3RsRXh1ckt5RkRlalV4NGIyS2wtblNMcXNQdEROTFA1ZXE3d1JIbDgzNlBLZlRwSmk5bUF4Y2JCNVpfM05XVGV5U2NSdl82LWQzSlBsZHhvdW1IMmNhdVFnWXh5UkR6WQ?oc=5,Google Actualités — Mali,fr
media_ee0dd1887be2f1d4,2026-09-18,Nouveau bilan d'une attaque jihadiste au Mali: au moins 100 militaires tués (sources concordantes),Mali — lieu à confirmer,Mali,Mali,,,event,Signal médiatique,sécurité,À vérifier,Signal médiatique — vérification requise,faible,non géolocalisé,Nouveau bilan d'une attaque jihadiste au Mali: au moins 100 militaires tués (sources concordantes) DHnet,DHnet,https://news.google.com/rss/articles/CBMigwJBVV95cUxQbkhUcmlHN1RZM0wtWER2b3lZVmE4SlU3U0xRYVdIb2lJQkk1c2xVMGlySTAwaUhfbkdFdkJydVVHNHI4MVlPcFJodHdNVjViY1N6XzBXSTRQTm92YVQxc2ljR09qOGh0a3k2S0QwT3NrUjE2c2x1OGQ5UjVrQU13QW4tVWZWbEdCb3NkdVVxc0VEdm1ZQ2xMSmtqS3ZZMHJpWDVDNEdiSTVyU3pONmx0MTlYelBCVXdtVFJaV2dzZkd0Y2gwVUtJRTdnQlR4RURwazhPZTNUc3czd3ZVSFRUdzRSRUVtTzhXN2w1MEk0dHFOcjJpZWhJc0lualRiaHFDVm9v?oc=5,Google Actualités — Mali,fr
media_92170223717173ee,2026-09-18,"Nouakchott : Diomaye Faye s’entretient avec Mohamed El Ghazouani, une escale présidentielle placée sous le signe de la coopération",Nouakchott,Mauritanie,Mauritanie,18.086,-15.979,event,Signal médiatique,autre,À vérifier,Signal médiatique — vérification requise,faible,centre de localité approximatif,"Nouakchott : Diomaye Faye s’entretient avec Mohamed El Ghazouani, une escale présidentielle placée sous le signe de la coopération LACTUACHO.COM",LACTUACHO.COM,https://news.google.com/rss/articles/CBMi6AFBVV95cUxNTzVMTndZcjl5bkdFXzkxdF90d0VGUTRlVURUWEtzdk1LemxzMGwwcG1fVHpJVEt3c0lmWURldVZRT3paYTB5aHdmMHpLR21sOVRqMEgtWTkweHB6MDUyYm96V2cwczJtS1pZc0pyNE9yNmtKYmNOYUg0VjlIZmMwM1RMaGhZV1dNdm5aUVU3bk0wU1c5aDNMOEUwN3hjSVRWMHMzSHl2dGsyMVhkNDItcnZIRlRZOEc4MDRLVFFTQTZWbVdVbWRfS1ZfLTZhT3B6Vkg0ZXRpa0I0ZENPS3JJTkJqc1czT09J?oc=5,Google Actualités — Mauritanie,fr
media_1284b73652e3f98a,2026-09-18,Niger : Le SAIIT 2026 à Niamey pour booster l’innovation locale,Niamey,Niamey,Niger,13.514,2.11,event,Signal médiatique,autre,À vérifier,Signal médiatique — vérification requise,faible,centre de localité approximatif,Niger : Le SAIIT 2026 à Niamey pour booster l’innovation locale Journal du Niger,Journal du Niger,https://news.google.com/rss/articles/CBMilgFBVV95cUxQTGM0MUhyVkFPQ21Jc05HaVRoWENCZ1VKbG1lUFFMNGNiY0ttQWJwSDdXSDNZYmxMb1hMNS1TM0dLSDJFcGJFTUpMaXI2cFJQcThyNWMxSjRPMDhXdTVoek52N2Y2UWJPWkREUWNsTGNyQklLMHRWZVVHcHQyS3FnMGk1N3JKWWV2WjJlSmgwSzRJZjZTUHc?oc=5,Google Actualités — Niger,fr
media_6fa8c5e4e24be28c,2026-09-18,New toll from a jihadist attack in Mali: at least 100 soldiers killed (concordant sources),Mali — lieu à confirmer,Mali,Mali,,,event,Signal médiatique,sécurité,À vérifier,Signal médiatique — vérification requise,faible,non géolocalisé,New toll from a jihadist attack in Mali: at least 100 soldiers killed (concordant sources) Seneweb,Seneweb,https://news.google.com/rss/articles/CBMi2AFBVV95cUxOR3JsdE5ybVlid3pGbFVyTUtOcFNlSEtfTm0tc1lna3hKTmQ4ZWlCcTlCaWNEVktxQ0V5cUc0di11RERhbWY3eGlPOVUtdndvU2doQjcyenBSd1RaeGd0cy1YMnBRS0YwZFlfUEZJRFM1UTI0R19fcVZfeS1IWG5Fa2JfVlFMRjNkY0VZU2lmRndQdERTT3o4WktBZUs3NU83VURuQml4V2c1ZkV5YWo4VnVHM0dwaVBmczByMWxFQWc1ZHJZR3lqaHk5cXlneGFUNkNVUzBtdzU?oc=5,Google Actualités — Mali,fr
media_58a58d0a7c529b9a,2026-09-18,Maroc-Mauritanie : Rabat et Nouakchott veulent approfondir leur coopération économique,Nouakchott,Mauritanie,Mauritanie,18.086,-15.979,event,Signal médiatique,autre,À vérifier,Signal médiatique — vérification requise,faible,centre de localité approximatif,Maroc-Mauritanie : Rabat et Nouakchott veulent approfondir leur coopération économique Telquel.ma,Telquel.ma,https://news.google.com/rss/articles/CBMi1wFBVV95cUxPa2RpQ3VjR09KeXBhdjFhaUFJb0ZOcVhkQklCcmRwMTRGUWNWdEtYeFNYd3gyYmRyWHBBM2U1QTZIYWFTWnRwNzVnemVkZVo1REc2Nng4UHVDS3UwaWF0bG5CNHg4Nm5SaExobVNWUFg3bkJLZnhFcG91bkFtTHhxUGRTdzUwdzdkYnNhQml6Y2o4MUpSVFJTWnB1ZGY3SVVvSGxmR1huMGVjeUVmVzQ0S1lHdXRfT0V3ZXMtVFhwM09CWUpRTlJLaGd1ZmVsMkJmb3RFUjY0cw?oc=5,Google Actualités — Mauritanie,fr
media_d682e883addd234b,2026-09-18,Mali: le bilan de l’attaque des jihadistes du Jnim à Dioura s’alourdit à une centaine de militaires tués,Mali — lieu à confirmer,Mali,Mali,,,event,Signal médiatique,sécurité,JNIM / GSIM,Signal médiatique — vérification requise,faible,non géolocalisé,Mali: le bilan de l’attaque des jihadistes du Jnim à Dioura s’alourdit à une centaine de militaires tués Yahoo Actualités,Yahoo Actualités,https://news.google.com/rss/articles/CBMifEFVX3lxTE1rZkZpYUpIWmJkcldaSFFCYWtiVmVfQldTS051eTk3bTZsNTZJampGTHRIbDZsRHBiZjAtRy1lRi1pUFVTY3BqaW5PQ0YyTjR3ZEJiNnFudWRqUXlVdlNCakhtdy1VVXF0UXZYV1Z4V1FUZ2xKdk1mZGJUQVU?oc=5,Google Actualités — Mali,fr
media_e167823ca65e0ba9,2026-09-18,Mali : au moins 100 militaires tués lors d’une attaque djihadiste,Mali — lieu à confirmer,Mali,Mali,,,event,Signal médiatique,sécurité,À vérifier,Signal médiatique — vérification requise,faible,non géolocalisé,Mali : au moins 100 militaires tués lors d’une attaque djihadiste Le Figaro,Le Figaro,https://news.google.com/rss/articles/CBMiqwFBVV95cUxONmJEVUNhMkoyUlBRLThMMUtrY1UyVlR0UEJoTHBwVVhJdTZ2ZmFVOWR5SndIVDQ5SjBHV1FZSzRaeFduNTZfMzhyVjN5OC1jc013ZktNbG9jVXBTSnN5Q1B4RDdJNmctNU5MVHpzckZxR3RwWE10cTQxeUUycndWYWVSVFQzbUdDWWE5bkJTVVFtMWlDdUtINmRVWC1tMjAzdDNjdWU2TmEwazQ?oc=5,Google Actualités — Mali,fr
media_f01717720fc485e4,2026-09-18,Mali : au moins 100 militaires tués dans une attaque jihadiste à Dioura,Mali — lieu à confirmer,Mali,Mali,,,event,Signal médiatique,sécurité,À vérifier,Signal médiatique — vérification requise,faible,non géolocalisé,Mali : au moins 100 militaires tués dans une attaque jihadiste à Dioura 21News,21News,https://news.google.com/rss/articles/CBMilwFBVV95cUxNbWlJWnRzUUw5ZUp3Q2RoYURmQ3Z4YlhQZjlEbi02aEp5YXBKaTJPUVI0RldTMEpWcy1ZSEc1MXJpcEtrUjRfTzlHcjNBN3Z0cXVnTjVnRUwyS1VfRmN6QkFBMDRyZ3NWTHdXSGtMSUhDSWQyOGhreHF5LU5NRjFFZWE3SjF6RVR3VDZvY1g2Z0dzWF9GLUY0?oc=5,Google Actualités — Mali,fr
media_c31679eeafd4235b,2026-09-18,Lutte contre l’extrémisme violent au Mali : Les leaders religieux en première ligne du combat,Mali — lieu à confirmer,Mali,Mali,,,event,Signal médiatique,sécurité,À vérifier,Signal médiatique — vérification requise,faible,non géolocalisé,"Face à la progression des discours radicaux et à l’instrumentalisation du religieux par les groupes terroristes, le Haut Conseil Islamique du Mali entend contribuer à déconstruire les arguments utilisés pour justifier la violence au nom de l’islam. Une démarche qui place les responsables religieux au cœur des efforts en faveur de la paix et de la…",Maliweb — Actualités,https://www.maliweb.net/societe/religion/lutte-contre-lextremisme-violent-au-mali-les-leaders-religieux-en-premiere-ligne-du-combat-3120003.html,Maliweb — Actualités,fr
media_11ba5d643150ffdc,2026-09-18,Les FAMa et l’Africa Corps du ministère russe de la Défense ont frappé des terroristes dans deux régions,Mali — lieu à confirmer,Mali,Mali,,,event,Signal médiatique,sécurité,FAMa / État malien,Signal médiatique — vérification requise,faible,non géolocalisé,Les FAMa et l’Africa Corps du ministère russe de la Défense ont frappé des terroristes dans deux régions maliweb,maliweb,https://news.google.com/rss/articles/CBMi5gFBVV95cUxPZDJWdnpNclJoN2JNR2JZNzJwMmRUR0lNZlZmeGNua00xUUI4WVgxY0RISnZadEFPWG5aMnRseWJENzZrT2t1VU5iRWFrcHdzNnY4aG1JMkhOaWQ5cWIwU0lOekt0cjREYnRJZUl5OGtoVG9lZnpJaFpkR05pZGtfd3dpSmZCaFlBSjNiR3k2WXNLeVRNODlRaVEyMElCSk5GTVdyWnNPa1c3SncyVGpfZFdlWXpvUk85QURYSi15TjZBTTFwb3dwcEVXdmdTYWtvUm0yRk1KTE02UjBGOUVFVzFSdnJxUQ?oc=5,Google Actualités — Mali,fr
media_91e25a8823af3ed3,2026-09-18,Escale à Nouakchott : Bassirou Diomaye Faye renforce le partenariat sénégalo-mauritanien,Nouakchott,Mauritanie,Mauritanie,18.086,-15.979,event,Signal médiatique,autre,À vérifier,Signal médiatique — vérification requise,faible,centre de localité approximatif,Escale à Nouakchott : Bassirou Diomaye Faye renforce le partenariat sénégalo-mauritanien senalioune,senalioune,https://news.google.com/rss/articles/CBMirwFBVV95cUxNZHhNbWJvRmExaXFrMHZTMzBHTEdKX3VHdllJX3k1VVFkZVlCdUZHSlhKd0REOExnTXVTczdOT0FQSG02UVY2YnVmb2xMUUlwT05SZVFXX1YtSWVJTDNGWU1ILTM4cTJnYzlLblBHWHEtQVE4UTJuT2hOMXFtXy1aQWlvMTViampnb3M0NFZpOVBsMmxGdzVka0VPX2dsSkVSeVlwN0VhTktycE90S0tR?oc=5,Google Actualités — Mauritanie,fr
media_542c78c0c2502708,2026-09-18,Décès de Irène ZONGO née OUÉDRAOGO : Remerciements & faire-part,Ouagadougou,Centre,Burkina Faso,12.366,-1.534,event,Signal médiatique,sécurité,À vérifier,Signal médiatique — vérification requise,moyenne,centre de localité approximatif,"« J'ai combattu le bon combat, j'ai achevé la course, j'ai gardé la foi. Désormais, la couronne de justice m'est réservée. » [2 Timothée 4:7-8] Les grandes familles ZONGO à Gouanghin / Koudougou et à Ouagadougou ; Les grandes familles OUÉDRAOGO à Kounda / Bazèga et à Ouagadougou ; Les familles alliées OUÉDRAOGO, YAMÉOGO, ZOUMBARÉ, SAM, KABORÉ, ZAN…",LeFaso.net,https://lefaso.net/spip.php?article149312=,LeFaso.net,fr
media_0ce50b0f0a1c81c1,2026-09-18,Des quartiers de Nouakchott renouent avec les coupures d’électricité,Nouakchott,Mauritanie,Mauritanie,18.086,-15.979,event,Signal médiatique,autre,À vérifier,Signal médiatique — vérification requise,faible,centre de localité approximatif,Des quartiers de Nouakchott renouent avec les coupures d’électricité Saharamedias Fr,Saharamedias Fr,https://news.google.com/rss/articles/CBMinAFBVV95cUxQcDNxVDBnMDM2Rkh1T2QtRXdNclk2MjVMODBKZHROUGZGWUhzSWFjeUZHS1lwNllnWFBEUHcwSW9xVk5wV3M0dWlaeFUtU3U1cWM3QVJyLUFvNG1lamtWYVFpSE9lVHZJRWx5bFVLdHVVcE9VWUVlcThQOVoxV3BlZ0o4N255T2xhVlFSbXVUZTZ6SGx1QlpDeG9hMkQ?oc=5,Google Actualités — Mauritanie,fr
media_08e1b0b81f513a03,2026-09-18,"Dans le centre du Mali, les djihadistes du GSIM relancent des offensives d’envergure",Mali — lieu à confirmer,Mali,Mali,,,event,Signal médiatique,autre,JNIM / GSIM,Signal médiatique — vérification requise,faible,non géolocalisé,"Dans le centre du Mali, les djihadistes du GSIM relancent des offensives d’envergure Le Monde.fr",Le Monde.fr,https://news.google.com/rss/articles/CBMi5gFBVV95cUxOOURRY3dsa3Z5XzY2bmJhTmRFaFJqMW5rbkhfOVFRMEVMVGJmeTNxZ05pQlRQdlNjSVFjTlpsY0pidUptLW13MU5mazdXWnN5ekNhRnNrXzdJbU8zdHFwbXd4TlVLOHdsLWVsX3R6dzNaelBJd2FGa1hNUjk0ckkwVU9LWmV2N2JLczE0Z24xTXRUNjdtUWcxNnJFNktkNE9wV1NwTjdhdXVwSHM0VmI4YnFZRHlXV3l1VXVQN01ZampPc2dLRExLVlRfNUgzLV9NRFI2TDJ4WHBpckRqeVh6alNRT1RxUQ?oc=5,Google Actualités — Mali,fr
media_3cdfad3ef4891934,2026-09-18,Cameroun : au moins 15 civils exécutés dans une attaque jihadiste présumée près du lac Tchad,Tchad — lieu à confirmer,Tchad,Tchad,,,event,Signal médiatique,sécurité,À vérifier,Signal médiatique — vérification requise,faible,non géolocalisé,Cameroun : au moins 15 civils exécutés dans une attaque jihadiste présumée près du lac Tchad Tchadinfos,Tchadinfos,https://news.google.com/rss/articles/CBMiwwFBVV95cUxPNlF6aEJnWDU0WmY3MW9Pb0hlbEFBWFhBOWZiUHdHYTk2S3JaU2tZX3pmUDlYVzZLUWktanVHYU1ya3hDNXV1a19TanBzNVhHejBmeWR5cDBfU0NpTnU4SlNfekxNcmJ1c2VLVmM3TlZUSWl0TVd2c3Y3Z3JVdXJnZ1dOVzVqc002VmFZWFJZdjlaQWVjZll2MWFyQVZBSW54WjlkMzBHS29TWE03NnFXUHRPeDhFNHdLczVBTVNiWDluQm8?oc=5,Google Actualités — Tchad,fr
media_1ffd848b02c5d900,2026-09-18,"Ayi, nin jaa in tɛ Mali sɔrasiw ye minnu minɛ na JNIM fɛ Dioura! - Kunnafoni kolonw fɛsɛfɛsɛli",Mali — lieu à confirmer,Mali,Mali,,,event,Signal médiatique,autre,JNIM / GSIM,Signal médiatique — vérification requise,faible,non géolocalisé,"Ayi, nin jaa in tɛ Mali sɔrasiw ye minnu minɛ na JNIM fɛ Dioura! - Kunnafoni kolonw fɛsɛfɛsɛli RFI",RFI,https://news.google.com/rss/articles/CBMihgJBVV95cUxOU2NqUzZXMnBIREVoVlNBVkhieVlZOEFxbklYVXJaaFJLRTlPeVFDb0xyenM0Yl9wX3hSbU5OSTZ5a1Jwcm91Z0tSWDRMSXJ0S1NqdjhEN1VLY1ZFRFU4WDBDdEFUcnRYTGNBN0JIWG9uQjdZRC1wSlYtV2dZQWt1RVVaVndidFNJQ09TMkctYm41RHFNQ1pnbkI2Y0hmM3ItMGx2THByU2RFUkUxSHVoME4zU215Y0NKTjFLWG81YU1ENnU0RXpqZnpDTExCWUtZUm91N3hfYTJpNmlmbUJ3T241ZmZQMlBHaHVNdjQ1V3Nkb0s2dVZEZlVoYkp3X2VHa0VKMW1B?oc=5,Google Actualités — Mali,fr
media_472971abffdc638c,2026-09-18,"Au Mali, au moins 100 militaires et cinq mercenaires russes tués dans une attaque djihadiste, selon un dernier bilan",Mali — lieu à confirmer,Mali,Mali,,,event,Signal médiatique,sécurité,JNIM / GSIM,Signal médiatique — vérification requise,faible,non géolocalisé,"L’attaque, revendiquée par le Groupe de soutien de l’islam et des musulmans (GSIM), affilié à Al-Qaida, a eu lieu le 10 septembre et a visé un camp militaire à Dioura, dans le centre du pays.",Le Monde Afrique,https://www.lemonde.fr/afrique/article/2026/09/18/au-mali-au-moins-100-militaires-et-cinq-mercenaires-russes-tues-dans-une-attaque-djihadiste-selon-un-dernier-bilan_6776843_3212.html,Le Monde Afrique,fr
media_8a003e93b6ad96ea,2026-09-18,Attaque jihadiste au Mali : nouveau bilan d’au moins 100 militaires tués,Mali — lieu à confirmer,Mali,Mali,,,event,Signal médiatique,sécurité,À vérifier,Signal médiatique — vérification requise,faible,non géolocalisé,Attaque jihadiste au Mali : nouveau bilan d’au moins 100 militaires tués Ouest-France,Ouest-France,https://news.google.com/rss/articles/CBMi3gFBVV95cUxOdDJoeUpVeFBDRVR4YmlJWHBHbDZRQU1FQkdpdWgyX0ZHWjFRNnhtOTh4WW9SajI0RG5TTjFveDJBc1ZldEh0LUR3TnJybDBNWkx1NkVrR01mYkJ2cmhhc19jN0RGcllWMTZvaklNSlg5NzM2YkNBaVpHRHVfYzR4NzdScE1fQTdyU1hQQ3BTVi1jaEFxMmtEbVF2TzFEdk1tQ1pFSmhobXloTmVhd1lTU3FDUGFENVNKWTR3T2RhcFZOXzI5YlY0MDZTdk5oQzRGZ1BHaHJueF9SaTkxZmc?oc=5,Google Actualités — Mali,fr
media_df9a2f357452ff0e,2026-09-18,AES : une délégation ministérielle reçue à Niamey pour marquer son soutien au Niger,Niamey,Niamey,Niger,13.514,2.11,event,Signal médiatique,autre,À vérifier,Signal médiatique — vérification requise,faible,centre de localité approximatif,AES : une délégation ministérielle reçue à Niamey pour marquer son soutien au Niger alwihdainfo.com,alwihdainfo.com,https://news.google.com/rss/articles/CBMirwFBVV95cUxOVVZMT0lNTHNoTTBzWHpnc09QY2ZwVWRpbnVWRFp5aGdtaVVHZTVicElmR3JDa252bWJQRmJYQXUyNU9heS0xNlo2aHpaWUNTdVZ6VUczOVJJZmFsa2xhSlJNQW02eXhfSzNiVGxFNFJNM084RDl2N0stZHlEVE1aWlRiUEpOMkUtYlk2bkhud3l6TF84YkUtMTB3QkVfSHJqRTdQM1V4Z09vbDdoeVRB?oc=5,Google Actualités — Niger,fr
media_8ccc5487e81d163f,2026-09-18,"(Multimédia) A Nouakchott, des soins chinois ""aussi précieux que l'eau dans le Sahara"" (REPORTAGE)",Nouakchott,Mauritanie,Mauritanie,18.086,-15.979,event,Signal médiatique,autre,À vérifier,Signal médiatique — vérification requise,faible,centre de localité approximatif,"(Multimédia) A Nouakchott, des soins chinois ""aussi précieux que l'eau dans le Sahara"" (REPORTAGE) 新华网",新华网,https://news.google.com/rss/articles/CBMie0FVX3lxTFBnQi1mZkh0R3JteDZXS3VSODlvYzk5dUE2VGhfZkNUVEl3MWRRM3c1MThqNlFWYkdRZjdrWkNPTWQxQm01XzJXbExBUWg3b2VsaW9JQmtLZDllR3haSElqZW5zb1BUbzAxUkd0MUV2NTBHb1lhMFZrVDU0OA?oc=5,Google Actualités — Mauritanie,fr
media_5b8e0f6030b5aced,2026-09-17,Tentative de déstabilisation au Niger : Niamey recadre Abuja après un communiqué controversé,Niamey,Niamey,Niger,13.514,2.11,event,Signal médiatique,autre,À vérifier,Signal médiatique — vérification requise,faible,centre de localité approximatif,Tentative de déstabilisation au Niger : Niamey recadre Abuja après un communiqué controversé alwihdainfo.com,alwihdainfo.com,https://news.google.com/rss/articles/CBMiuwFBVV95cUxOT3R3Y2ZhbWF4SlN6WGhGdU50WHIzbjBaT180Q1MwaUV4Z1VDbXVROFFLNVpSTFlfR2tZZ0RKYmotajhtRjc1MjZGY290QXQ5MzVfVHhDM2RUbjFqVWVrb0h4bWFaTDZCR2hiR1ZjWHhaXzBrbWVreDN4eG5HR09VWl95SGJvWjZWZ3g4Xzl6eUVScXM3Nk1NczNoSDhtcm9sSlhKTy1XQ3JiajhiYW52QkZXT05sbnlGeVRV?oc=5,Google Actualités — Niger,fr
media_9e9ccdbe57ac90d2,2026-09-17,Sécurité : L’aéroport civil de Sévaré visé par une attaque terroriste au Mali https://t.co/1LNQFUYj64 - x.com,Mali — lieu à confirmer,Mali,Mali,,,event,Signal réseau social,sécurité,À vérifier,Signal réseau social — recoupement requis,faible,non géolocalisé,Sécurité : L’aéroport civil de Sévaré visé par une attaque terroriste au Mali https://t.co/1LNQFUYj64 x.com,Malijet,https://news.google.com/rss/articles/CBMiYkFVX3lxTE40RTR3SW9Gcktpa3M5Nk5GT3dEQ3BMSXRnVHRUOEtrSWNaZm5wdnZKUWgxWEF1LXNzYVpBM3ljYXE0X0hqUTUxcHdYcS01bkJKbEcyNFN2RWJSbUYtYlFkOGFn?oc=5,X indexé — @Malijetactu,fr
media_1bfe415784be7c47,2026-09-17,Sécurité : L’aéroport civil de Sévaré visé par une attaque terroriste au Mali,Mali — lieu à confirmer,Mali,Mali,,,event,Signal médiatique,sécurité,À vérifier,Signal médiatique — vérification requise,faible,non géolocalisé,Sécurité : L’aéroport civil de Sévaré visé par une attaque terroriste au Mali malijet.com,malijet.com,https://news.google.com/rss/articles/CBMiwAFBVV95cUxPT1R1dUp0Ny1xUk9IQVR4MFNmSnpHMlhldndWLTc3cTlpR2thVDIxc1FfQ2tTUjNVdEZ6Y3VubXZObVNtTWY1QUEyN1pLWXBUdEFfeERQSmhlSTJrdzg3cEg0R2F2RkE4WmtFNDdabmM4djFHUlpmS1JfRmZobERsb0sxS1BLYkJoUGh2aGhKV2J3dm5VdUhuU0E1ak1QRWN2QUlSVnhEMTJFNHJKMFFxWjgtTnc0WUUzaDdCUk9PM1c?oc=5,Google Actualités — Mali,fr
media_65f858a06e2e87ac,2026-09-17,Opération Dougoukoloko : Les FAMa neutralisent des groupes terroristes et détruisent leurs équipements à Dioura et Kidal,Kidal,Kidal,Mali,18.443,1.409,event,Signal médiatique,autre,FAMa / État malien,Signal médiatique — vérification requise,faible,centre de localité approximatif,"Dans le cadre de l’opération Dougoukoloko, les forces armées maliennes (FAMa), appuyées par leurs partenaires, ont mené des actions offensives décisives les 16 et 17 septembre 2026 contre les groupes armés terroristes dans les régions de Mopti et de Kidal.",Malijet,https://malijet.com/actualte_dans_les_regions_du_mali/311895-operation-dougoukoloko-les-fama-neutralisent-des-groupes-t-1.html,Malijet,fr
media_8f4d6d5841b9583c,2026-09-17,"MALI: Mɔgɔ 7 ɲɔgɔnna fagara ani caaman joginna pankurun kelennabila ""drone"" mugufili dɔ senfɛ",Mali — lieu à confirmer,Mali,Mali,,,event,Signal médiatique,sécurité,À vérifier,Signal médiatique — vérification requise,faible,non géolocalisé,"MALI: Mɔgɔ 7 ɲɔgɔnna fagara ani caaman joginna pankurun kelennabila ""drone"" mugufili dɔ senfɛ RFI",RFI,https://news.google.com/rss/articles/CBMi-gFBVV95cUxNY2JNMG50dGhWMjZScHk4OUNDc1ZNam9xeklyLWZrSk5zQ3RpM0IzUnd6T2pEbHJPOHFsdlBqVTQ2eTFIWHpPVTRwelVLcFl1cGVjSThFc3g4Wmhzd251SWc2a05tUkI1Tjk2OXM4MUgxVFBjQXRNcHJEWXQ2a1lEQjlaT3hkVjVOQ0NCTVRwUW1rUWE1Mk9uczFtREh6T2pzb1Q1ZFV1NkZMekFqdjRwMEdEYjRnb3lNU3dXMi1OVUV4NTZ1cTBGY1NFLW9YUFh4RUQwbFUtSVUyYS1RYXpWakEyUEJVc1JVUEFvWXAwSmh5dVBaaVQzWXVB?oc=5,Google Actualités — Mali,fr
media_5afddafaff7a8bc9,2026-09-17,Diomaye fait escale à Nouakchott sur le chemin du retour d’Abu Dhabi,Nouakchott,Mauritanie,Mauritanie,18.086,-15.979,event,Signal médiatique,autre,À vérifier,Signal médiatique — vérification requise,faible,centre de localité approximatif,Diomaye fait escale à Nouakchott sur le chemin du retour d’Abu Dhabi Xibaaru,Xibaaru,https://news.google.com/rss/articles/CBMilgFBVV95cUxQN1pKZGZaTkNZV0JhNl9XUHFOcHlnaXRpa2txWHZNOGxWNzJ1WG4zV0NtMXpqMmp6S2VkZFg5UXdUZlRtUUdqZ1AwenFaQzNIVklyeVJEeWYtUkZBOFZjeUlqenRWcGZ5WDFHM3IyeVRxa0FLazlNVjB1RVBUZXY2SkdmbmRGSWk5ZkVQblBVMHdqUWdXaGc?oc=5,Google Actualités — Mauritanie,fr
media_c28d2ae2485db337,2026-09-17,Cameroun : 13 morts dans une attaque attribuée à Boko Haram dans l’Extrême-Nord,Tchad — lieu à confirmer,Tchad,Tchad,,,event,Signal médiatique,sécurité,À vérifier,Signal médiatique — vérification requise,faible,non géolocalisé,Cameroun : 13 morts dans une attaque attribuée à Boko Haram dans l’Extrême-Nord lecourrier.vn,lecourrier.vn,https://news.google.com/rss/articles/CBMisAFBVV95cUxOZjRfbV9CNUs1SGctVHBoeWg1VlVHQ2wwV0lzaC1XQ090UjBtMklGY3Z5cWQzeTlPZkdlYXY2YmVSTjc1Y1VFVnViTFNudEVsV1J1dkdIMXp5R0M0TjRoalVzdW1PbTdyOXlvVm5RN0F4SnpsYkVlaDhnQUZQcGVEX2ZwNWZQVTg1aHdRRDVGSzlsN2xOTVpGeW8yeXVpTnFsQlBpZlN5WHlZQ1BFb18tZQ?oc=5,Google Actualités — Tchad,fr
media_67e51ec5bf4de3ed,2026-09-17,Burkina/Solidarité : L’AJPD-BF offre 150 kits scolaires aux enfants de VDP tombés au front,Burkina Faso — lieu à confirmer,Burkina Faso,Burkina Faso,,,event,Signal médiatique,autre,FDS / VDP — Burkina Faso,Signal médiatique — vérification requise,faible,non géolocalisé,Burkina/Solidarité : L’AJPD-BF offre 150 kits scolaires aux enfants de VDP tombés au front leFaso.net - L'actualité au Burkina Faso,leFaso.net - L'actualité au Burkina Faso,https://news.google.com/rss/articles/CBMiY0FVX3lxTE9jdDhKYnAxXy01QXduRjE0NmZsRzV5c2VLM29WaXFUWWpGX2ZPSGNtUHpLa3p4ckk4Q0IzV2ZNWm5zQWpIWDFwa1hOM29GSU5WcGduQXpPaTR5WHRFMEtjLVk2QQ?oc=5,Google Actualités — Burkina Faso,fr
media_c72eb8903b72fc3b,2026-09-16,"🇸🇩 #Soudan : Le secrétaire général de l’ONU, @antonioguterres Guterres, appelle à « demander des comptes » aux pays qui fournissent des armes aux belligérants soudanais lorsque celles-ci sont utilisées contre les civils. Il dénonce un conflit « alimenté » - x.com",Tchad — lieu à confirmer,Tchad,Tchad,,,event,Signal réseau social,sécurité,À vérifier,Signal réseau social — recoupement requis,faible,non géolocalisé,"🇸🇩 #Soudan : Le secrétaire général de l’ONU, @antonioguterres Guterres, appelle à « demander des comptes » aux pays qui fournissent des armes aux belligérants soudanais lorsque celles-ci sont utilisées contre les civils. Il dénonce un conflit « alimenté » x.com",Tchadinfos,https://news.google.com/rss/articles/CBMiYEFVX3lxTE11TjN3OFBtYVkwZlV0NzNrdG45RFYzMFJwZkFLaG1rSHlOZG11LXBqZ2gzVWs4eVVfX1h6RlRsMDl6aThfUTdxZzk1Y1QzbDJJdmdqOTVjVDVSc1JlbFZzZQ?oc=5,X indexé — @tchadinfos,fr
media_72d435f493bcfe5f,2026-09-16,Sahel : les violences jihadistes pourraient dépasser 3 000 incidents en 2026,Niger — lieu à confirmer,Niger,Niger,,,event,Signal médiatique,sécurité,À vérifier,Signal médiatique — vérification requise,faible,non géolocalisé,Sahel : les violences jihadistes pourraient dépasser 3 000 incidents en 2026 Benin Web TV,Benin Web TV,https://news.google.com/rss/articles/CBMingFBVV95cUxNdWFZbWV3QnFkS2NjVFhoUXctcWF6LXRvZGNQVktYdHlyZnBucTBjYk1CaGVfV0JnQTluVmo1MTdienVLZHd1Z3ZURjJqcEExUjNudjdPcTNwV2Zmb3Z5T1FXRF9yUVoza3J4ZXFHTmlVdlhjSS1kdGxJRTRrVEFTRWhVcmR6QURlRVh3ZG44UXEybzN1X3dBTlRwWGgyZw?oc=5,Google Actualités — Niger,fr
media_581c226da27774fa,2026-09-16,Niger: Le coup d'État manqué au pays rappelle aux dirigeants militaires leurs promesses,Burkina Faso — lieu à confirmer,Burkina Faso,Burkina Faso,,,event,Signal médiatique,sécurité,À vérifier,Signal médiatique — vérification requise,faible,non géolocalisé,Niger: Le coup d'État manqué au pays rappelle aux dirigeants militaires leurs promesses allAfrica.fr,allAfrica.fr,https://news.google.com/rss/articles/CBMiX0FVX3lxTE9NY2pmbHI4RXpRUlJiOXlOaGNUT2RoSkFuODBDZk50SGw1M21yWnlvcERrUWIzeVBkaVBXYTBRRThTOE9uTXlvcTNvSVEzQ2kxenJRN2J5SmNMZXEtbjNj?oc=5,Google Actualités — Burkina Faso,fr
media_30eebc8686ec8472,2026-09-16,Mali : les FAMa frappent des positions de groupes armés près de Dioura et Mondoro,Mali — lieu à confirmer,Mali,Mali,,,event,Signal médiatique,autre,FAMa / État malien,Signal médiatique — vérification requise,faible,non géolocalisé,Mali : les FAMa frappent des positions de groupes armés près de Dioura et Mondoro YOP L-FRII,YOP L-FRII,https://news.google.com/rss/articles/CBMipgFBVV95cUxQd2ZMekljRFpYZ0NXRXlBdm9ycGppSHBJUUtPX2lGcExEVXJxN2xkMUNrVjFQV3JYZ010OHJ1OGM4RzhrQVl3UHlhUnRzWXhjNHdSYlhqRlJpcTZRS3FjZ3pRYURWZUVseFptUHRBTmpSQXBFcFByaXZmY0o0QTdZOW54WExTaHU5RTkwQXpzQ1RTdEtTa2tLQjFuN2lSa0ZFSy1RQWpn?oc=5,Google Actualités — Mali,fr
media_a90ce99e5adf058f,2026-09-16,Le coup d'État manqué au Niger rappelle aux dirigeants militaires leurs promesses,Burkina Faso — lieu à confirmer,Burkina Faso,Burkina Faso,,,event,Signal médiatique,sécurité,À vérifier,Signal médiatique — vérification requise,faible,non géolocalisé,Le coup d'État manqué au Niger rappelle aux dirigeants militaires leurs promesses The Conversation,The Conversation,https://news.google.com/rss/articles/CBMitgFBVV95cUxPLW8xR3k2SXZ1LUljMVY1TTNLSFRRSDd0RU82ZXJwd3lVRnRPRWlhZDZVZFlldUduenpFNTdHQ3dIWEVVcHF4cFBlQzBtV3Q2NzBUU2R2UXJRWDh3RHcwV2p3ZGdMSFBpWG01elREWUh4T3lQUFVCQTdYLU1fMlp0cUFWN1VPaGZpVzVjRUU2V3hpTlAwNVN6VVpiN2hmZ003MWdRTHRHTUpNaHdDanFJNGMxVndUdw?oc=5,Google Actualités — Burkina Faso,fr
media_38278226f82dea0e,2026-09-16,Dioura et Tessalit : Frappes ciblées des FAMa contre des GAT,Mali — lieu à confirmer,Mali,Mali,,,event,Signal médiatique,sécurité,FAMa / État malien,Signal médiatique — vérification requise,faible,non géolocalisé,"Dans le cadre de la poursuite de leurs missions de sécurisation du territoire national et de la lutte implacable contre le terrorisme à travers l'opération Dougoukoloko, les Forces armées maliennes (FAMa), appuyées par leurs partenaires, ont mené lundi dernier avec succès de nouvelles actions de neutralisation de groupes armés terroristes.",Maliweb — Actualités,https://www.maliweb.net/international/dioura-et-tessalit-frappes-ciblees-des-fama-contre-des-gat-3119960.html,Maliweb — Actualités,fr
media_54e4f3de849b8da6,2026-09-16,"Au Mali, chaque attaque ravive l’angoisse des familles de militaires",Mali — lieu à confirmer,Mali,Mali,,,event,Signal médiatique,sécurité,À vérifier,Signal médiatique — vérification requise,faible,non géolocalisé,"Au Mali, chaque attaque ravive l’angoisse des familles de militaires Yahoo Actualités",Yahoo Actualités,https://news.google.com/rss/articles/CBMiekFVX3lxTE8ybm8zMVN4UkU0b1BmS3pvSWRLR1pBY1BjRFhwRzRDS2FwUlhwZUVZNzBhMG9hSVdUakJyWnRJZzktcDVEX25yMUhrU3BwdVQ3SzRxeDE4dGExTnBPamp3VTlidThhTDJ5WjJXQ0xaaDJSa0tTU29vR0ZB?oc=5,Google Actualités — Mali,fr
media_89f3a001c6ebdf1c,2026-09-16,Attaque houthie déjouée : un drone neutralisé à La Mecque,Niger — lieu à confirmer,Niger,Niger,,,event,Signal médiatique,sécurité,À vérifier,Signal médiatique — vérification requise,faible,non géolocalisé,Attaque houthie déjouée : un drone neutralisé à La Mecque Journal du Niger,Journal du Niger,https://news.google.com/rss/articles/CBMikwFBVV95cUxNbjE2UzZiWUFWelMwV2hkMDYwT1J0cWZUMjVnMklhZDFVS0ZxQWU3NTlzZEdoRWhYM3N1S1dydEExanc2bW5tZ3l5V1RERmZ2UlRnN0wyTEk0VUZWVG1NNjR6d2dmbWJQWnF3dUUyOVhxYlZfOTFNd1plNnpaNGNOWGoyd25zVEI5WVdSWnBfaXVLTDg?oc=5,Google Actualités — Niger,fr
media_1a7e80a2faa58d12,2026-09-16,Al-Qaïda et État islamique au Sahel : record de violence,Burkina Faso — lieu à confirmer,Burkina Faso,Burkina Faso,,,event,Signal médiatique,sécurité,État islamique au Sahel,Signal médiatique — vérification requise,faible,non géolocalisé,Al-Qaïda et État islamique au Sahel : record de violence dailybeirut.com,dailybeirut.com,https://news.google.com/rss/articles/CBMitAFBVV95cUxQa1pWZHJkRVR6Wlk4U2tVRUYtQUVKdnFZS2Q5YmVQQk9CMlB4WGZITXlUd2gxdGtHQkVjdjV0YjBQbzlRWlNzb2NHMlpPNjRic1A4NjJ1cGN4VUhzM19mUVRhSno3by1odFNXWlIyd2NxQThSMkVmUk1YSk12aWlHM3NGU2pkYUJVRkh5MnN3anRIOHprYTFiM2FVZ1ZTOW1tTFUyQW1iblFGNVpXRHhLUW5OU0Y?oc=5,Google Actualités — Burkina Faso,fr
media_6293a3ccc7461b7f,2026-09-15,"« Ils nous ont dit de partir, et de ne jamais revenir » - des Malien.ne.s survivants du conflit poussés à l'exil par les groupes armés",Mali — lieu à confirmer,Mali,Mali,,,event,Signal médiatique,sécurité,À vérifier,Signal médiatique — vérification requise,faible,non géolocalisé,"« Ils nous ont dit de partir, et de ne jamais revenir » - des Malien.ne.s survivants du conflit poussés à l'exil par les groupes armés Amnesty International",Amnesty International,https://news.google.com/rss/articles/CBMigAFBVV95cUxQUFM4a214VXV3czV0cWRZVWtyWjIxVHJaMlFjVnVGUW9semV6emFBOEJqZ09aRDFrMGgyb1RSUEo4eVY4cTZSaGlkY3Z1M3E3ekh4TW55S29vcFRUc1l3bDRNS2dBUG9Ma0otSEs2YjBVU0xuMkZQMlY4TF9pQXB1VA?oc=5,Google Actualités — Mali,fr
media_1e4d56277ecd42e7,2026-09-15,VIDÉO. Mali: cinq militaires russes d'Africa Corps tuées lors d'une attaque djihadiste,Mali — lieu à confirmer,Mali,Mali,,,event,Signal médiatique,sécurité,À vérifier,Signal médiatique — vérification requise,faible,non géolocalisé,VIDÉO. Mali: cinq militaires russes d'Africa Corps tuées lors d'une attaque djihadiste tv5monde,tv5monde,https://news.google.com/rss/articles/CBMiywFBVV95cUxOMGxoc0RKeFdfMHAyOHFVczRzdDE1UDQybHN2MUtqc092bzZ6R0N1eTk1VUt1Z0tZc05kY2l2RGJMMlYwbGtDNmNMc1M3Vk9fMHRHZ3pYSWl5Zmw5ZUFkVUxieVQxZHZOakwzVWJEV0JubmF3ZWxyak56UDRmd014cERaNm8xVnNOOVRWZ0pJeDZCMVhoMlBybndBd3ZOdTQ1RkpiR1Y2TmFaS0U0bDBuak9Vc0YxSXhXaTNmaTdrNFBBU2p0VFdoU29rQQ?oc=5,Google Actualités — Mali,fr
