{
  "type": "FeatureCollection",
  "metadata": {
    "title": "Sahel Conflict Monitor — signaux médiatiques et sociaux publics",
    "last_updated": "2026-10-04T12:49:32+00:00",
    "generated_at": "2026-10-04T12:49:32+00:00",
    "latest_signal_date": "2026-10-02",
    "event_count": 250,
    "mapped_event_count": 117,
    "source_summary": {
      "window_start": "2026-08-20",
      "publication_cutoff": "2026-10-02",
      "lookback_days": 14,
      "retention_days": 45,
      "min_days_delay": 2,
      "coord_decimals": 3,
      "sources_configured": 29,
      "sources_attempted": 29,
      "successful_sources": 26,
      "failed_sources": 3,
      "local_media_sources": 11,
      "social_targets": 7,
      "social_feeds_active": 7,
      "countries_monitored": [
        "Mali",
        "Niger",
        "Burkina Faso",
        "Mauritanie",
        "Tchad"
      ],
      "source_results": [
        {
          "name": "GDELT DOC 2.0",
          "kind": "gdelt",
          "status": "error",
          "articles": 0,
          "error": "Échec HTTP après 1 essais : HTTP Error 429: Too Many Requests"
        },
        {
          "name": "Google Actualités — Mali",
          "kind": "rss",
          "status": "ok",
          "articles": 68
        },
        {
          "name": "Google Actualités — Niger",
          "kind": "rss",
          "status": "ok",
          "articles": 100
        },
        {
          "name": "Google Actualités — Burkina Faso",
          "kind": "rss",
          "status": "ok",
          "articles": 66
        },
        {
          "name": "Google Actualités — Mauritanie",
          "kind": "rss",
          "status": "ok",
          "articles": 77
        },
        {
          "name": "Google Actualités — Tchad",
          "kind": "rss",
          "status": "ok",
          "articles": 11
        },
        {
          "name": "RFI Afrique",
          "kind": "rss",
          "status": "ok",
          "articles": 23
        },
        {
          "name": "France 24 Afrique",
          "kind": "rss",
          "status": "ok",
          "articles": 30
        },
        {
          "name": "ONU Info Afrique",
          "kind": "rss",
          "status": "error",
          "articles": 0,
          "error": "not well-formed (invalid token): line 1, column 0"
        },
        {
          "name": "DW Afrique",
          "kind": "rss",
          "status": "ok",
          "articles": 12
        },
        {
          "name": "Studio Tamani",
          "kind": "rss",
          "status": "ok",
          "articles": 10
        },
        {
          "name": "Studio Kalangou",
          "kind": "rss",
          "status": "ok",
          "articles": 10
        },
        {
          "name": "Burkina 24",
          "kind": "rss",
          "status": "ok",
          "articles": 6
        },
        {
          "name": "LeFaso.net",
          "kind": "rss",
          "status": "ok",
          "articles": 62
        },
        {
          "name": "Sahara Médias",
          "kind": "rss",
          "status": "ok",
          "articles": 10
        },
        {
          "name": "Tchadinfos",
          "kind": "rss",
          "status": "ok",
          "articles": 10
        },
        {
          "name": "Journal du Mali",
          "kind": "rss",
          "status": "ok",
          "articles": 10
        },
        {
          "name": "Le Monde Afrique",
          "kind": "rss",
          "status": "ok",
          "articles": 20
        },
        {
          "name": "Maliweb — Actualités",
          "kind": "rss",
          "status": "error",
          "articles": 0,
          "error": "Échec HTTP après 3 essais : HTTP Error 404: Not Found"
        },
        {
          "name": "Malijet",
          "kind": "rss",
          "status": "ok",
          "articles": 50
        },
        {
          "name": "MaliActu",
          "kind": "rss",
          "status": "ok",
          "articles": 15
        },
        {
          "name": "Bamada",
          "kind": "rss",
          "status": "ok",
          "articles": 15
        },
        {
          "name": "X indexé — @StudioTamani",
          "kind": "social_rss",
          "status": "ok",
          "articles": 1
        },
        {
          "name": "X indexé — @Malijetactu",
          "kind": "social_rss",
          "status": "ok",
          "articles": 3
        },
        {
          "name": "X indexé — @maliactu",
          "kind": "social_rss",
          "status": "ok",
          "articles": 0
        },
        {
          "name": "X indexé — @actuniger",
          "kind": "social_rss",
          "status": "ok",
          "articles": 8
        },
        {
          "name": "X indexé — @burkina24",
          "kind": "social_rss",
          "status": "ok",
          "articles": 31
        },
        {
          "name": "X indexé — @ONUMauritanie",
          "kind": "social_rss",
          "status": "ok",
          "articles": 0
        },
        {
          "name": "X indexé — @tchadinfos",
          "kind": "social_rss",
          "status": "ok",
          "articles": 9
        }
      ],
      "articles_fetched": 657,
      "unique_articles": 625,
      "fresh_signals": 178,
      "retained_signals": 250,
      "manual_events": 0,
      "published_events": 250,
      "mapped_events": 117,
      "generated_at_utc": "2026-10-04T12:49:32+00:00",
      "duration_seconds": 40.68
    },
    "warning": "Ces points sont des signaux issus de médias publics, pas des faits indépendamment confirmés. Les coordonnées représentent au mieux le centre approximatif d'une localité citée."
  },
  "features": [
    {
      "type": "Feature",
      "geometry": {
        "type": "Point",
        "coordinates": [
          -15.979,
          18.086
        ]
      },
      "properties": {
        "id": "media_079467da0b8c10f7",
        "date": "2026-10-02",
        "title": "STRICTEMENT CONFIDENTIEL / Bruxelles prépare une nouvelle carte militaire pour Nouakchott",
        "location": "Nouakchott",
        "region": "Mauritanie",
        "country": "Mauritanie",
        "layer": "event",
        "layer_label": "Signal médiatique",
        "category": "sécurité",
        "actor": "À vérifier",
        "status": "Signal médiatique — vérification requise",
        "confidence": "faible",
        "precision": "centre de localité approximatif",
        "summary": "STRICTEMENT CONFIDENTIEL / Bruxelles prépare une nouvelle carte militaire pour Nouakchott Points Chauds Online",
        "source": "Points Chauds Online",
        "source_url": "https://news.google.com/rss/articles/CBMitAFBVV95cUxOQVNDeVhvM0ZHaHpqRHJNUWpZSDd3eUpOVVdhR0g2V3phd0NVOFRCdkVGampMXzg2b21KU1QxazRrQ3ZuZHZRYTVIc0t3X0FIMklueGNuTkozRFptY3FCNlg2YlZ2Q3B2SndXTmprMlo1eU1IcmNaSlRVR2hwUzc3Wl95QUx6dGNYclVEOVdpOC1uTzZnN1lyNlp1VTVIR1FGVmFEQlF0VG9oQW9URTNWcUdYYWs?oc=5",
        "source_system": "Google Actualités — Mauritanie",
        "language": "fr",
        "as_of": "2026-10-02"
      }
    },
    {
      "type": "Feature",
      "geometry": {
        "type": "Point",
        "coordinates": [
          2.11,
          13.514
        ]
      },
      "properties": {
        "id": "media_88eec5e1eac9d902",
        "date": "2026-10-02",
        "title": "Niger-Russie : Niamey évalue l’avancement des projets miniers avec Uranium One et Tenex",
        "location": "Niamey",
        "region": "Niamey",
        "country": "Niger",
        "layer": "event",
        "layer_label": "Signal médiatique",
        "category": "autre",
        "actor": "À vérifier",
        "status": "Signal médiatique — vérification requise",
        "confidence": "faible",
        "precision": "centre de localité approximatif",
        "summary": "Niger-Russie : Niamey évalue l’avancement des projets miniers avec Uranium One et Tenex Journal du Niger",
        "source": "Journal du Niger",
        "source_url": "https://news.google.com/rss/articles/CBMie0FVX3lxTFB3eGFtT1h0WjliWWJVRGhGUkdUOHJOVDVnZmFpN19hcjJibG4wOFNId3NRQ2RUV3AwX1VrSUZZQVRsbktiY0pBeXlzYldqNVlJMzVmdWtueVM0dzFVQmZsTkdyMFBYbmpXak1yU2pNd2tOM0JNc2RXLXhEbw?oc=5",
        "source_system": "Google Actualités — Niger",
        "language": "fr",
        "as_of": "2026-10-02"
      }
    },
    {
      "type": "Feature",
      "geometry": {
        "type": "Point",
        "coordinates": [
          1.454,
          14.207
        ]
      },
      "properties": {
        "id": "media_04bdb7778859c2d9",
        "date": "2026-10-02",
        "title": "Niger : le ministre inspecte les chantiers routiers à Tillabéri",
        "location": "Tillabéri",
        "region": "Tillabéri Region",
        "country": "Niger",
        "layer": "event",
        "layer_label": "Signal médiatique",
        "category": "autre",
        "actor": "À vérifier",
        "status": "Signal médiatique — vérification requise",
        "confidence": "faible",
        "precision": "centre de localité approximatif",
        "summary": "Niger : le ministre inspecte les chantiers routiers à Tillabéri Journal du Niger",
        "source": "Journal du Niger",
        "source_url": "https://news.google.com/rss/articles/CBMiggFBVV95cUxNUTlZTVlyNzE5VGM0R3ZiLVRxeE5hQTV3eUJzbFpyU0EweUJ1cFlqWnU3OUNCWWlIWE9hc05vbFJUaC1PbnhGS1hEM0tKRVNrVnBBY29LZGZuWVZkNU5nYlRZVjYyMnBlR1cteDd6UWN3RTZWWV9MR0pZeThYSzFxZld3?oc=5",
        "source_system": "Google Actualités — Niger",
        "language": "fr",
        "as_of": "2026-10-02"
      }
    },
    {
      "type": "Feature",
      "geometry": {
        "type": "Point",
        "coordinates": [
          12.611,
          13.315
        ]
      },
      "properties": {
        "id": "media_b036a5e2e32fbb5d",
        "date": "2026-10-02",
        "title": "Météo à Dirgya, Diffa heure par heure",
        "location": "Diffa",
        "region": "Diffa",
        "country": "Niger",
        "layer": "event",
        "layer_label": "Signal médiatique",
        "category": "autre",
        "actor": "À vérifier",
        "status": "Signal médiatique — vérification requise",
        "confidence": "faible",
        "precision": "centre de localité approximatif",
        "summary": "Météo à Dirgya, Diffa heure par heure SpaceRef",
        "source": "SpaceRef",
        "source_url": "https://news.google.com/rss/articles/CBMiXkFVX3lxTE0xazNnS0RTVkEzOXBUcW9pQTZ5cUxaZjNMejJ5MkhMbVg2bXZYMWt2RTRzRnQ1ODdTWHVhSG8tS0J4bTZFaVpyUEtqLVlhVldFYXJSUVBlYlZyamw1MXc?oc=5",
        "source_system": "Google Actualités — Niger",
        "language": "fr",
        "as_of": "2026-10-02"
      }
    },
    {
      "type": "Feature",
      "geometry": {
        "type": "Point",
        "coordinates": [
          -15.979,
          18.086
        ]
      },
      "properties": {
        "id": "media_da302b82cc1764da",
        "date": "2026-10-02",
        "title": "Mauritanie : une zone industrielle de 800 hectares en projet au sud de Nouakchott",
        "location": "Nouakchott",
        "region": "Mauritanie",
        "country": "Mauritanie",
        "layer": "event",
        "layer_label": "Signal médiatique",
        "category": "autre",
        "actor": "À vérifier",
        "status": "Signal médiatique — vérification requise",
        "confidence": "faible",
        "precision": "centre de localité approximatif",
        "summary": "Mauritanie : une zone industrielle de 800 hectares en projet au sud de Nouakchott Capmad",
        "source": "Capmad",
        "source_url": "https://news.google.com/rss/articles/CBMirwFBVV95cUxOaTdTNkJNTEoxSExVeXI3NkhCNlJZdnloZVoxMjZFYlBiSTE1bF9HbWJ4TlZaYWswQWtvNkNlT3RlZzlyTW91VklnVXJ5UTVtc3ZjT0RVclRHeXE0STdTRm13dzNHYTZGckVEbUROUE1tY1k5QldLOURhSHA4bUthb2RvSXlFYmRiTTdaOXZkdV9wZG5tLXdFbG50bEwwLTRYc1pwcHVZQVM3VWVkcGw4?oc=5",
        "source_system": "Google Actualités — Mauritanie",
        "language": "fr",
        "as_of": "2026-10-02"
      }
    },
    {
      "type": "Feature",
      "geometry": null,
      "properties": {
        "id": "media_42c7aad3a0052dcb",
        "date": "2026-10-02",
        "title": "Mauritanie : L'Arabie saoudite accuse les Houthis d'avoir attaqué la ville sainte de Médine",
        "location": "Mauritanie — lieu à confirmer",
        "region": "Mauritanie",
        "country": "Mauritanie",
        "layer": "event",
        "layer_label": "Signal médiatique",
        "category": "sécurité",
        "actor": "À vérifier",
        "status": "Signal médiatique — vérification requise",
        "confidence": "faible",
        "precision": "non géolocalisé",
        "summary": "Mauritanie : L'Arabie saoudite accuse les Houthis d'avoir attaqué la ville sainte de Médine Cridem",
        "source": "Cridem",
        "source_url": "https://news.google.com/rss/articles/CBMiYEFVX3lxTE0yYVRCUXJTMEhuZlBpMUdYSFh1M1JWWUpuLUJrRkIxVmpMZE1BaDBfb0IxT3NhRDhoT0RsTFh1RWcxY0lxblUxU1ozUms0MWJtZ0tfcWc2dlhXRWNfV0xxcg?oc=5",
        "source_system": "Google Actualités — Mauritanie",
        "language": "fr",
        "as_of": "2026-10-02"
      }
    },
    {
      "type": "Feature",
      "geometry": {
        "type": "Point",
        "coordinates": [
          2.11,
          13.514
        ]
      },
      "properties": {
        "id": "media_3df3126e1d32f1ac",
        "date": "2026-10-02",
        "title": "Le ministre de la Défense du Niger annonce la fin de la mutinerie à Niamey",
        "location": "Niamey",
        "region": "Niamey",
        "country": "Niger",
        "layer": "event",
        "layer_label": "Signal médiatique",
        "category": "autre",
        "actor": "À vérifier",
        "status": "Signal médiatique — vérification requise",
        "confidence": "faible",
        "precision": "centre de localité approximatif",
        "summary": "Le ministre de la Défense du Niger annonce la fin de la mutinerie à Niamey saba.ye",
        "source": "saba.ye",
        "source_url": "https://news.google.com/rss/articles/CBMiVkFVX3lxTE1pOU9oVVlNTU1XdTJzTUtqNUJzQ2dpbUlTcDFfUWRjSnp6QV9YU1BCNnFMeHMzQndaWml3SXotaXB2VDVxbTh0c1pEVl9EQ3hnUnRUWk93?oc=5",
        "source_system": "Google Actualités — Niger",
        "language": "fr",
        "as_of": "2026-10-02"
      }
    },
    {
      "type": "Feature",
      "geometry": null,
      "properties": {
        "id": "media_7d24e589dcd0b54b",
        "date": "2026-10-02",
        "title": "L'Arabie saoudite accuse les Houthis d'avoir attaqué la ville sainte de Médine",
        "location": "Mauritanie — lieu à confirmer",
        "region": "Mauritanie",
        "country": "Mauritanie",
        "layer": "event",
        "layer_label": "Signal médiatique",
        "category": "sécurité",
        "actor": "À vérifier",
        "status": "Signal médiatique — vérification requise",
        "confidence": "faible",
        "precision": "non géolocalisé",
        "summary": "L'Arabie saoudite accuse les Houthis d'avoir attaqué la ville sainte de Médine Cridem",
        "source": "Cridem",
        "source_url": "https://news.google.com/rss/articles/CBMiWEFVX3lxTE96NG5fVkttbDQtZnBqUmdZRzBkS28tOVRQb1ZsMnlJNlBuM2ZIa1A3OHRjMEVLUm5la3paNzZzVU5TMG5pSk9EREtZVnhFWU9BQlNJZHIydDg?oc=5",
        "source_system": "Google Actualités — Mauritanie",
        "language": "fr",
        "as_of": "2026-10-02"
      }
    },
    {
      "type": "Feature",
      "geometry": null,
      "properties": {
        "id": "media_08565fba69d9762c",
        "date": "2026-10-02",
        "title": "L'Algérie condamne avec la plus grande fermeté l'attaque ayant ciblé une station de distribution d'électricité à Médine",
        "location": "Burkina Faso — lieu à confirmer",
        "region": "Burkina Faso",
        "country": "Burkina Faso",
        "layer": "event",
        "layer_label": "Signal médiatique",
        "category": "sécurité",
        "actor": "À vérifier",
        "status": "Signal médiatique — vérification requise",
        "confidence": "faible",
        "precision": "non géolocalisé",
        "summary": "L'Algérie condamne avec la plus grande fermeté l'attaque ayant ciblé une station de distribution d'électricité à Médine aps.dz",
        "source": "aps.dz",
        "source_url": "https://news.google.com/rss/articles/CBMiigJBVV95cUxPeEZKaWE1Q3N6R1FZb2g2WHVJRDRIRGJFTGFIVXFKZUtNT2gwWHlIWVhOUnE5TVRLcUFObmJhdWZ4SjlXRDE3MnBkY0NQWGJZRnQ4cmpYZ3RKdnV0NzRhemRGWjdYdzg2bWFSOVVyTVQwdm5wUktqWmVqdHY5Ukd5dTNGbFdMeUp1N2gweDZfT0tWZ2FXWDFrN0RqZ1ZOUGN1bHFzX1Utam5pTWN6OEJHdng0d09Id3dTUkpRX0pTRXQ0WUwxTTZ0WVFlUzVEYUdJT2ktTXk5dm5QUFpUTnllanVkci02RmpqQjFKcTRpMmZxUGl5ZHV3VWUxODhORWxXYmh5MjA1clprUQ?oc=5",
        "source_system": "Google Actualités — Burkina Faso",
        "language": "fr",
        "as_of": "2026-10-02"
      }
    },
    {
      "type": "Feature",
      "geometry": {
        "type": "Point",
        "coordinates": [
          2.11,
          13.514
        ]
      },
      "properties": {
        "id": "media_b48c46c83b871f96",
        "date": "2026-10-02",
        "title": "Célébration à Niamey de l’anniversaire de la fondation de la République Populaire de Chine : 77 ans d’histoire, d’évolution et d’amitié",
        "location": "Niamey",
        "region": "Niamey",
        "country": "Niger",
        "layer": "event",
        "layer_label": "Signal médiatique",
        "category": "autre",
        "actor": "À vérifier",
        "status": "Signal médiatique — vérification requise",
        "confidence": "faible",
        "precision": "centre de localité approximatif",
        "summary": "Célébration à Niamey de l’anniversaire de la fondation de la République Populaire de Chine : 77 ans d’histoire, d’évolution et d’amitié Le Sahel.org",
        "source": "Le Sahel.org",
        "source_url": "https://news.google.com/rss/articles/CBMi6AFBVV95cUxQaTZkNTJHY2IybE5UMm41Skx5VFgzN3JYci1vVk9DRi1seWJjUndGZVQ0YVp0NzJTc2RIdlJKTjdWN1JETkFreGtLbmY3S2dNeVE4ZWo3aHM2ZEtiR2I5Y292cTl0ZWktTjZVTXdQRUlXVGl4eTRhajNLRzcxYW15bDJwSk0xbmtJcUVnbWJ4dmdoRWx3Y3RpWmdjRkN3c2FoM3JSUE4xWktzZHdOdm1KNUI5LXNUTFA3NDFoM1NOLVFFa0ZaTWNsV2xRYlliR1dHN3IxV2t4U3VJUi0wZ0NHSkdTUnVHZG1i?oc=5",
        "source_system": "Google Actualités — Niger",
        "language": "fr",
        "as_of": "2026-10-02"
      }
    },
    {
      "type": "Feature",
      "geometry": {
        "type": "Point",
        "coordinates": [
          -5.987,
          14.251
        ]
      },
      "properties": {
        "id": "media_e1078ca956fb14bc",
        "date": "2026-10-02",
        "title": "Corps africain : attaque près de Niono au Mali",
        "location": "Niono",
        "region": "Ségou",
        "country": "Mali",
        "layer": "event",
        "layer_label": "Signal médiatique",
        "category": "sécurité",
        "actor": "À vérifier",
        "status": "Signal médiatique — vérification requise",
        "confidence": "faible",
        "precision": "centre de localité approximatif",
        "summary": "Corps africain : attaque près de Niono au Mali dailybeirut.com",
        "source": "dailybeirut.com",
        "source_url": "https://news.google.com/rss/articles/CBMilAFBVV95cUxQZ3Jldnc4ZU5wZ1l6SUQ2X21ZdkVrZkhvclhya2g2Si1jSW1uMFktQkdYU3A0NFFuNlFkZi04SHFhUWV2T3AyM3FJQ2tuS3c1RHZ0Sy04MWM1VGhMUGVVWlJ6VXZYTW1PeUZGdkJONkloRnlvbm1fMzUtM2IzT1haMmxZNzF4VDdmQWNLSk1GQ25OVHQw?oc=5",
        "source_system": "Google Actualités — Mali",
        "language": "fr",
        "as_of": "2026-10-02"
      }
    },
    {
      "type": "Feature",
      "geometry": null,
      "properties": {
        "id": "media_c47b31de09e726b8",
        "date": "2026-10-01",
        "title": "Éthiopie : Sept groupes annoncent une alliance contre Abiy Ahmed",
        "location": "Mali — lieu à confirmer",
        "region": "Mali",
        "country": "Mali",
        "layer": "event",
        "layer_label": "Signal médiatique",
        "category": "politique",
        "actor": "À vérifier",
        "status": "Signal médiatique — vérification requise",
        "confidence": "faible",
        "precision": "non géolocalisé",
        "summary": "© Internet Près de quatre ans après l’accord de Pretoria, l’Éthiopie connaît une nouvelle escalade des violences dans le Nord. Sept groupes armés et politiques, dont le TPLF et le mouvement national Fano de l’Amhara, ont annoncé une alliance visant à renverser le gouvernement d’Abiy Ahmed et à mettre en place une transition. Les combats ont repris…",
        "source": "Journal du Mali",
        "source_url": "https://journaldumali.com/ethiopie-sept-groupes-annoncent-une-alliance-contre-abiy-ahmed/",
        "source_system": "Journal du Mali",
        "language": "fr",
        "as_of": "2026-10-01"
      }
    },
    {
      "type": "Feature",
      "geometry": {
        "type": "Point",
        "coordinates": [
          2.11,
          13.514
        ]
      },
      "properties": {
        "id": "media_dfe84528472cf172",
        "date": "2026-10-01",
        "title": "Sécurité routière à Niamey : 323 véhicules immobilisés",
        "location": "Niamey",
        "region": "Niamey",
        "country": "Niger",
        "layer": "event",
        "layer_label": "Signal médiatique",
        "category": "sécurité",
        "actor": "À vérifier",
        "status": "Signal médiatique — vérification requise",
        "confidence": "faible",
        "precision": "centre de localité approximatif",
        "summary": "Sécurité routière à Niamey : 323 véhicules immobilisés Journal du Niger",
        "source": "Journal du Niger",
        "source_url": "https://news.google.com/rss/articles/CBMiigFBVV95cUxPeHVsODhfQW1QTnppaGljN2x2U1BHQjZkQ1o2OGtzdmpKRXh0QzVIZlNXcDB6bHNNMkU4aDZJOGYzRGFoTnhGTmloMjN2NjR0dHMyd1Z3NVZaWENZcmhvRDRZZlRENUJoU0owTnprMHVNYXRnWTlXSWswMk9HMUd0b3BOR01ySWIySWc?oc=5",
        "source_system": "Google Actualités — Niger",
        "language": "fr",
        "as_of": "2026-10-01"
      }
    },
    {
      "type": "Feature",
      "geometry": null,
      "properties": {
        "id": "media_cdedd71cdf450b34",
        "date": "2026-10-01",
        "title": "Opération Dougoukoloko : Les FAMa pilonnent des repaires terroristes à Tessalit, Nampala et Sofara",
        "location": "Mali — lieu à confirmer",
        "region": "Mali",
        "country": "Mali",
        "layer": "event",
        "layer_label": "Signal médiatique",
        "category": "sécurité",
        "actor": "FAMa / État malien",
        "status": "Signal médiatique — vérification requise",
        "confidence": "faible",
        "precision": "non géolocalisé",
        "summary": "Le commandement militaire a fait savoir, via un communiqué ce jeudi 1er octobre, que les missions de sécurisation du pays se poursuivent dans le cadre de l'opération Dougoukoloko. Les forces armées maliennes (FAMa), appuyées par leurs partenaires, ont mené trois frappes aériennes ciblées les 30 sept...",
        "source": "Malijet",
        "source_url": "https://malijet.com/actualte_dans_les_regions_du_mali/312122-operation-dougoukoloko-les-fama-pilonnent-des-repaires-ter.html",
        "source_system": "Malijet",
        "language": "fr",
        "as_of": "2026-10-01"
      }
    },
    {
      "type": "Feature",
      "geometry": {
        "type": "Point",
        "coordinates": [
          -15.979,
          18.086
        ]
      },
      "properties": {
        "id": "media_ba00ed7f731e3eba",
        "date": "2026-10-01",
        "title": "Nouakchott : des passagers d’un vol Turkish Airlines bloqués pendant près de 20 heures",
        "location": "Nouakchott",
        "region": "Mauritanie",
        "country": "Mauritanie",
        "layer": "event",
        "layer_label": "Signal médiatique",
        "category": "autre",
        "actor": "À vérifier",
        "status": "Signal médiatique — vérification requise",
        "confidence": "faible",
        "precision": "centre de localité approximatif",
        "summary": "Nouakchott : des passagers d’un vol Turkish Airlines bloqués pendant près de 20 heures Cridem",
        "source": "Cridem",
        "source_url": "https://news.google.com/rss/articles/CBMiWEFVX3lxTE1haG9YRmNHN3dlVzRTeVF6eGZBMjhMV1hUZC1sU0hqdUU5d3lWSm5mRnhIT2dzbmludlVwNkZJbGJWZXJ3SmJCSmh0LTU0QWs4RVRkZzRJQXM?oc=5",
        "source_system": "Google Actualités — Mauritanie",
        "language": "fr",
        "as_of": "2026-10-01"
      }
    },
    {
      "type": "Feature",
      "geometry": {
        "type": "Point",
        "coordinates": [
          -15.979,
          18.086
        ]
      },
      "properties": {
        "id": "media_740ec0099ebbe118",
        "date": "2026-10-01",
        "title": "Mauritanie : Nouakchott : des passagers d’un vol Turkish Airlines bloqués pendant près de 20 heures",
        "location": "Nouakchott",
        "region": "Mauritanie",
        "country": "Mauritanie",
        "layer": "event",
        "layer_label": "Signal médiatique",
        "category": "autre",
        "actor": "À vérifier",
        "status": "Signal médiatique — vérification requise",
        "confidence": "faible",
        "precision": "centre de localité approximatif",
        "summary": "Mauritanie : Nouakchott : des passagers d’un vol Turkish Airlines bloqués pendant près de 20 heures Cridem",
        "source": "Cridem",
        "source_url": "https://news.google.com/rss/articles/CBMiYEFVX3lxTE5pOExtUFFtSkxHMF9qZWF3bmR1ck14Q1gtSG9kc3JZMHVlOUNtNmw5Y3hDMjVXMDdLb0hSb0VBYjdacWxZWnJORDNUVi11V2VRUkUxM1d1TFkwNzlNWlRKRg?oc=5",
        "source_system": "Google Actualités — Mauritanie",
        "language": "fr",
        "as_of": "2026-10-01"
      }
    },
    {
      "type": "Feature",
      "geometry": {
        "type": "Point",
        "coordinates": [
          -15.979,
          18.086
        ]
      },
      "properties": {
        "id": "media_cdb8a8dada3f4d26",
        "date": "2026-10-01",
        "title": "Mauritanie - MGI : Nouakchott explore de nouvelles pistes pour restaurer ses terres",
        "location": "Nouakchott",
        "region": "Mauritanie",
        "country": "Mauritanie",
        "layer": "event",
        "layer_label": "Signal médiatique",
        "category": "autre",
        "actor": "À vérifier",
        "status": "Signal médiatique — vérification requise",
        "confidence": "faible",
        "precision": "centre de localité approximatif",
        "summary": "Mauritanie - MGI : Nouakchott explore de nouvelles pistes pour restaurer ses terres Cridem",
        "source": "Cridem",
        "source_url": "https://news.google.com/rss/articles/CBMiW0FVX3lxTFA4SmRueTFheWJab3JMRGhxNUhaX3ZhRlpZTUV2YnM5ZG0tem5ONzNrWFdnM1Qzb0Q4WEFBaUpEZkhoNWota2laUGNXUDB3X1RvZE8xUDlQVXU3RVU?oc=5",
        "source_system": "Google Actualités — Mauritanie",
        "language": "fr",
        "as_of": "2026-10-01"
      }
    },
    {
      "type": "Feature",
      "geometry": null,
      "properties": {
        "id": "media_ea3fb5cc9c37da17",
        "date": "2026-10-01",
        "title": "Mali : l’ombre déstabilisatrice d’Alger derrière la violente attaque contre le pays",
        "location": "Mali — lieu à confirmer",
        "region": "Mali",
        "country": "Mali",
        "layer": "event",
        "layer_label": "Signal médiatique",
        "category": "sécurité",
        "actor": "À vérifier",
        "status": "Signal médiatique — vérification requise",
        "confidence": "faible",
        "precision": "non géolocalisé",
        "summary": "Mali : l’ombre déstabilisatrice d’Alger derrière la violente attaque contre le pays L-Post",
        "source": "L-Post",
        "source_url": "https://news.google.com/rss/articles/CBMingFBVV95cUxQT3JoZHJtLXRIcG04eXoxWFN6M25CVm1QMWNfbFQ5ZWxMTVFvOTZoODVNOUFRNEJwai01aXVJbnZsRU9ZR3BYWFFFN2lKM0JFM21haFlfa1VGRk5vTU1INVZ1OUdSWU5mSWt5Zng0am1fM25uVmVNbVVITXQzYnpMZlZzSmVMdnowS2toenVNbjU3RHNCaUhIVldaN1o1d9IBowFBVV95cUxPaXQzWWhFU0hhVTZOblUzei1CeEFIVmJCRElFdUpGb1FYS042bm5NcnhDVjhPT3J5UjNiZVpDMHJlY2F3dVdRRUU4MUYzbE5FaWZpNlhONVhvaGtKbldScThGd0F6TktNVnFlRnlhTzNISVFYNnhzRGc3UEpORFRyclFWMTFVSngwbGtNeE1jTU5pNkxXU0xvWmI2RmxUWUZXNUd3?oc=5",
        "source_system": "Google Actualités — Mali",
        "language": "fr",
        "as_of": "2026-10-01"
      }
    },
    {
      "type": "Feature",
      "geometry": null,
      "properties": {
        "id": "media_d660047d10a854be",
        "date": "2026-10-01",
        "title": "Mali : Amnesty publie un rapport accusant les FAMa et Wagner de crimes de guerre contre des civils",
        "location": "Mali — lieu à confirmer",
        "region": "Mali",
        "country": "Mali",
        "layer": "event",
        "layer_label": "Signal médiatique",
        "category": "autre",
        "actor": "FAMa / État malien",
        "status": "Signal médiatique — vérification requise",
        "confidence": "faible",
        "precision": "non géolocalisé",
        "summary": "Mali : Amnesty publie un rapport accusant les FAMa et Wagner de crimes de guerre contre des civils koaci.com",
        "source": "koaci.com",
        "source_url": "https://news.google.com/rss/articles/CBMi9wFBVV95cUxPSFFVYzB4LWJuOHJvVklvYWZ5TkppbW0tOS1rTXdxa05JQkpCVW91WkU5eFhhSXgtb2tPQlM0R1Z0YmVpMnpOS0dPXzdDV3JNeXFGVFprbU13WG1jVXMzUk9IYzZwT3VSYXBDQ05aMHVHMm9PMFRsc1pDNlJMcUJSeE1VdklZaDhHVlRqaTUxbjRHT3g2Qi1mNXd3bjR3MHBDakpJNjc3eUVuc2hRVi1YTktRMnVQYzg4VlFBX1E5RFRZX3VvcTZETXhVSXMzdko3NS1aR3JLOGNhSEVxeTd4b3kyaFdCN2RXeEhGM2dMZkptQ05SUHg4?oc=5",
        "source_system": "Google Actualités — Mali",
        "language": "fr",
        "as_of": "2026-10-01"
      }
    },
    {
      "type": "Feature",
      "geometry": null,
      "properties": {
        "id": "media_1d5b033466332e23",
        "date": "2026-10-01",
        "title": "Le Niger sur Kalangou du 01 octobre 2026",
        "location": "Niger — lieu à confirmer",
        "region": "Niger",
        "country": "Niger",
        "layer": "event",
        "layer_label": "Signal médiatique",
        "category": "sécurité",
        "actor": "À vérifier",
        "status": "Signal médiatique — vérification requise",
        "confidence": "faible",
        "precision": "non géolocalisé",
        "summary": "Listen to « Violence basées sur le genre, Numerique, Education (Le Niger sur Kalangou) » on Spreaker. Au menu de l’émission : Playlist musicale :Mouchan Lakkole- Hadiza Mangou Ay SI BA ECOLE",
        "source": "Studio Kalangou",
        "source_url": "https://www.studiokalangou.org/142646-fonctionnement-centre-holistique-de-lutte-contre-violences-basees-genre",
        "source_system": "Studio Kalangou",
        "language": "fr",
        "as_of": "2026-10-01"
      }
    },
    {
      "type": "Feature",
      "geometry": null,
      "properties": {
        "id": "media_7e3bd4dd1b413848",
        "date": "2026-10-01",
        "title": "Insécurité : plusieurs soldats tombés au front suite à une attaque terroriste contre la position des FDS de Tessa (Dosso)",
        "location": "Burkina Faso — lieu à confirmer",
        "region": "Burkina Faso",
        "country": "Burkina Faso",
        "layer": "event",
        "layer_label": "Signal médiatique",
        "category": "sécurité",
        "actor": "À vérifier",
        "status": "Signal médiatique — vérification requise",
        "confidence": "faible",
        "precision": "non géolocalisé",
        "summary": "Insécurité : plusieurs soldats tombés au front suite à une attaque terroriste contre la position des FDS de Tessa (Dosso) actuniger.com",
        "source": "actuniger.com",
        "source_url": "https://news.google.com/rss/articles/CBMi7gFBVV95cUxPUEtpc0t3VGJnU096aXhCOU1OWjI4bXFLM1ZyTXZMQXllZTgzLTRTRU9NbmEwWU5RYlBES1M1UjlCREM4QmRTQU9ZRVVxNjU2R3B6WFRsWlBQN3FJeFRReTBYakdDRHRvY1E2V2hLblN4UGxoZDNlbXBSNlNxWHM0M3NWdTYtdHRFOF9hYVRiT1gyamRtNGwyNVVWdF9ZUUJEbUt0VWdRZVB0UnpXeU9UdTlUZHR0dlB3OUE1MWlFamFGb0liekF5Yk1kTDBpRTJydHNvZkFXQjFxRWZLTjZaU1Zsc0NPcUpTeVlISHVR?oc=5",
        "source_system": "Google Actualités — Burkina Faso",
        "language": "fr",
        "as_of": "2026-10-01"
      }
    },
    {
      "type": "Feature",
      "geometry": null,
      "properties": {
        "id": "media_4f52725ba6bdb749",
        "date": "2026-10-01",
        "title": "Faux, cette image ne montre pas un soldat français tué « lors des récentes attaques » terrorises au Mali",
        "location": "Burkina Faso — lieu à confirmer",
        "region": "Burkina Faso",
        "country": "Burkina Faso",
        "layer": "event",
        "layer_label": "Signal médiatique",
        "category": "sécurité",
        "actor": "À vérifier",
        "status": "Signal médiatique — vérification requise",
        "confidence": "faible",
        "precision": "non géolocalisé",
        "summary": "Faux, cette image ne montre pas un soldat français tué « lors des récentes attaques » terrorises au Mali africacheck.org",
        "source": "africacheck.org",
        "source_url": "https://news.google.com/rss/articles/CBMiwgFBVV95cUxNWGpYWU9wTzJ3Y0k5NGV3Z0tKS3lGb2NZOVdNR3NMMDFvTFh6a1c2N3Y4LTBnc1BiVG1UdDBOUmI5X1ZCUXlIQWk2c09VTERtVUdnZDZoZmwxTmFxUTBSUTZqSWh5QzIxMEctYkU2VjJmbkQyQXczbzBtX2xVMEhQdjN5NjB3aVBCRTVNX2RXV25pSmV1dF84Qmh4Z1hNS1dxR0sxN0xyNC04R1NJZElJTVp4SWVTX1AtZnA2TUR0Tl8yZw?oc=5",
        "source_system": "Google Actualités — Burkina Faso",
        "language": "fr",
        "as_of": "2026-10-01"
      }
    },
    {
      "type": "Feature",
      "geometry": null,
      "properties": {
        "id": "media_313ec0e44989cc19",
        "date": "2026-10-01",
        "title": "Au Ghana, le retour au calme à Bawku signe-t-il vraiment le recul de la violence jihadiste venue du Burkina Faso ?",
        "location": "Burkina Faso — lieu à confirmer",
        "region": "Burkina Faso",
        "country": "Burkina Faso",
        "layer": "event",
        "layer_label": "Signal médiatique",
        "category": "sécurité",
        "actor": "À vérifier",
        "status": "Signal médiatique — vérification requise",
        "confidence": "faible",
        "precision": "non géolocalisé",
        "summary": "Au Ghana, le retour au calme à Bawku signe-t-il vraiment le recul de la violence jihadiste venue du Burkina Faso ? Jeune Afrique",
        "source": "Jeune Afrique",
        "source_url": "https://news.google.com/rss/articles/CBMi8AFBVV95cUxQYjF0M0g4dWdSX3Z0R3JKYU9UR184Ylh4Skg4UG1hZHctRjZUUFdlQTRaTnBUbEMyTUkxbEpRUF9rdFBkWkxFMm1ZSmNlOERSbkJwQkFESjdBdjRpZkYwUDY5dU1DSjQ2dldPaERveGRvdHFXWWpXNi0waTlSX19mU1d1U1JXem16MTlYU181QVFsNEMzaXRBQ0NDS1R6dUtaeE0yazR6aDdPU2Z4aTZyaEc2ZTNnVGZCRUdiU1c5NXV2cEMyeUNFT3JpRFJWVlZ4TlpIWXUyU1c3OG90X2JGMU05UUpiV0M0STY3Q2hIaFY?oc=5",
        "source_system": "Google Actualités — Burkina Faso",
        "language": "fr",
        "as_of": "2026-10-01"
      }
    },
    {
      "type": "Feature",
      "geometry": {
        "type": "Point",
        "coordinates": [
          8.988,
          13.807
        ]
      },
      "properties": {
        "id": "media_324dfe4042605319",
        "date": "2026-09-30",
        "title": "Paix au Niger : les artistes de Zinder marchent pour l’union",
        "location": "Zinder",
        "region": "Zinder Region",
        "country": "Niger",
        "layer": "event",
        "layer_label": "Signal médiatique",
        "category": "autre",
        "actor": "À vérifier",
        "status": "Signal médiatique — vérification requise",
        "confidence": "faible",
        "precision": "centre de localité approximatif",
        "summary": "Paix au Niger : les artistes de Zinder marchent pour l’union Journal du Niger",
        "source": "Journal du Niger",
        "source_url": "https://news.google.com/rss/articles/CBMihAFBVV95cUxNNEZITW9GVVdYX3NFYWF0M19KVHR1c2dMZTZuY1Bkb0JnV3B1ajNfYjBKOXhCRVlnMzBDV0t5WXZEeHZVT2pkU096eGlIQ0NETms0aV9wSzhBbjMweXdlUEJRQmE1QUJyT0xaMENKanNhMTk1MHRwaDQ2STBDWWd3TkMzdVU?oc=5",
        "source_system": "Google Actualités — Niger",
        "language": "fr",
        "as_of": "2026-09-30"
      }
    },
    {
      "type": "Feature",
      "geometry": null,
      "properties": {
        "id": "media_dcd5825a174e3a9f",
        "date": "2026-09-30",
        "title": "Où va le Burkina Faso 4 ans après le coup d'État d'Ibrahim Traoré ?",
        "location": "Burkina Faso — lieu à confirmer",
        "region": "Burkina Faso",
        "country": "Burkina Faso",
        "layer": "event",
        "layer_label": "Signal médiatique",
        "category": "politique",
        "actor": "À vérifier",
        "status": "Signal médiatique — vérification requise",
        "confidence": "faible",
        "precision": "non géolocalisé",
        "summary": "🇧🇫 Quatre ans après son arrivée au pouvoir par un putsch, Ibrahim Traoré dirige toujours le Burkina Faso. Face à l’insécurité et à la restriction de l’espace politique, une question demeure : quand prendra fin la transition ?",
        "source": "France 24 Afrique",
        "source_url": "https://www.france24.com/fr/vid%C3%A9o/20260930-o%C3%B9-va-le-burkina-faso-4-ans-apr%C3%A8s-le-coup-d-%C3%A9tat-d-ibrahim-traor%C3%A9",
        "source_system": "France 24 Afrique",
        "language": "fr",
        "as_of": "2026-09-30"
      }
    },
    {
      "type": "Feature",
      "geometry": {
        "type": "Point",
        "coordinates": [
          2.11,
          13.514
        ]
      },
      "properties": {
        "id": "media_897a7a80bca9cf1c",
        "date": "2026-09-30",
        "title": "Niamey reçoit un véhicule de démoustication grâce à la MISIN",
        "location": "Niamey",
        "region": "Niamey",
        "country": "Niger",
        "layer": "event",
        "layer_label": "Signal médiatique",
        "category": "autre",
        "actor": "À vérifier",
        "status": "Signal médiatique — vérification requise",
        "confidence": "faible",
        "precision": "centre de localité approximatif",
        "summary": "Niamey reçoit un véhicule de démoustication grâce à la MISIN Journal du Niger",
        "source": "Journal du Niger",
        "source_url": "https://news.google.com/rss/articles/CBMilAFBVV95cUxPbHkyNkVmZEZHZ3dnTHBPaGZIdjJvbElzRG5UVlRhU3psb0pNQ09QZ2NwMkE2ald3ZmREZHZWa0prbVVyYWFhYUI5Zm9nMVhwUFRIaEgzQ09DUWdmM1g1MGU2ZWRrN2RDY2liSHJOZ1ZueTA0STJGQ05Ec1hmaUk1RUVYRUc1OFlXTGxJenJqQmdtaXNL?oc=5",
        "source_system": "Google Actualités — Niger",
        "language": "fr",
        "as_of": "2026-09-30"
      }
    },
    {
      "type": "Feature",
      "geometry": {
        "type": "Point",
        "coordinates": [
          2.11,
          13.514
        ]
      },
      "properties": {
        "id": "media_7bf71172e30b4ad7",
        "date": "2026-09-30",
        "title": "Niamey : les pionniers honorés pour leur engagement social",
        "location": "Niamey",
        "region": "Niamey",
        "country": "Niger",
        "layer": "event",
        "layer_label": "Signal médiatique",
        "category": "autre",
        "actor": "À vérifier",
        "status": "Signal médiatique — vérification requise",
        "confidence": "faible",
        "precision": "centre de localité approximatif",
        "summary": "Niamey : les pionniers honorés pour leur engagement social Journal du Niger",
        "source": "Journal du Niger",
        "source_url": "https://news.google.com/rss/articles/CBMinAFBVV95cUxPY3lOR3JZekx1SkNaajQ1N2Q3Vm5uWDVSVXJRNi1JTGNHbWN5MTE0eEswSEdzbWM0TUtGWlNhSFctMkZTVFlyQTNvRTZWRS1LZU1HX1pDMzFmMTZrNzIyeTk4RUt6eGpJdjF5Sll0TjhVaWFPVl8tSVViZUhab2VORzR5TDgxbGVxbEF6Ump6WFRZUEZfOVlpcVp5THY?oc=5",
        "source_system": "Google Actualités — Niger",
        "language": "fr",
        "as_of": "2026-09-30"
      }
    },
    {
      "type": "Feature",
      "geometry": {
        "type": "Point",
        "coordinates": [
          2.11,
          13.514
        ]
      },
      "properties": {
        "id": "media_7e5597c5e1c73038",
        "date": "2026-09-30",
        "title": "Niamey : Le Ministre des Transports, Représentant le Premier Ministre rend hommage à 12 femmes pionnières du Niger",
        "location": "Niamey",
        "region": "Niamey",
        "country": "Niger",
        "layer": "event",
        "layer_label": "Signal médiatique",
        "category": "autre",
        "actor": "À vérifier",
        "status": "Signal médiatique — vérification requise",
        "confidence": "faible",
        "precision": "centre de localité approximatif",
        "summary": "Niamey : Le Ministre des Transports, Représentant le Premier Ministre rend hommage à 12 femmes pionnières du Niger Agence Nigérienne de Presse",
        "source": "Agence Nigérienne de Presse",
        "source_url": "https://news.google.com/rss/articles/CBMixgFBVV95cUxPSy1sRjJBdkRnYWlCNXJWdl82SUJaUzhacXpsSkR4VHdZRGlBc3k5OEpsNzNDcnluQzdlWkF0NzJyVVVZWHRUZUd3dzVwendxSXBjRDlYU1dCRkYzNHBUSkp4OXVjYVlYVnJoWlNHY19yNzZ5T0xoRTROaGoxYVUwV1JKWlJKT3JNdFNueHJValFHVlFBLXViZVRlYVNDTlVNMGpieGpMMFRXOFpSS0dBN3RHc3JXZmRud1VLN1ViWmp4RXFJZlE?oc=5",
        "source_system": "Google Actualités — Niger",
        "language": "fr",
        "as_of": "2026-09-30"
      }
    },
    {
      "type": "Feature",
      "geometry": null,
      "properties": {
        "id": "media_0a199ac076fcaa73",
        "date": "2026-09-30",
        "title": "Mauritanie et l’OTAN examinent le renforcement de leur coopération militaire",
        "location": "Mauritanie — lieu à confirmer",
        "region": "Mauritanie",
        "country": "Mauritanie",
        "layer": "event",
        "layer_label": "Signal médiatique",
        "category": "sécurité",
        "actor": "À vérifier",
        "status": "Signal médiatique — vérification requise",
        "confidence": "faible",
        "precision": "non géolocalisé",
        "summary": "Mauritanie et l’OTAN examinent le renforcement de leur coopération militaire Cridem",
        "source": "Cridem",
        "source_url": "https://news.google.com/rss/articles/CBMiWEFVX3lxTE1KdEx5Z1hkUVlVb2Izb25aWFh5cndvOTNudUNYdE0xNFc1V2d0VjZyRWFZYzU5T2xMNEcycVFfRWNmcVMwN21HRllQQXNISEpTdk9MTkI2UFc?oc=5",
        "source_system": "Google Actualités — Mauritanie",
        "language": "fr",
        "as_of": "2026-09-30"
      }
    },
    {
      "type": "Feature",
      "geometry": {
        "type": "Point",
        "coordinates": [
          -15.979,
          18.086
        ]
      },
      "properties": {
        "id": "media_fdbe6062e6325237",
        "date": "2026-09-30",
        "title": "Mauritanie : Dakar et Nouakchott renforcent leur partenariat dans la vallée du fleuve Sénégal",
        "location": "Nouakchott",
        "region": "Mauritanie",
        "country": "Mauritanie",
        "layer": "event",
        "layer_label": "Signal médiatique",
        "category": "autre",
        "actor": "À vérifier",
        "status": "Signal médiatique — vérification requise",
        "confidence": "faible",
        "precision": "centre de localité approximatif",
        "summary": "Mauritanie : Dakar et Nouakchott renforcent leur partenariat dans la vallée du fleuve Sénégal Cridem",
        "source": "Cridem",
        "source_url": "https://news.google.com/rss/articles/CBMiYEFVX3lxTE9yc2plV200eS1mYkxPV3Mwam9qdlBKM1lGd3hBVnlrVnFvbEYyYVNSbnRDbDZVYXFnSms1UUc3ZEZZaUMxRE9WR2JxVXJuTG84MmlfRWYyRExCRXdweVJ1Xw?oc=5",
        "source_system": "Google Actualités — Mauritanie",
        "language": "fr",
        "as_of": "2026-09-30"
      }
    },
    {
      "type": "Feature",
      "geometry": {
        "type": "Point",
        "coordinates": [
          -5.465,
          12.387
        ]
      },
      "properties": {
        "id": "media_671d18b552b5c21d",
        "date": "2026-09-30",
        "title": "Mali: Prolongation d'un mois du couvre-feu dans la région de Koutiala",
        "location": "Koutiala",
        "region": "Sikasso",
        "country": "Mali",
        "layer": "event",
        "layer_label": "Signal médiatique",
        "category": "sécurité",
        "actor": "À vérifier",
        "status": "Signal médiatique — vérification requise",
        "confidence": "moyenne",
        "precision": "centre de localité approximatif",
        "summary": "Le Gouverneur de la région de Koutiala, le Général de Brigade Harouna Samaké, a signé le lundi 28 septembre la Décision N°2026-0345/GR-KLA-CAB portant prorogation du couvre-feu en vigueur dans la région.",
        "source": "Malijet",
        "source_url": "https://malijet.com/actualte_dans_les_regions_du_mali/312107-mali-prolongation-dun-mois-du-couvre-feu-dans-la-region-de.html",
        "source_system": "Malijet",
        "language": "fr",
        "as_of": "2026-09-30"
      }
    },
    {
      "type": "Feature",
      "geometry": null,
      "properties": {
        "id": "media_5fc8da3dbe499ec7",
        "date": "2026-09-30",
        "title": "Mali : sept morts, dont quatre Russes, dans une attaque jihadiste",
        "location": "Mali — lieu à confirmer",
        "region": "Mali",
        "country": "Mali",
        "layer": "event",
        "layer_label": "Signal médiatique",
        "category": "sécurité",
        "actor": "À vérifier",
        "status": "Signal médiatique — vérification requise",
        "confidence": "faible",
        "precision": "non géolocalisé",
        "summary": "Mali : sept morts, dont quatre Russes, dans une attaque jihadiste africaradio.com",
        "source": "africaradio.com",
        "source_url": "https://news.google.com/rss/articles/CBMiqgFBVV95cUxOWEl6RXdSdW1WeERpYXFxdk9TQmJZeGY0T3pURWU1OTBpVk9UWk1KQWtFWnRNWEZGSEpyUGFjT1Ita0o2aGFDemN1SVlWcEctUnByZVFpM0JsSFlKaV9FbmNMMkxEWmFGaGlGSkJnQmI1VHNoVlJCVm8zRGM4eHlXV1oxTGRQTkFxVmxqNW1VNmh2N1VpNXdUNnI5SXFHWWhibmxPVnhVVUVSdw?oc=5",
        "source_system": "Google Actualités — Mali",
        "language": "fr",
        "as_of": "2026-09-30"
      }
    },
    {
      "type": "Feature",
      "geometry": null,
      "properties": {
        "id": "media_30f4dd7a2c28a292",
        "date": "2026-09-30",
        "title": "Mali : Une embuscade du Jnim fait au moins quatre décès parmi les Russes de l’Africa Corps",
        "location": "Mali — lieu à confirmer",
        "region": "Mali",
        "country": "Mali",
        "layer": "event",
        "layer_label": "Signal médiatique",
        "category": "autre",
        "actor": "JNIM / GSIM",
        "status": "Signal médiatique — vérification requise",
        "confidence": "faible",
        "precision": "non géolocalisé",
        "summary": "Mali : Une embuscade du Jnim fait au moins quatre décès parmi les Russes de l’Africa Corps afrik soir",
        "source": "afrik soir",
        "source_url": "https://news.google.com/rss/articles/CBMirwFBVV95cUxPZFZfT3dDUW1HOWF0T2dJc2pnd1ZraU40UE1GZHNaMlFxNXRpSFl0OWlxUEsyLTFxT0llSEZFcVpQVEN2b0NjOHo5UXVFX1BkWm90cHNDd3VQWkpVRkphM3o0a3ItcF9oRlJ6SkNpTF90dEg4c1c0LV9Cam5DYWxPVnZrTGZmNEV2VXRrZGJqc2pkSWNHdmxzY3pQM2xjSm9RUk0xZ0pJQlZ2RUdfUE4w?oc=5",
        "source_system": "Google Actualités — Mali",
        "language": "fr",
        "as_of": "2026-09-30"
      }
    },
    {
      "type": "Feature",
      "geometry": {
        "type": "Point",
        "coordinates": [
          -5.987,
          14.251
        ]
      },
      "properties": {
        "id": "media_c04cabcfb51f18a0",
        "date": "2026-09-30",
        "title": "MALI: Sɔrasi 3 ani Russie kɛlɛcɛ 4, o de fagara JNIM jatigɛwale-kulu ka binkanni dɔ senfɛ Niono",
        "location": "Niono",
        "region": "Ségou",
        "country": "Mali",
        "layer": "event",
        "layer_label": "Signal médiatique",
        "category": "autre",
        "actor": "JNIM / GSIM",
        "status": "Signal médiatique — vérification requise",
        "confidence": "faible",
        "precision": "centre de localité approximatif",
        "summary": "MALI: Sɔrasi 3 ani Russie kɛlɛcɛ 4, o de fagara JNIM jatigɛwale-kulu ka binkanni dɔ senfɛ Niono RFI",
        "source": "RFI",
        "source_url": "https://news.google.com/rss/articles/CBMi_gFBVV95cUxNN1BCTjJaUFZwanUyWmc2V3J2aFFlVmxmTTFRdVZjU0l0RDRkZEFFaWZKUzZudmk3U0NfeXZCLUFaSElZbG1Ya01OZ2twck5uUERrUDNsSTZUTldTZldEenNPN1prekNUVzJUOTBuVm5VOXUyWnBlS0IyN1FrRUdoWTlzazZKcXJpdDhJOHdGQ2ZkZFFVWl9KVW9JVEg4YXR4MXNVYTJ3R00tRElvWlBiVDNzRXlVYVN1T2wtZ3g2RGx0N1J4NGszMHlCXzU5UjlnakRXcllidVdrcjI5dC1vSHc4eUtvUDY1VGI1U0R2cjZIYzFEME5MWkRLRFlOdw?oc=5",
        "source_system": "Google Actualités — Mali",
        "language": "fr",
        "as_of": "2026-09-30"
      }
    },
    {
      "type": "Feature",
      "geometry": null,
      "properties": {
        "id": "media_fd420787311bff50",
        "date": "2026-09-30",
        "title": "La filiale d'Al Qaeda au Sahel revendique une attaque contre Africa Corps au centre du Mali",
        "location": "Mali — lieu à confirmer",
        "region": "Mali",
        "country": "Mali",
        "layer": "event",
        "layer_label": "Signal médiatique",
        "category": "sécurité",
        "actor": "À vérifier",
        "status": "Signal médiatique — vérification requise",
        "confidence": "faible",
        "precision": "non géolocalisé",
        "summary": "La filiale d'Al Qaeda au Sahel revendique une attaque contre Africa Corps au centre du Mali Demócrata",
        "source": "Demócrata",
        "source_url": "https://news.google.com/rss/articles/CBMizwFBVV95cUxOVUlZcmlrSnVHOXdha2lPd19RdGZMalNKWHpMWHRiUFhsakZleTNZUVF4VTJxakE0WE0yTkVadFo2VEdZWTEtTm9uYTZVWXczWk5yajI5alUyZjFUbDdDT2lpb0x1amZSREROT0dXbExtYjVnVmJRaFdObXdTcWx4eThKQmJjWldYbVZIdzJZZm9aNndFOHlOMnpaVFRQTFY0cThxb2U3YTdaSnUxSnFEb3QxZ29nQ3lxd3YyQlIzQmZzNC1rQmo2c0x2SF83VlHSAdQBQVVfeXFMTklHVmU0R3k0OW5RZV8xVnVDV3ZrTmtaN2tPZEdnNEpVaTl0NGpGdXg4OXNXZF9ZS3p1TnBReVRVdTlQS3RqYnBaRmZDQU40Y1ZlTlVMV1dBUXBNRDdDT3ZoZmtTQVo5c1o2SlRPNHNsZ1YyM2lGbnJ1MWF6bmd6cC02bzJRU09RdXBEZE05OTVUV1c0V3ZNaUlEVjVqZ1Y4NnF3Z2R4d1FYM2dqZFBlcjE0LWdBWXhrbGpRb0Y2WlQyT3NNaWVkMXhyTy1MbVNqclNzUlI?oc=5",
        "source_system": "Google Actualités — Mali",
        "language": "fr",
        "as_of": "2026-09-30"
      }
    },
    {
      "type": "Feature",
      "geometry": null,
      "properties": {
        "id": "media_377e19a7e50000e1",
        "date": "2026-09-30",
        "title": "JNIM waɗii hippannde faade e konu Mali e wallidiiɓe mum Africa Coprs haa waɗi maayɓe",
        "location": "Mali — lieu à confirmer",
        "region": "Mali",
        "country": "Mali",
        "layer": "event",
        "layer_label": "Signal médiatique",
        "category": "autre",
        "actor": "JNIM / GSIM",
        "status": "Signal médiatique — vérification requise",
        "confidence": "faible",
        "precision": "non géolocalisé",
        "summary": "JNIM waɗii hippannde faade e konu Mali e wallidiiɓe mum Africa Coprs haa waɗi maayɓe RFI",
        "source": "RFI",
        "source_url": "https://news.google.com/rss/articles/CBMi2AFBVV95cUxOV2FHUV95V2daTUVJcEtKYjlRREJ1MzJRN3ZLUlR5eFdjd0ItQjdvMEgwWW1rQ0lDMjBUZTMtX1dlTjBFVWRCRjZ2WjNLRXgtU2ZhaVdBdEVab1pqTWZUdU1OWWNocVN6T3NOZ0JEdWpBc3RqOXRPSFNHbGtzNlNpU2tlUVhkWFcxcEI4OFBDVlRTMXlqWVJLSVdGc3g5WnFDdlE2MXJ1U0pET0RrT2x1dmVSSkJ5MWZ1WmtwTXdaVEgzcVZJZUphY0JCbFYxbkJNNnFnYmlaV3k?oc=5",
        "source_system": "Google Actualités — Mali",
        "language": "fr",
        "as_of": "2026-09-30"
      }
    },
    {
      "type": "Feature",
      "geometry": {
        "type": "Point",
        "coordinates": [
          3.194,
          13.049
        ]
      },
      "properties": {
        "id": "media_17ac14a68ea3483d",
        "date": "2026-09-30",
        "title": "Dosso plafonne la dot et réduit les dépenses de mariage",
        "location": "Dosso",
        "region": "Dosso Region",
        "country": "Niger",
        "layer": "event",
        "layer_label": "Signal médiatique",
        "category": "autre",
        "actor": "À vérifier",
        "status": "Signal médiatique — vérification requise",
        "confidence": "faible",
        "precision": "centre de localité approximatif",
        "summary": "Dosso plafonne la dot et réduit les dépenses de mariage Journal du Niger",
        "source": "Journal du Niger",
        "source_url": "https://news.google.com/rss/articles/CBMidEFVX3lxTE00SWloRW5lSFU1ZkN2RXRhYUFxUlUzS19TcVNrSmUyTXFlUUlKbkdXQ1NJOG9lNG40dmc5bThqMlhNUjdyZE5VY3pUejVqUVlzQmFIandWemZQTjNuNDVZTnlUWTVaOVVaa0ZQT08wbno0Wlpv?oc=5",
        "source_system": "Google Actualités — Niger",
        "language": "fr",
        "as_of": "2026-09-30"
      }
    },
    {
      "type": "Feature",
      "geometry": {
        "type": "Point",
        "coordinates": [
          -17.038,
          20.942
        ]
      },
      "properties": {
        "id": "media_00288b62f1ed5096",
        "date": "2026-09-30",
        "title": "Dakhlet Nouadhibou-Poste-frontière PK55 / saisie d'environ 26 kg de cannabis et arrestation de deux étrangers",
        "location": "Nouadhibou",
        "region": "Dakhlet Nouadhibou",
        "country": "Mauritanie",
        "layer": "event",
        "layer_label": "Signal médiatique",
        "category": "autre",
        "actor": "À vérifier",
        "status": "Signal médiatique — vérification requise",
        "confidence": "faible",
        "precision": "centre de localité approximatif",
        "summary": "Dakhlet Nouadhibou-Poste-frontière PK55 / saisie d'environ 26 kg de cannabis et arrestation de deux étrangers Cridem",
        "source": "Cridem",
        "source_url": "https://news.google.com/rss/articles/CBMiYEFVX3lxTE5qaEg5THZheXlSOEYzRXJjLXpVSHk0ZUk0OTd4eTdDbHBFUTgtS0Y4OFEyN1h3S0FORWtTSmdZaWdnSFhLWi1SNU5GQk91MWt6aWllamM0RGdRLTdaNWJ4eQ?oc=5",
        "source_system": "Google Actualités — Mauritanie",
        "language": "fr",
        "as_of": "2026-09-30"
      }
    },
    {
      "type": "Feature",
      "geometry": {
        "type": "Point",
        "coordinates": [
          -1.895,
          12.661
        ]
      },
      "properties": {
        "id": "media_bcc11848d01470d1",
        "date": "2026-09-30",
        "title": "Boussé : un crocodile capturé après l’attaque d’un enfant – International",
        "location": "Boussé",
        "region": "Plateau-Central",
        "country": "Burkina Faso",
        "layer": "event",
        "layer_label": "Signal médiatique",
        "category": "autre",
        "actor": "À vérifier",
        "status": "Signal médiatique — vérification requise",
        "confidence": "faible",
        "precision": "centre de localité approximatif",
        "summary": "Boussé : un crocodile capturé après l’attaque d’un enfant – International linitiative.ca",
        "source": "linitiative.ca",
        "source_url": "https://news.google.com/rss/articles/CBMilgFBVV95cUxPR2R5QWFreGcwSDdhMm1OQ2Jacm1iRWw1T1FvUkpldndicWw3dkVDT3kxZ0Z0Q1g3Ri13WXltU2NlbjlneGtEYk5COWZxRTN3bVloeUJub3FXUXlJT25QWUVJWVB2YTBScGZzRmx5cGRTdy1VcFpmZmNmWW00QW1yb2tmaC00eUxJMHZXdzczUnJ6VHp3SWc?oc=5",
        "source_system": "Google Actualités — Burkina Faso",
        "language": "fr",
        "as_of": "2026-09-30"
      }
    },
    {
      "type": "Feature",
      "geometry": null,
      "properties": {
        "id": "media_aea50e35c928b567",
        "date": "2026-09-30",
        "title": "Appels sur l'actualité - Angleterre : le projet d’attaque d’une base militaire a-t-il un lien avec l’Iran?",
        "location": "Burkina Faso — lieu à confirmer",
        "region": "Burkina Faso",
        "country": "Burkina Faso",
        "layer": "event",
        "layer_label": "Signal médiatique",
        "category": "sécurité",
        "actor": "À vérifier",
        "status": "Signal médiatique — vérification requise",
        "confidence": "faible",
        "precision": "non géolocalisé",
        "summary": "Appels sur l'actualité - Angleterre : le projet d’attaque d’une base militaire a-t-il un lien avec l’Iran? RFI",
        "source": "RFI",
        "source_url": "https://news.google.com/rss/articles/CBMi3wFBVV95cUxNYWJsQUN4YWt3bl92ZnM0aWc3c0w2bUVHU2dONk9VZ3pnZVZuN1dUN2VBY2FLaV9WMTRyZ3JJaTJkdmNUWTJtaEpIR3dJN20ySmtWZFd6cTZDUUxKV21Pc3lVMGxmdnVkSE40YnFDUGstVTlxMm42aUp3TGh6OUNkQ3dXa3hwRmZjanhmUzJvdFYxdWdNQ2tFc294WTFPMEFQcXUwM0JYVzFJTHBadV8tb3hoRXJrWGZ4TFppSUFPVk5HbThOOXVfTy1aUEJhMk5hMEoxc2RKajB2WGFhM2p3?oc=5",
        "source_system": "Google Actualités — Burkina Faso",
        "language": "fr",
        "as_of": "2026-09-30"
      }
    },
    {
      "type": "Feature",
      "geometry": {
        "type": "Point",
        "coordinates": [
          2.11,
          13.514
        ]
      },
      "properties": {
        "id": "media_26fe78769b00fac2",
        "date": "2026-09-30",
        "title": "66è anniversaire de l’indépendance de la République du Mali : L’ambassade du Mali au Niger célèbre l’événement à travers une réception à Niamey",
        "location": "Niamey",
        "region": "Niamey",
        "country": "Niger",
        "layer": "event",
        "layer_label": "Signal médiatique",
        "category": "autre",
        "actor": "À vérifier",
        "status": "Signal médiatique — vérification requise",
        "confidence": "faible",
        "precision": "centre de localité approximatif",
        "summary": "66è anniversaire de l’indépendance de la République du Mali : L’ambassade du Mali au Niger célèbre l’événement à travers une réception à Niamey Le Sahel.org",
        "source": "Le Sahel.org",
        "source_url": "https://news.google.com/rss/articles/CBMi9gFBVV95cUxPZ0ZqdDNnQXFUVHVqc0ZGeTE1eDVXMzgzOFoyZGtENU15VlpmSThOWVExZTcwd2xjVE90S1VQRm9Kb0FHZndzbWxhTl9GTkdfNWREcFc5aTJ4Ykk5NXhHZjlqRlVXVGtoUE1ZVXJqZmhSZlFRR0M1SGJGUDBkNmlOV0U4YlFkemlNVmdJQ25uSVdweXZvMGh6UnNOYTRrNHc1dndTTk8yT2pXeC1KVXJYLWpiZjVNbE1VeHo2akRXSkxpckszakRYSjZ2WElfMi1tWm9MMzNzNGNaR21uNjc4Mnh6WmxEVjMxb3JDVGhTdXV0M1JidWc?oc=5",
        "source_system": "Google Actualités — Niger",
        "language": "fr",
        "as_of": "2026-09-30"
      }
    },
    {
      "type": "Feature",
      "geometry": null,
      "properties": {
        "id": "media_baa52814dd787020",
        "date": "2026-09-30",
        "title": "\"Le Burkina est en train de devenir la nouvelle Corée du Nord\"",
        "location": "Burkina Faso — lieu à confirmer",
        "region": "Burkina Faso",
        "country": "Burkina Faso",
        "layer": "event",
        "layer_label": "Signal médiatique",
        "category": "sécurité",
        "actor": "À vérifier",
        "status": "Signal médiatique — vérification requise",
        "confidence": "faible",
        "precision": "non géolocalisé",
        "summary": "Quatre ans après la prise de pouvoir du Capitaine Ibrahim Traoré, où va le pays des hommes intègres ? Entre menaces jihadistes et opposition bâillonnée, le journaliste en exil Newton Ahmed Barry estime qu'en concentrant le pouvoir, le dirigeant s'éloigne de l'héritage de Thomas Sankara.",
        "source": "France 24 Afrique",
        "source_url": "https://www.france24.com/fr/%C3%A9missions/le-rendez-vous-afrique/20260930-le-burkina-est-en-train-de-devenir-la-nouvelle-cor%C3%A9e-du-nord",
        "source_system": "France 24 Afrique",
        "language": "fr",
        "as_of": "2026-09-30"
      }
    },
    {
      "type": "Feature",
      "geometry": {
        "type": "Point",
        "coordinates": [
          -15.979,
          18.086
        ]
      },
      "properties": {
        "id": "media_91cf7a2d7385b994",
        "date": "2026-09-29",
        "title": "Éliminatoires CAN U23 : la RDC s’incline face à la Mauritanie Nouakchott (0-1)",
        "location": "Nouakchott",
        "region": "Mauritanie",
        "country": "Mauritanie",
        "layer": "event",
        "layer_label": "Signal médiatique",
        "category": "autre",
        "actor": "À vérifier",
        "status": "Signal médiatique — vérification requise",
        "confidence": "faible",
        "precision": "centre de localité approximatif",
        "summary": "Éliminatoires CAN U23 : la RDC s’incline face à la Mauritanie Nouakchott (0-1) ACP | Agence Congolaise de Presse",
        "source": "ACP | Agence Congolaise de Presse",
        "source_url": "https://news.google.com/rss/articles/CBMinAFBVV95cUxPYTB4VURvQVdzRzhuZkpVS3NWa1dNUHlNS3pKU3gwTGgxSlhOeUZmRzJDR1Jpdi0ySFZralppX2ZoelZGajRZQUZqZTUySzZMcTVXcE92blhwVVJ6ZW1fUmtndWs0X3M5UGt5UkhmNXhOS3JFb2dFeGExTmFsc0VJMVpvTUFvOGoyVDk0ZjJHVE01c0dfQUZLVHphSTU?oc=5",
        "source_system": "Google Actualités — Mauritanie",
        "language": "fr",
        "as_of": "2026-09-29"
      }
    },
    {
      "type": "Feature",
      "geometry": {
        "type": "Point",
        "coordinates": [
          2.11,
          13.514
        ]
      },
      "properties": {
        "id": "media_6cf0ed3b0a8550ad",
        "date": "2026-09-29",
        "title": "Science & Écologie : un colloque régional inédit s’ouvre à Niamey",
        "location": "Niamey",
        "region": "Niamey",
        "country": "Niger",
        "layer": "event",
        "layer_label": "Signal médiatique",
        "category": "autre",
        "actor": "À vérifier",
        "status": "Signal médiatique — vérification requise",
        "confidence": "faible",
        "precision": "centre de localité approximatif",
        "summary": "Science & Écologie : un colloque régional inédit s’ouvre à Niamey Journal du Niger",
        "source": "Journal du Niger",
        "source_url": "https://news.google.com/rss/articles/CBMipwFBVV95cUxNMkdIQ2cyU3FwR09zT0QzNnhoblo5azhwSnhkVDlmTmZCdk5HNFNYWHo4N1JLbGtsMlJzUzJrZUhiMzRBNTZDcjlSc09Ydzk3d0JPOG81NnZXdDJ6aS04cnJrZldwRTFVdUVsbnJNLTQ3MnVHVVM0MWMtSjl1R3p1Z1piNEFCN3hCamJJMGxtcXB2dHJUV1hKRUFEcVdZN3NVRXpwU1JjMA?oc=5",
        "source_system": "Google Actualités — Niger",
        "language": "fr",
        "as_of": "2026-09-29"
      }
    },
    {
      "type": "Feature",
      "geometry": null,
      "properties": {
        "id": "media_1d9dca9c0a68059e",
        "date": "2026-09-29",
        "title": "Pourquoi le JNIM est-il en pleine mutation au Sahel ?",
        "location": "Burkina Faso — lieu à confirmer",
        "region": "Burkina Faso",
        "country": "Burkina Faso",
        "layer": "event",
        "layer_label": "Signal médiatique",
        "category": "autre",
        "actor": "JNIM / GSIM",
        "status": "Signal médiatique — vérification requise",
        "confidence": "faible",
        "precision": "non géolocalisé",
        "summary": "Pourquoi le JNIM est-il en pleine mutation au Sahel ? BBC",
        "source": "BBC",
        "source_url": "https://news.google.com/rss/articles/CBMiX0FVX3lxTE1tZTVZb3VjNmFaUlJtNkhLd3NBeEFTVnBfeVFCdTV2d1psYzJuajNuYzUtV1JPX3lYRFBheEp5V1JFaVc1d1RiZDVZRmxVa29PZkt2LV9VUjBRc0lOZEhv0gFkQVVfeXFMTVZPWXp1cnFVWGZRemJxUUNhQ2prTF9sRzBhN2JTUUJ4MWJNeEttVmU4ZVc3MkxGLUNGV0g2dnRvdTltbWYxVjZvYWV2aGYtRll3aDlzVjVQbWQ1bWJjVThkTXNlZw?oc=5",
        "source_system": "Google Actualités — Burkina Faso",
        "language": "fr",
        "as_of": "2026-09-29"
      }
    },
    {
      "type": "Feature",
      "geometry": null,
      "properties": {
        "id": "media_aba4ea8936c6bc1d",
        "date": "2026-09-29",
        "title": "Opération Dougoukoloko : Frappes chirurgicales des FAMa, plusieurs repaires terroristes anéantis dans le centre du pays",
        "location": "Mali — lieu à confirmer",
        "region": "Mali",
        "country": "Mali",
        "layer": "event",
        "layer_label": "Signal médiatique",
        "category": "autre",
        "actor": "FAMa / État malien",
        "status": "Signal médiatique — vérification requise",
        "confidence": "faible",
        "precision": "non géolocalisé",
        "summary": "Par un communiqué publié ce mardi 29 septembre, l'état-major général des armées a confirmé la continuation de l'opération « Dougoukoloko » visant à sécuriser le territoire. Les Forces armées maliennes (FAMa), appuyées par leurs partenaires, ont mené deux séries de frappes ciblées les 27 et 28 septem...",
        "source": "Malijet",
        "source_url": "https://malijet.com/actualte_dans_les_regions_du_mali/312079-operation-dougoukoloko-frappes-chirurgicales-des-fama-plu.html",
        "source_system": "Malijet",
        "language": "fr",
        "as_of": "2026-09-29"
      }
    },
    {
      "type": "Feature",
      "geometry": {
        "type": "Point",
        "coordinates": [
          -5.987,
          14.251
        ]
      },
      "properties": {
        "id": "media_843695889c024418",
        "date": "2026-09-29",
        "title": "OPÉRATION DOUGOUKOLOKO : LES FAMA ÉCRASENT PLUSIEURS NIDS TERRORISTES À NIONO ET DIOURA",
        "location": "Niono",
        "region": "Ségou",
        "country": "Mali",
        "layer": "event",
        "layer_label": "Signal médiatique",
        "category": "autre",
        "actor": "FAMa / État malien",
        "status": "Signal médiatique — vérification requise",
        "confidence": "faible",
        "precision": "centre de localité approximatif",
        "summary": "OPÉRATION DOUGOUKOLOKO : LES FAMA ÉCRASENT PLUSIEURS NIDS TERRORISTES À NIONO ET DIOURA Mali 24",
        "source": "Mali 24",
        "source_url": "https://news.google.com/rss/articles/CBMiqgFBVV95cUxORnd4eXd0MDd3S3luSW5HRHNxMDB0WkluYkxESjJjbHlyd1dYVG91ZlBoX2Jld25LazAwQ1JmTi1LYTFFbDRmVjJwT1YzWWxlLXlEbUZUQnF2RU9GMENraGhET3laeU5iRkctWFFRWGtGa2xONjdQdEZ2Z2taRlUzVml6TERzVHAtd1N4NXMtYTc3QWF1QjdaTS03U2c3U0N2NXRyZFpfNDhrd9IBrwFBVV95cUxQc0JxNEtvcC0tcGVYUmlDZ0lNdXF0NmVsS1NHLTlOZ1ZyeUx5X3VLZzRsVDRSRnBESTlzQXp0bGRGd2d6NGJaWUZOZFJMXzZ0NGdrc3pVU3hMY2FJcU5rWTZDSUVGNnE3czZZa3draWJRV3I2ZHF1VmhiOExtMU52RVpWcExGZ0xNa29zdW9TcUEwVU5udWVHWFc0SUhfa3A4QkdtTUhIbnIwSDhUbHVF?oc=5",
        "source_system": "Google Actualités — Mali",
        "language": "fr",
        "as_of": "2026-09-29"
      }
    },
    {
      "type": "Feature",
      "geometry": null,
      "properties": {
        "id": "media_7962e969633bae9a",
        "date": "2026-09-29",
        "title": "OPÉRATION DOUGOUKOLOKO : LES FAMA NEUTRALISENT PLUSIEURS GROUPES TERRORISTES À BOGHASSA ET SOFARA",
        "location": "Mali — lieu à confirmer",
        "region": "Mali",
        "country": "Mali",
        "layer": "event",
        "layer_label": "Signal médiatique",
        "category": "autre",
        "actor": "FAMa / État malien",
        "status": "Signal médiatique — vérification requise",
        "confidence": "faible",
        "precision": "non géolocalisé",
        "summary": "OPÉRATION DOUGOUKOLOKO : LES FAMA NEUTRALISENT PLUSIEURS GROUPES TERRORISTES À BOGHASSA ET SOFARA Mali 24",
        "source": "Mali 24",
        "source_url": "https://news.google.com/rss/articles/CBMitwFBVV95cUxONF9TVHpiemMzeXZ0Z2JQQmd1WVZmR0EzeHYwWGljSFhJcGswS1RMbEt3dmJjeFdBWDJQM054TDhaZDVDVnVlSnZmUWdpUXVxUS1IUWtJU0hoU25XUmhqSVhtbVpGMzVDUjJVX2JLeExkYXZOR1ZWVGdheUxzYm11UGdZMV96dzFsckVuekNwZmFaYUZkLXBESWRQcmU3Y2JIZlJEN2wxMVdCekNnZjZNc1ZhZml4bXPSAbwBQVVfeXFMUHNob1p2SS1OOU5Eb1RzdGRsa0hjbWppRi1EalJhX0tjOGV6TkNleDI0Z1g0c0Yzb0ZEMFpjM3ZCcVVPelhkT3Z5QXJSaWFqQ2lUMWUwejl5YUJ1SHFRZ1Y2bVI1Y08tVVoyN1d2UUdfR0xOTVBPVzQySFhpQWJQd2tvT3Q0a243bExsRFNWNFB5VHJfbzBSX3UtVDQ0ZkVLeXRvX1NZSnhrNTA2REwtWExac19UYUNhLV9Pa24?oc=5",
        "source_system": "Google Actualités — Mali",
        "language": "fr",
        "as_of": "2026-09-29"
      }
    },
    {
      "type": "Feature",
      "geometry": null,
      "properties": {
        "id": "media_4edda9d57d8d00c9",
        "date": "2026-09-29",
        "title": "ONU : Abdoulaye Diop appelle à une refonte du multilatéralisme et dénonce les \"sponsors étatiques\" du terrorisme",
        "location": "Mali — lieu à confirmer",
        "region": "Mali",
        "country": "Mali",
        "layer": "event",
        "layer_label": "Signal médiatique",
        "category": "sécurité",
        "actor": "À vérifier",
        "status": "Signal médiatique — vérification requise",
        "confidence": "faible",
        "precision": "non géolocalisé",
        "summary": "Le ministre malien des Affaires étrangères, Abdoulaye Diop, a prononcé, lundi 28 septembre 2026, le discours du Mali devant la 81e Assemblée générale des Nations Unies, marquant le 66e anniversaire de l'admission du pays à l'ONU le 28 septembre 1960. Dans une allocution empreinte de souveraineté, le...",
        "source": "Malijet",
        "source_url": "https://malijet.com/a_la_une_du_mali/312077-onu-abdoulaye-diop-appelle-a-une-refonte-du-multilateralis.html",
        "source_system": "Malijet",
        "language": "fr",
        "as_of": "2026-09-29"
      }
    },
    {
      "type": "Feature",
      "geometry": {
        "type": "Point",
        "coordinates": [
          -15.979,
          18.086
        ]
      },
      "properties": {
        "id": "media_11e7266f5fda5f56",
        "date": "2026-09-29",
        "title": "Mauritanie : Réunion à Nouakchott de la commission douanière mixte mauritano-algérienne",
        "location": "Nouakchott",
        "region": "Mauritanie",
        "country": "Mauritanie",
        "layer": "event",
        "layer_label": "Signal médiatique",
        "category": "autre",
        "actor": "À vérifier",
        "status": "Signal médiatique — vérification requise",
        "confidence": "faible",
        "precision": "centre de localité approximatif",
        "summary": "Mauritanie : Réunion à Nouakchott de la commission douanière mixte mauritano-algérienne Cridem",
        "source": "Cridem",
        "source_url": "https://news.google.com/rss/articles/CBMiYEFVX3lxTFBma2l5YzhuaEFUcFRiMHlTNWNsMFdhU25oUUtyelU4Zk9YVFVmb01vQ3ViNk15ei1wMDZIVWJ3empOaUg2cnY0LUdxb1F4czE4NW90YkRnMngzT3NPUHJXMQ?oc=5",
        "source_system": "Google Actualités — Mauritanie",
        "language": "fr",
        "as_of": "2026-09-29"
      }
    },
    {
      "type": "Feature",
      "geometry": {
        "type": "Point",
        "coordinates": [
          -5.987,
          14.251
        ]
      },
      "properties": {
        "id": "media_eca46416b0ed07b8",
        "date": "2026-09-29",
        "title": "Mali: embuscade meurtrière des jihadistes du Jnim à Niono contre l'Africa Corps russe",
        "location": "Niono",
        "region": "Ségou",
        "country": "Mali",
        "layer": "event",
        "layer_label": "Signal médiatique",
        "category": "sécurité",
        "actor": "JNIM / GSIM",
        "status": "Signal médiatique — vérification requise",
        "confidence": "faible",
        "precision": "centre de localité approximatif",
        "summary": "Mali: embuscade meurtrière des jihadistes du Jnim à Niono contre l'Africa Corps russe RFI",
        "source": "RFI",
        "source_url": "https://news.google.com/rss/articles/CBMizgFBVV95cUxNQklpbTNwVlQ3TkdlaENzbEpINHdDZkFzV3lYamJCWk12NUZ3M0tPeW1zZFNobGFxR2Vabjd5a25qc1d3OGc3ZmtlM3ZvUG92anc3V2Z6MlRWOGREN0F6MFVxUjBoMXZNM2s3T1RIZ1VYQWRzMEM0c2RQVDNlbnB2U2hPRlZ0bVRLemV6cmkyUDgtVUxLQ0VOS1BmeWJoYm00ZXJ2ZjRkaWRlQWE5ZmVsM2pURExrYU5YVzc4YnhsWWllMmkwYm5NbEV3bFBzdw?oc=5",
        "source_system": "Google Actualités — Mali",
        "language": "fr",
        "as_of": "2026-09-29"
      }
    },
    {
      "type": "Feature",
      "geometry": null,
      "properties": {
        "id": "media_ec3b47ab08df5430",
        "date": "2026-09-29",
        "title": "Mali : au moins 3 militaires et 4 paramilitaires russes tués dans une attaque jihadiste",
        "location": "Mali — lieu à confirmer",
        "region": "Mali",
        "country": "Mali",
        "layer": "event",
        "layer_label": "Signal médiatique",
        "category": "sécurité",
        "actor": "À vérifier",
        "status": "Signal médiatique — vérification requise",
        "confidence": "faible",
        "precision": "non géolocalisé",
        "summary": "Mali : au moins 3 militaires et 4 paramilitaires russes tués dans une attaque jihadiste DAKARACTU.COM",
        "source": "DAKARACTU.COM",
        "source_url": "https://news.google.com/rss/articles/CBMiwgFBVV95cUxPcUd2bFV0V3JJSWRzOWVyT3d4X2o5THBlel8tZWFNcjBwRmNKLW1kcnUxYnZ5S29XX3ljZ2F6QWtNVC1RYTBIV29zTU1weVBJajdCVHA1X2FDd2pCaUZ2enRYa2ZXbVMtaVVPV0pJTUlheWtwTnhnWW43bnk4Sk5pMXNVRDdtaE1KQlZpSHlrenVLeWVPZzRnZ1RsMnNWVGFWMW1hdDVrTUVGXzcwaDdJUk03aW0wb2pLeUJNbUdsRVdfdw?oc=5",
        "source_system": "Google Actualités — Mali",
        "language": "fr",
        "as_of": "2026-09-29"
      }
    },
    {
      "type": "Feature",
      "geometry": null,
      "properties": {
        "id": "media_ad37384acd7ab308",
        "date": "2026-09-29",
        "title": "Mali : Amnesty accuse les FAMa et Wagner de crimes de guerre",
        "location": "Mali — lieu à confirmer",
        "region": "Mali",
        "country": "Mali",
        "layer": "event",
        "layer_label": "Signal médiatique",
        "category": "autre",
        "actor": "FAMa / État malien",
        "status": "Signal médiatique — vérification requise",
        "confidence": "faible",
        "precision": "non géolocalisé",
        "summary": "Mali : Amnesty accuse les FAMa et Wagner de crimes de guerre Anadolu Ajansı",
        "source": "Anadolu Ajansı",
        "source_url": "https://news.google.com/rss/articles/CBMioAFBVV95cUxOYWVuNWpwOUlidTNZLWlfTVlUQlNpVklCeDBHRXhHSE9HNEZCdFZHa3ZqMHlHMDJaMEs0TkNGZFItSFZwRFRrYnQ4VnpGaVd6U09qZDhMb3dpZUxYS0pXbkc0MWtrdDlYVS1UdjZUT25oQTc4YXZlcWdsMWVheUNqc3lCVVpXbWxMVkpUVDJrRTZEYmFhd3NPSUl1OHN4LTZY?oc=5",
        "source_system": "Google Actualités — Mali",
        "language": "fr",
        "as_of": "2026-09-29"
      }
    },
    {
      "type": "Feature",
      "geometry": null,
      "properties": {
        "id": "media_c2bc364880c46a7a",
        "date": "2026-09-29",
        "title": "La mutinerie au Niger révèle une stratégie de la sécurité défectueuse",
        "location": "Niger — lieu à confirmer",
        "region": "Niger",
        "country": "Niger",
        "layer": "event",
        "layer_label": "Signal médiatique",
        "category": "sécurité",
        "actor": "À vérifier",
        "status": "Signal médiatique — vérification requise",
        "confidence": "faible",
        "precision": "non géolocalisé",
        "summary": "La mutinerie au Niger révèle une stratégie de la sécurité défectueuse adf-magazine.com",
        "source": "adf-magazine.com",
        "source_url": "https://news.google.com/rss/articles/CBMiqgFBVV95cUxQNF93Wnp4Q2E1WnAxNXJfZGJrVUR3VHVkVnRkZl9EU0dEeDdPQmxKa0ZiX0g0OGVDWFpRdFpIamhLdTY4TU9ybXloYnlvOW5LUHl1YmJWLVp0aHpyOXdTaHJKc1B4QlRsSktXakVUN3ktVV9jaTZiMXNhY3F1LUd4bF8tU1EtRGROemZFV1FHSUVWUV9XQkoydzZhb1pYWDNKVGQ0cjdPaWlpdw?oc=5",
        "source_system": "Google Actualités — Niger",
        "language": "fr",
        "as_of": "2026-09-29"
      }
    },
    {
      "type": "Feature",
      "geometry": {
        "type": "Point",
        "coordinates": [
          -1.534,
          12.366
        ]
      },
      "properties": {
        "id": "media_0af68cbf562941d1",
        "date": "2026-09-29",
        "title": "Ibrahim Traoré, du Burkina Faso, inaugure la première raffinerie d'or à Ouagadougou",
        "location": "Ouagadougou",
        "region": "Centre",
        "country": "Burkina Faso",
        "layer": "event",
        "layer_label": "Signal médiatique",
        "category": "autre",
        "actor": "À vérifier",
        "status": "Signal médiatique — vérification requise",
        "confidence": "faible",
        "precision": "centre de localité approximatif",
        "summary": "Ibrahim Traoré, du Burkina Faso, inaugure la première raffinerie d'or à Ouagadougou BBC",
        "source": "BBC",
        "source_url": "https://news.google.com/rss/articles/CBMiX0FVX3lxTE9lRk5xa1M5UU90ZHJqNWRKTUFuWVNzN3dfMlFpYTM0LVdzTXQ0RDk4OGR0N28tUV8ya3ZiTGdadU1JaGYycVRWSEdFRVZZVV9QYmxBSUVUZXZQQm5mTDdj0gFkQVVfeXFMT0xpNmdTbndObXVUZ25uMzBmSVRTUnJYeXlwNkZEZTdnRF9JcmFBTFZSaDhteG1XN1p3Rm9UYWFwdzlCYngzNlVOZ2dJcC1FSnRoMzBuWDZ4YzRDS1RrX19rOXVZVg?oc=5",
        "source_system": "Google Actualités — Burkina Faso",
        "language": "fr",
        "as_of": "2026-09-29"
      }
    },
    {
      "type": "Feature",
      "geometry": null,
      "properties": {
        "id": "media_0eafac4ba6e1aefe",
        "date": "2026-09-29",
        "title": "Des rebelles touaregs du FLA assument des attaques avec des drones contre l'armée et les forces russes dans le nord du Mali",
        "location": "Mali — lieu à confirmer",
        "region": "Mali",
        "country": "Mali",
        "layer": "event",
        "layer_label": "Signal médiatique",
        "category": "sécurité",
        "actor": "FLA / Azawad",
        "status": "Signal médiatique — vérification requise",
        "confidence": "faible",
        "precision": "non géolocalisé",
        "summary": "Des rebelles touaregs du FLA assument des attaques avec des drones contre l'armée et les forces russes dans le nord du Mali Demócrata",
        "source": "Demócrata",
        "source_url": "https://news.google.com/rss/articles/CBMi-gFBVV95cUxNbDYwdWtkaGtRNmxlNEFKd2VwTEo4SmFNT2FQX1JWTXc4ZGJhV2lTYUYycDdXNTdZMjVZalN1YXNROURtbkZfY3RrbWdQTndVSThpaUxUbXgyS1lxT3pkZ2ZpeHQ3azF6YkFCTm9QUlZFX2xPRGoxV01fMWhfSUQ3OElxb1hFbDcya2lSZHl2ek92bVZrNU5OREE4NUhieHZuM093NVdGdzhEYXhzaWRxSWZKdFJqTWkzVEROSk9oTzlPTTlMZVpxZ0pPVjh2S1RUQW5XSGpobG9DeEFFdE9HTkNmRHp1bXRpTmJkMmZoZHRuVVF1bVcteWln0gH_AUFVX3lxTE0tT0djZ3VJZUNvcFQ0cWotdVJ6ZnJXSHg0c1l4dXhTdVJrTnBwWEZzOUdkelUyQXpaamQtM19FNW1VcXpzUHlrSW1CNEhTd2FyTzQySkV3bFNqTnhPWnRYVlE1eGU4YnJmanRiZkY0aWxadUJvZlpxdUxmRWUzT2dXQWlHazQ4RkM2enY1dHByLWx6V3g4OHdTbHpRZlZwTmoyRlpOZmt0VjRNZjlqTkpTOGtrYW5WS3pLQlpJWGFHSklUZ3lEc19iWUdram1nX3JieEFDNi10MjRvNlFEMWhZUVI2c0U5VjJYWFg0dC1YRE9ZUDNvM211X0dxZ2NoMA?oc=5",
        "source_system": "Google Actualités — Mali",
        "language": "fr",
        "as_of": "2026-09-29"
      }
    },
    {
      "type": "Feature",
      "geometry": {
        "type": "Point",
        "coordinates": [
          -15.979,
          18.086
        ]
      },
      "properties": {
        "id": "media_d7fbf38a78d46f10",
        "date": "2026-09-29",
        "title": "Derniers séismes, Nouakchott City, Mauritanie, depuis 1900",
        "location": "Nouakchott",
        "region": "Mauritanie",
        "country": "Mauritanie",
        "layer": "event",
        "layer_label": "Signal médiatique",
        "category": "autre",
        "actor": "À vérifier",
        "status": "Signal médiatique — vérification requise",
        "confidence": "faible",
        "precision": "centre de localité approximatif",
        "summary": "Derniers séismes, Nouakchott City, Mauritanie, depuis 1900 volcanodiscovery.com",
        "source": "volcanodiscovery.com",
        "source_url": "https://news.google.com/rss/articles/CBMiekFVX3lxTE1PLWhxNFBIYkhwRnRFczhDYnp6T3BwaUVFXzRqaW9SVUNOYjQ3dHFrbjFzay1zVDZpQmlRLTcwck5EaVZPaXNqa3JGNjRESUR1VEt4ZXloTW05dWNORjRYTFFaS3dZN1lSSWhDdzdsZUR4T0pTVVBiMW93?oc=5",
        "source_system": "Google Actualités — Mauritanie",
        "language": "fr",
        "as_of": "2026-09-29"
      }
    },
    {
      "type": "Feature",
      "geometry": null,
      "properties": {
        "id": "media_9db04c9ce018d699",
        "date": "2026-09-29",
        "title": "Crimes de guerre commis par l'armée malienne et Wagner",
        "location": "Mali — lieu à confirmer",
        "region": "Mali",
        "country": "Mali",
        "layer": "event",
        "layer_label": "Signal médiatique",
        "category": "sécurité",
        "actor": "FAMa / État malien",
        "status": "Signal médiatique — vérification requise",
        "confidence": "faible",
        "precision": "non géolocalisé",
        "summary": "Crimes de guerre commis par l'armée malienne et Wagner Amnesty International",
        "source": "Amnesty International",
        "source_url": "https://news.google.com/rss/articles/CBMicEFVX3lxTE5RdmM4N0Z6M0tjVWc3V05KN2lmdW5KdHJXcWNhRVd3VnowM1otZ2VDWUVNZUwyUTA5MzNtZHVnMzJvNmhocnhkSEpiU0xmMzhuVlJQSzBWVHR5dUJBdy1aNjg0bHVUc1h0Qm1WOHB1WGg?oc=5",
        "source_system": "Google Actualités — Mali",
        "language": "fr",
        "as_of": "2026-09-29"
      }
    },
    {
      "type": "Feature",
      "geometry": null,
      "properties": {
        "id": "media_34e60b2c34c6a887",
        "date": "2026-09-29",
        "title": "Conflit au Mali depuis 2012 : ce que les données révèlent de la vulnérabilité des femmes et des enfants",
        "location": "Mali — lieu à confirmer",
        "region": "Mali",
        "country": "Mali",
        "layer": "event",
        "layer_label": "Signal médiatique",
        "category": "sécurité",
        "actor": "À vérifier",
        "status": "Signal médiatique — vérification requise",
        "confidence": "faible",
        "precision": "non géolocalisé",
        "summary": "Conflit au Mali depuis 2012 : ce que les données révèlent de la vulnérabilité des femmes et des enfants MaliActu",
        "source": "MaliActu",
        "source_url": "https://news.google.com/rss/articles/CBMiwAFBVV95cUxQRDhVS3cxWjlEdFhSOUpGVUpqMlpBRkpHNWkwZDBsbTMxcmIyYlR3MkJjNzV5ajlfc19QbmR3OVFSa0NtRnNRY3dkUnp2MzNFeENMeTdRLVAyUERVV2FpUTJHLVNxWWNSUDExeVhVNzNlSWxYMEJZVDJVZ3U4MWVZYUpQQ1gtMWxZNXZZZ0ZVTFhtaDROS2VXWnpmMUNrMUpteVlEejFsUTVwVkdWWlhQTHRRSHBlV1dBVlJkalpfSC3SAcgBQVVfeXFMTm1qLXk0SlZxaWJEdXN2UmZmMVBrMUl2d2N2bzJlczdNeXRWZmVHR1pROFJwbnJ5QlNuUnEyTjNteWZrSWYzdURnUGRNbEJIZE91Yll1ZUNLM3BhWGNVWTQ0VFBXcDU1YUhtTUZia0VlemJ4WlFON1hGRXJ2azNYVjhSMk0xcHk3cEVGZEUtb2hiM2J2NVVuaWRHUEEwLUx0TndGdTNmU0hDU1dVbmJQTVlUOU5OQmt3a2l3OFFyZ1lsdV8zOEsweFM?oc=5",
        "source_system": "Google Actualités — Mali",
        "language": "fr",
        "as_of": "2026-09-29"
      }
    },
    {
      "type": "Feature",
      "geometry": null,
      "properties": {
        "id": "media_c476c60e2e648475",
        "date": "2026-09-28",
        "title": "Soudan : Un dépôt stratégique de carburant ciblé par une attaque de drone",
        "location": "Burkina Faso — lieu à confirmer",
        "region": "Burkina Faso",
        "country": "Burkina Faso",
        "layer": "event",
        "layer_label": "Signal médiatique",
        "category": "sécurité",
        "actor": "À vérifier",
        "status": "Signal médiatique — vérification requise",
        "confidence": "faible",
        "precision": "non géolocalisé",
        "summary": "Soudan : Un dépôt stratégique de carburant ciblé par une attaque de drone Sahel Intelligence",
        "source": "Sahel Intelligence",
        "source_url": "https://news.google.com/rss/articles/CBMiswFBVV95cUxQRzFxdWJPQjJpMnRrdWxNU0RmeXJjZDVuclRQb0NKd1NYaXRUOGc1TWpEQjdrWDl6T1BjUkdnNWpkWEpyQmN6WUd1d0lVa25lbmhvRUtYcnhtbmRCTmFIaTVBeV9NRmNvOXp5U00yZnBkd0gzZ0JpZUZ6TjlucFdKWlF1eTh4eW5tWXpiN2FWdE5fT2JzTTdNTXRoQWZ3dlR4d01mS18yMDRldFdxQXZ1dy04WQ?oc=5",
        "source_system": "Google Actualités — Burkina Faso",
        "language": "fr",
        "as_of": "2026-09-28"
      }
    },
    {
      "type": "Feature",
      "geometry": null,
      "properties": {
        "id": "media_98d65a1c0c70fea3",
        "date": "2026-09-28",
        "title": "Réunion militaire mauritano-américaine sur le droit et la lutte contre le terrorisme",
        "location": "Mauritanie — lieu à confirmer",
        "region": "Mauritanie",
        "country": "Mauritanie",
        "layer": "event",
        "layer_label": "Signal médiatique",
        "category": "humanitaire",
        "actor": "À vérifier",
        "status": "Signal médiatique — vérification requise",
        "confidence": "faible",
        "precision": "non géolocalisé",
        "summary": "La Division des opérations de l’État-major général des armées mauritaniennes et l’Institut américain de défense pour les études juridiques internationales ont clôturé une série de réunions de travail consacrées à l’échange d’expériences dans le domaine du droit international humanitaire et à l’application de ses principes lors des opérations milit…",
        "source": "Sahara Médias",
        "source_url": "https://fr.saharamedias.net/reunion-militaire-mauritano-americaine-sur-le-droit-et-la-lutte-contre-le-terrorisme/",
        "source_system": "Sahara Médias",
        "language": "fr",
        "as_of": "2026-09-28"
      }
    },
    {
      "type": "Feature",
      "geometry": null,
      "properties": {
        "id": "media_4d8773736f17a4a9",
        "date": "2026-09-28",
        "title": "Royaume-Uni: le Premier ministre Andy Burnham convoque une réunion de crise après un projet d'attaque contre une base militaire",
        "location": "Burkina Faso — lieu à confirmer",
        "region": "Burkina Faso",
        "country": "Burkina Faso",
        "layer": "event",
        "layer_label": "Signal médiatique",
        "category": "sécurité",
        "actor": "À vérifier",
        "status": "Signal médiatique — vérification requise",
        "confidence": "faible",
        "precision": "non géolocalisé",
        "summary": "Royaume-Uni: le Premier ministre Andy Burnham convoque une réunion de crise après un projet d'attaque contre une base militaire RFI",
        "source": "RFI",
        "source_url": "https://news.google.com/rss/articles/CBMihAJBVV95cUxORUNmUEJvUFBZQTJKcjlnRWh2c2pDT3RDcHRMYjVFMDBGdTN2bGVENllKbl9SUVpLQUh2WVhUUzFHTjFTZlRxTTBSMFpINXZmc2hRTnFFNGR1aV83NVQ0eWc3SGhCX3IwbG5wY3ItSmtsOTVIZEM3ZWQ5QjZKaHd5WUNfdEdtT2o0YXhKTWpzZWV5ZHJFV2FZU1BycDEzb1h2a2dNUlViTlJwSWk4Q1QwNUE0QWZNU21ZRmlzUmJJZ20tWEV6M0hUVi1hSHNOa0JwaktZR2xWUGE0YXNpUGttMGE3clFrYmJsUklaWXJUVnR0LW40cFlCaDJnSHBPc1RpYm1lRA?oc=5",
        "source_system": "Google Actualités — Burkina Faso",
        "language": "fr",
        "as_of": "2026-09-28"
      }
    },
    {
      "type": "Feature",
      "geometry": {
        "type": "Point",
        "coordinates": [
          1.454,
          14.207
        ]
      },
      "properties": {
        "id": "media_16adcfdbacfc817c",
        "date": "2026-09-28",
        "title": "Prévisions météo et conditions pour Ayérou, Tillabéri, Niger - The Weather Channel | Weather.com",
        "location": "Tillabéri",
        "region": "Tillabéri Region",
        "country": "Niger",
        "layer": "event",
        "layer_label": "Signal médiatique",
        "category": "autre",
        "actor": "À vérifier",
        "status": "Signal médiatique — vérification requise",
        "confidence": "faible",
        "precision": "centre de localité approximatif",
        "summary": "Prévisions météo et conditions pour Ayérou, Tillabéri, Niger - The Weather Channel | Weather.com The Weather Channel",
        "source": "The Weather Channel",
        "source_url": "https://news.google.com/rss/articles/CBMiZ0FVX3lxTE5TRDM5ck9XM09TR2tPa0F4Sk50d3AwOUkxUnRKTktmRTNmWlE4SEhZVTIyTjhiX3V3VExockpRWmhhZGJ6Nkw5MlVCMnRRd2NCYWRvVl9MY2E0OHRYQmZ5cEVubW9wbGM?oc=5",
        "source_system": "Google Actualités — Niger",
        "language": "fr",
        "as_of": "2026-09-28"
      }
    },
    {
      "type": "Feature",
      "geometry": {
        "type": "Point",
        "coordinates": [
          -15.979,
          18.086
        ]
      },
      "properties": {
        "id": "media_d1fbbef127b00b3c",
        "date": "2026-09-28",
        "title": "Nouakchott : ouverture du Forum Fintech Mauritanie 2026 après trois jours d’intense hackathon",
        "location": "Nouakchott",
        "region": "Mauritanie",
        "country": "Mauritanie",
        "layer": "event",
        "layer_label": "Signal médiatique",
        "category": "autre",
        "actor": "À vérifier",
        "status": "Signal médiatique — vérification requise",
        "confidence": "faible",
        "precision": "centre de localité approximatif",
        "summary": "Nouakchott : ouverture du Forum Fintech Mauritanie 2026 après trois jours d’intense hackathon Cridem",
        "source": "Cridem",
        "source_url": "https://news.google.com/rss/articles/CBMiV0FVX3lxTE0zRjNyRkJmQng5ZldCWDRXQ0taWGlkcVgtWHNQQ25qSUt2dDlUTXFEZkVYZGRyQnNkd0pseU1GT3Jwb21QZENGMWdIc212aGRZR3UtbHpvWQ?oc=5",
        "source_system": "Google Actualités — Mauritanie",
        "language": "fr",
        "as_of": "2026-09-28"
      }
    },
    {
      "type": "Feature",
      "geometry": {
        "type": "Point",
        "coordinates": [
          2.11,
          13.514
        ]
      },
      "properties": {
        "id": "media_4096c7e405cb0637",
        "date": "2026-09-28",
        "title": "Niger | Uranium : Niamey rebat les cartes à Madaouela",
        "location": "Niamey",
        "region": "Niamey",
        "country": "Niger",
        "layer": "event",
        "layer_label": "Signal médiatique",
        "category": "autre",
        "actor": "À vérifier",
        "status": "Signal médiatique — vérification requise",
        "confidence": "faible",
        "precision": "centre de localité approximatif",
        "summary": "Niger | Uranium : Niamey rebat les cartes à Madaouela Afrimag",
        "source": "Afrimag",
        "source_url": "https://news.google.com/rss/articles/CBMiekFVX3lxTE9mRVZ1Um5CNDd3QXBmRmRkcndKRElfaGlrTFlJeWw2X3JkQm5fVDFMSzI3dGdPdGRvYzQ1VUpJNV9NY0FWNy1hWG1USENlUHJaRGpYN19rLXQyNGk1R1hhMEdkTkYtcmptbi04SGhjbzNzNDdnTi1QbWFR?oc=5",
        "source_system": "Google Actualités — Niger",
        "language": "fr",
        "as_of": "2026-09-28"
      }
    },
    {
      "type": "Feature",
      "geometry": {
        "type": "Point",
        "coordinates": [
          12.611,
          13.315
        ]
      },
      "properties": {
        "id": "media_3279fefb9e2e4c2f",
        "date": "2026-09-28",
        "title": "Météo à Isari, Diffa heure par heure",
        "location": "Diffa",
        "region": "Diffa",
        "country": "Niger",
        "layer": "event",
        "layer_label": "Signal médiatique",
        "category": "autre",
        "actor": "À vérifier",
        "status": "Signal médiatique — vérification requise",
        "confidence": "faible",
        "precision": "centre de localité approximatif",
        "summary": "Météo à Isari, Diffa heure par heure SpaceRef",
        "source": "SpaceRef",
        "source_url": "https://news.google.com/rss/articles/CBMiYEFVX3lxTE95TEpmRWlVQTAwelFlNHF0Z2VYbkJIcHhWNFE0dlktWEx2TnZqNkhTWjVWMkI3NEJMckxmY3dOMU14STFidkRoSUVvaVBuQS1Cd2h1UUlvMTQ1YjZWbmR2cw?oc=5",
        "source_system": "Google Actualités — Niger",
        "language": "fr",
        "as_of": "2026-09-28"
      }
    },
    {
      "type": "Feature",
      "geometry": {
        "type": "Point",
        "coordinates": [
          -15.979,
          18.086
        ]
      },
      "properties": {
        "id": "media_8b0321a5729728c4",
        "date": "2026-09-28",
        "title": "Mauritanie: les fortes pluies paralysent les déplacements dans la capitale Nouakchott",
        "location": "Nouakchott",
        "region": "Mauritanie",
        "country": "Mauritanie",
        "layer": "event",
        "layer_label": "Signal médiatique",
        "category": "autre",
        "actor": "À vérifier",
        "status": "Signal médiatique — vérification requise",
        "confidence": "faible",
        "precision": "centre de localité approximatif",
        "summary": "Mauritanie: les fortes pluies paralysent les déplacements dans la capitale Nouakchott RFI",
        "source": "RFI",
        "source_url": "https://news.google.com/rss/articles/CBMixwFBVV95cUxPeUxTQTlTSUlEaVJvQUhyTTYyX282TFpXVzM0V3pLbG56cUhTYmNPaDhXeFA5WjJFLWwzMWd4WTBOczFaeFJqSExkc0tGdUs4QThENUVLa1pYTnhfdlE2Wll3d0xjR0NIQWxSWG5wWUpKTTVmaXhCSDl3VnJORVd2am1jR2s3cl9Xb2wzTERvWUo3QmJHRmY3NEFZdXZ5QXhIMHhGUFlXQkU2Ykp1R0pfOHVtNmNIY2l0UWR4a0Rub1RjV1VfVVUw?oc=5",
        "source_system": "Google Actualités — Mauritanie",
        "language": "fr",
        "as_of": "2026-09-28"
      }
    },
    {
      "type": "Feature",
      "geometry": null,
      "properties": {
        "id": "media_e2a457b2d9dcc5d6",
        "date": "2026-09-28",
        "title": "Mauritanie/UE : 195 millions d’euros pour la sécurité alimentaire, l’État de droits et la santé",
        "location": "Mauritanie — lieu à confirmer",
        "region": "Mauritanie",
        "country": "Mauritanie",
        "layer": "event",
        "layer_label": "Signal médiatique",
        "category": "sécurité",
        "actor": "À vérifier",
        "status": "Signal médiatique — vérification requise",
        "confidence": "faible",
        "precision": "non géolocalisé",
        "summary": "Mauritanie/UE : 195 millions d’euros pour la sécurité alimentaire, l’État de droits et la santé Cridem",
        "source": "Cridem",
        "source_url": "https://news.google.com/rss/articles/CBMiWEFVX3lxTE1iMTk5UzVQc2VXTEp4WXhjNEhlSFY3YkhEOWYzQ2JuOUdBNUNZXzFHbEo1WmlDMHpsQUhDOUtvbklkTy1COFZYWi02TkQ5UE9hR04xMXc1dlk?oc=5",
        "source_system": "Google Actualités — Mauritanie",
        "language": "fr",
        "as_of": "2026-09-28"
      }
    },
    {
      "type": "Feature",
      "geometry": {
        "type": "Point",
        "coordinates": [
          -15.979,
          18.086
        ]
      },
      "properties": {
        "id": "media_4493c78b37ec90c5",
        "date": "2026-09-28",
        "title": "Mauritanie : plus de 250 migrants secourus au large de Nouakchott",
        "location": "Nouakchott",
        "region": "Mauritanie",
        "country": "Mauritanie",
        "layer": "event",
        "layer_label": "Signal médiatique",
        "category": "autre",
        "actor": "À vérifier",
        "status": "Signal médiatique — vérification requise",
        "confidence": "faible",
        "precision": "centre de localité approximatif",
        "summary": "Mauritanie : plus de 250 migrants secourus au large de Nouakchott africaradio.com",
        "source": "africaradio.com",
        "source_url": "https://news.google.com/rss/articles/CBMirAFBVV95cUxOeW9PYTFZYjdxbUxhMmtMTWJGd3RDbEIxVURmNk5jQzJfNm1sZEhRTGtmb09hdWdDTUl5UVVnVG1KYWlaZGtjN0k2dHJVNU5pWHgzSXVaVWV3RmlzOWQyZ29JT1h6UHpnUjNlS2ZnZ0piTHlNc2RwZl9mc0dPaHpOVnUtcWJub3BQaFEtR1JhMS0wamtVcnY4QTE5VHBpOXdnSktQQzhudkNWYVF1?oc=5",
        "source_system": "Google Actualités — Mauritanie",
        "language": "fr",
        "as_of": "2026-09-28"
      }
    },
    {
      "type": "Feature",
      "geometry": null,
      "properties": {
        "id": "media_5f2b9bbd77845578",
        "date": "2026-09-28",
        "title": "Mali : l’armée annonce avoir neutralisé plusieurs combattants ennemis dont des chefs dans des frappes dans la région de Kidal",
        "location": "Mauritanie — lieu à confirmer",
        "region": "Mauritanie",
        "country": "Mauritanie",
        "layer": "event",
        "layer_label": "Signal médiatique",
        "category": "autre",
        "actor": "FAMa / État malien",
        "status": "Signal médiatique — vérification requise",
        "confidence": "faible",
        "precision": "non géolocalisé",
        "summary": "Les forces armées maliennes ont annoncé avoir neutralisé au moins 50 combattants lors d’opérations menées à environ 45 kilomètres au nord-est d’Abibara, dans la région de Kidal. L’état-major général des forces armées maliennes a indiqué dimanche dans un communiqué que des renseignements avaient permis d’identifier plusieurs points de rassemblement…",
        "source": "Sahara Médias",
        "source_url": "https://fr.saharamedias.net/mali-larmee-annonce-avoir-neutralise-plusieurs-combattants-ennemis-dont-des-chefs-dans-des-frappes-dans-la-region-de-kidal/",
        "source_system": "Sahara Médias",
        "language": "fr",
        "as_of": "2026-09-28"
      }
    },
    {
      "type": "Feature",
      "geometry": null,
      "properties": {
        "id": "media_9629baa4ce57e1f1",
        "date": "2026-09-28",
        "title": "Mali : au moins 50 « terroristes » neutralisés dans une opération des FAMa près d’Abeibara",
        "location": "Mali — lieu à confirmer",
        "region": "Mali",
        "country": "Mali",
        "layer": "event",
        "layer_label": "Signal médiatique",
        "category": "autre",
        "actor": "FAMa / État malien",
        "status": "Signal médiatique — vérification requise",
        "confidence": "faible",
        "precision": "non géolocalisé",
        "summary": "Mali : au moins 50 « terroristes » neutralisés dans une opération des FAMa près d’Abeibara Anadolu Ajansı",
        "source": "Anadolu Ajansı",
        "source_url": "https://news.google.com/rss/articles/CBMi1wFBVV95cUxQaWQ2OXRrT0ZFdmtid1dqY0VEN3ZnaXFlWERRX1U3dEVQdUFlbFNwS2J3OTltYkJEdGExZGJxdTJTakN6VXpmYTZYbVQ3aENselVjVVRmNURiNU95aU0zYk1xNzhlX3FDY0ZBaFFLSmV6STcya1ZZbVZCY1JBc2RpeXNEMEFyd0lzTUs0MUxyRFVNbFBPNHRnMFpSOHhleGd3Q0ZiRWtjUU1WdjhtbUI0WGpHWkFCSTR3U1pldGMwOGpudFlVMUJkalFfSHgzZXdlYkRDUVNSMA?oc=5",
        "source_system": "Google Actualités — Mali",
        "language": "fr",
        "as_of": "2026-09-28"
      }
    },
    {
      "type": "Feature",
      "geometry": {
        "type": "Point",
        "coordinates": [
          1.409,
          18.443
        ]
      },
      "properties": {
        "id": "media_87924ef368f3ab39",
        "date": "2026-09-28",
        "title": "Mali : 50 terroristes tués dans la région de Kidal, plusieurs cadres visés par les FAMa",
        "location": "Kidal",
        "region": "Kidal",
        "country": "Mali",
        "layer": "event",
        "layer_label": "Signal médiatique",
        "category": "autre",
        "actor": "FAMa / État malien",
        "status": "Signal médiatique — vérification requise",
        "confidence": "faible",
        "precision": "centre de localité approximatif",
        "summary": "Mali : 50 terroristes tués dans la région de Kidal, plusieurs cadres visés par les FAMa La Nouvelle Tribune",
        "source": "La Nouvelle Tribune",
        "source_url": "https://news.google.com/rss/articles/CBMiwgFBVV95cUxNRTh0TjBRLVJ0WF82TldlQlBzc1FKQ3dKdlJ5eGNqeDYzd0xCM1ZyWDJvMkJ0QnlCNlg4dnpqdnhCR0pudVdlM2VqbkpTQTRoaHJkZUZnZUhtVWhEaGxMQ1I2TW5VcWNNXzk5dGhPQnY2YVhnNkNhUGQyVGZybWJIenB5VEFiTVlGczlFdmN6U0lNNGdoTlNuTTVFRkt5cUNRaWtGMXAtdHFRQkRNNkwyRGN3NFZVUUVVUmhGMVlHTTNLQQ?oc=5",
        "source_system": "Google Actualités — Mali",
        "language": "fr",
        "as_of": "2026-09-28"
      }
    },
    {
      "type": "Feature",
      "geometry": null,
      "properties": {
        "id": "media_9c450ff565c56f94",
        "date": "2026-09-28",
        "title": "Mali : 50 terroristes neutralisés par les FAMa à Abeïbara",
        "location": "Mali — lieu à confirmer",
        "region": "Mali",
        "country": "Mali",
        "layer": "event",
        "layer_label": "Signal médiatique",
        "category": "autre",
        "actor": "FAMa / État malien",
        "status": "Signal médiatique — vérification requise",
        "confidence": "faible",
        "precision": "non géolocalisé",
        "summary": "Mali : 50 terroristes neutralisés par les FAMa à Abeïbara APAnews - Agence de Presse Africaine",
        "source": "APAnews - Agence de Presse Africaine",
        "source_url": "https://news.google.com/rss/articles/CBMikgFBVV95cUxPdF9zdXlZMmcyR19sQlpnMkhUek55SDZHaXJ6SlBjaHRXclNZNGxlRnZSWkFkZUluWVNVS3ZucHM2ODZIZXlOSWxzV09CLTdhN3hHRTdjeHpZYzFscng5dGxkLUMzMlF6MXZzaVZwVmVXRExRa1NrZlNXR21USXJOTGlNLXU5LWczSjlZTnFCVFFEZw?oc=5",
        "source_system": "Google Actualités — Mali",
        "language": "fr",
        "as_of": "2026-09-28"
      }
    },
    {
      "type": "Feature",
      "geometry": {
        "type": "Point",
        "coordinates": [
          -15.979,
          18.086
        ]
      },
      "properties": {
        "id": "media_83a54c8ebaa665a0",
        "date": "2026-09-28",
        "title": "La Mauritanie sauve 260 migrants, dont 17 mineurs, dans deux canots pneumatiques au large de Nouakchott.",
        "location": "Nouakchott",
        "region": "Mauritanie",
        "country": "Mauritanie",
        "layer": "event",
        "layer_label": "Signal médiatique",
        "category": "autre",
        "actor": "À vérifier",
        "status": "Signal médiatique — vérification requise",
        "confidence": "faible",
        "precision": "centre de localité approximatif",
        "summary": "La Mauritanie sauve 260 migrants, dont 17 mineurs, dans deux canots pneumatiques au large de Nouakchott. Demócrata",
        "source": "Demócrata",
        "source_url": "https://news.google.com/rss/articles/CBMi3AFBVV95cUxOUkNWZzJnY3ppaVhvQkw0MjdFSktONVFoTTFxdXhTcTE1cUR4NTRVRjZyaWxuSHNKMFRmbTEtM0pPVHpKZ0VFcmhIUUJDQVd5QjFqNzBiNUx6VTlQTVZROGZ1N0RnMENYeXNLcDYtcXlQNkxLeTBac19MbmRUYUFmR283bTVxaHViQlcySkZmUk9zb1p0STNwcGs2Ylk1bHZwNWt0Wm5HZmNMSVBIS2hCSEJzbWVWNTNHcDJwdUk2dkNZNXpuSjBCbndhYkhfWmhpN05tWjZmVmlUbk5K0gHiAUFVX3lxTE54UGdOVFN0Y2xzWkx0V3M1WERadXIteVp1RmFLNUgxbXJIOENYUU5WSGZJTE45WjFiQzBqTmVDZV91NThMOXRRQ3Bqajd2U3JEZ0xzTXdWbWhoaFBkcTVnTVpYQmVNMjI5ODQwam5UYU9MN3lpbW04d2RSU1h3U1AyWGh1UXJ1Z3BWam0zXzZCYWlqb1dkc3JYTDVVdjJTZ0JYQ3pPTG5kdG05TUhxQlJ5SE1NNXpMU2JPWnhyYmRsSHlOZTY5QUszQWxVeUlDSzlBSDQxWXF1UXBWR1hvQmV6cGc?oc=5",
        "source_system": "Google Actualités — Mauritanie",
        "language": "fr",
        "as_of": "2026-09-28"
      }
    },
    {
      "type": "Feature",
      "geometry": null,
      "properties": {
        "id": "media_a2df960297471cd3",
        "date": "2026-09-28",
        "title": "Daouda Kader Traoré, karatéka burkinabè : « J'ai décidé de laisser la place aux plus jeunes »",
        "location": "Burkina Faso — lieu à confirmer",
        "region": "Burkina Faso",
        "country": "Burkina Faso",
        "layer": "event",
        "layer_label": "Signal médiatique",
        "category": "sécurité",
        "actor": "À vérifier",
        "status": "Signal médiatique — vérification requise",
        "confidence": "faible",
        "precision": "non géolocalisé",
        "summary": "Après environ 18 ans passés en équipe nationale, Daouda Kader Traoré a décidé de mettre un terme à sa carrière de compétiteur. Ceinture noire 5e dan, le karatéka burkinabè entend désormais consacrer son expérience à la formation et à l'accompagnement de la relève. Entre souvenirs de combats, regrets d'un podium mondial manqué et ambitions dans le…",
        "source": "LeFaso.net",
        "source_url": "https://lefaso.net/spip.php?article149572=",
        "source_system": "LeFaso.net",
        "language": "fr",
        "as_of": "2026-09-28"
      }
    },
    {
      "type": "Feature",
      "geometry": {
        "type": "Point",
        "coordinates": [
          -15.979,
          18.086
        ]
      },
      "properties": {
        "id": "media_fd3d7dc4181036e6",
        "date": "2026-09-28",
        "title": "CAN U23 (Q) : les Léopards Espoirs chutent à Nouakchott face à la Mauritanie",
        "location": "Nouakchott",
        "region": "Mauritanie",
        "country": "Mauritanie",
        "layer": "event",
        "layer_label": "Signal médiatique",
        "category": "autre",
        "actor": "À vérifier",
        "status": "Signal médiatique — vérification requise",
        "confidence": "faible",
        "precision": "centre de localité approximatif",
        "summary": "CAN U23 (Q) : les Léopards Espoirs chutent à Nouakchott face à la Mauritanie Foot RDC",
        "source": "Foot RDC",
        "source_url": "https://news.google.com/rss/articles/CBMipAFBVV95cUxOZDBhcGdDMEpmTU9sb2xnSGp0RmZQeVBVU1NqY2oteHlULXMzN3VUNmMwWWxyN0ptWTB6MGcxYUJteEVuby1wRXBBM04zRUE4UjdEamZqRE9ma1hZRmxZNUt0RkFOOU9xcUNHeUFlUEU2QjViX3pSR1RQRVNoQ2V5U2VCZ1FRTUgtYkY5NzRLM3lMWjZwdHpSbEs3U191b29ja044bg?oc=5",
        "source_system": "Google Actualités — Mauritanie",
        "language": "fr",
        "as_of": "2026-09-28"
      }
    },
    {
      "type": "Feature",
      "geometry": null,
      "properties": {
        "id": "media_c1daa2458effea28",
        "date": "2026-09-28",
        "title": "Burundi – Algérie : le onze probable des Verts, Hemdani contraint de revoir son attaque",
        "location": "Burkina Faso — lieu à confirmer",
        "region": "Burkina Faso",
        "country": "Burkina Faso",
        "layer": "event",
        "layer_label": "Signal médiatique",
        "category": "sécurité",
        "actor": "À vérifier",
        "status": "Signal médiatique — vérification requise",
        "confidence": "faible",
        "precision": "non géolocalisé",
        "summary": "Burundi – Algérie : le onze probable des Verts, Hemdani contraint de revoir son attaque DzBallon",
        "source": "DzBallon",
        "source_url": "https://news.google.com/rss/articles/CBMitgFBVV95cUxOdG5NX3l2cS1Mc0dfa0k1eXo3OXpENllUdGEwTXZVaFpDZjJqM3B1b2hGUkFUczRESmtTTDctbldJMi1ZbUhnUUpJdUM0Ykp1NzFEMEJwd1RFc0Q0c01IV3BHTEdBNDBPczFDWE15RFl4NGF4RHltUmx4X3NPTTNtZWJwSGpjM01hS1JpNkdoNnU0dUZaOG9BVFoxbTVKTk11WWc1dWI0OHh4YmRtSEJrTElFcjFQZw?oc=5",
        "source_system": "Google Actualités — Burkina Faso",
        "language": "fr",
        "as_of": "2026-09-28"
      }
    },
    {
      "type": "Feature",
      "geometry": null,
      "properties": {
        "id": "media_4bd7253cfc345e3e",
        "date": "2026-09-28",
        "title": "Burkina Faso : Le capitaine Ibrahim Traoré révèle les dessous de la nouvelle stratégie contre le terrorisme",
        "location": "Burkina Faso — lieu à confirmer",
        "region": "Burkina Faso",
        "country": "Burkina Faso",
        "layer": "event",
        "layer_label": "Signal médiatique",
        "category": "sécurité",
        "actor": "À vérifier",
        "status": "Signal médiatique — vérification requise",
        "confidence": "faible",
        "precision": "non géolocalisé",
        "summary": "Burkina Faso : Le capitaine Ibrahim Traoré révèle les dessous de la nouvelle stratégie contre le terrorisme burkina24.com",
        "source": "burkina24.com",
        "source_url": "https://news.google.com/rss/articles/CBMi1gFBVV95cUxQYnZMRkJQa3dCWnpaT2hvcDdwUTFHTmtFZzJGX2NmZEt0X0I1blFOSGNldHNFdGVPcmtyMmRoWWVpellXQml5YklCekhSdkRrNktSdG1tM1djTWpSeW14MmJRVXl0YXZIdm5UTW9QSlNreDJ3ZmlWcU96cWVUWGNWZ2w1Ymc3MkNOWG15MjlfMm5TalpjQ1ZTc3M5aTJhRmJDUUVQbnA3MTJabFZPeGxsa08yMVAzUjQ0Z1ZhVWstLUZWcWlIQmNCQTBDTUU3Y1FLbUFwSmJn?oc=5",
        "source_system": "Google Actualités — Burkina Faso",
        "language": "fr",
        "as_of": "2026-09-28"
      }
    },
    {
      "type": "Feature",
      "geometry": null,
      "properties": {
        "id": "media_83944968853d37bd",
        "date": "2026-09-28",
        "title": "Abeïbara : les FAMa ciblent des regroupements armés dans le cadre de Dougoukoloko",
        "location": "Mali — lieu à confirmer",
        "region": "Mali",
        "country": "Mali",
        "layer": "event",
        "layer_label": "Signal médiatique",
        "category": "autre",
        "actor": "FAMa / État malien",
        "status": "Signal médiatique — vérification requise",
        "confidence": "faible",
        "precision": "non géolocalisé",
        "summary": "Abeïbara : les FAMa ciblent des regroupements armés dans le cadre de Dougoukoloko MaliActu",
        "source": "MaliActu",
        "source_url": "https://news.google.com/rss/articles/CBMiowFBVV95cUxPUVdZWEdiV3ZweTNoSlVWNDF0Q2NZLWpSSURNekRoV3NaWl9aNUZSS1N5M00td0pCUkNWU3pOcDVscDdodVlNM3VKQkYxb28zWUNsS3dScnhpUHQ0c1NqbGZkR29aY1dGU0NzMVBZR1FYOGFoLW9meUlFdnU2Zks5dnlwWTFTN0ZYemNFYWlKZzlmdTlqM1RySTB6VU5RNjB1YTRn0gGrAUFVX3lxTE9EUmxJbE9ZVkZVSmtZV2R1ejd4UEhONzg3SWE4dnlEMVNqSTcyTEhHX0NnN3B0c1Q0NWNBS0tUeHowdU9VVjJldFpCYUp4c1YwY0dCalNVSW9VSzdlTXdiZkNKUXlJM1hranJvRkdwazI1Tm5QYjZzMUZMZjBiX1JDMnBkNzZMSGxlc2pBdFBHNElHeEcxMmhrbTFkekVzNGZ6U19EZTlUTkZlSQ?oc=5",
        "source_system": "Google Actualités — Mali",
        "language": "fr",
        "as_of": "2026-09-28"
      }
    },
    {
      "type": "Feature",
      "geometry": null,
      "properties": {
        "id": "media_83633a55f0e08623",
        "date": "2026-09-28",
        "title": "81e AG de l'ONU : \"Nous ne demandons à personne la permission d'exister\" Karamoko Jean Marie Traoré",
        "location": "Burkina Faso — lieu à confirmer",
        "region": "Burkina Faso",
        "country": "Burkina Faso",
        "layer": "event",
        "layer_label": "Signal médiatique",
        "category": "sécurité",
        "actor": "À vérifier",
        "status": "Signal médiatique — vérification requise",
        "confidence": "faible",
        "precision": "non géolocalisé",
        "summary": "Devant la 81ᵉ Assemblée générale de l'ONU, le ministre burkinabè des Affaires étrangères, Karamoko Jean Marie Traoré, a pris la parole le 28 septembre 2026 au nom de la Confédération des États du Sahel (AES), qui réunit le Burkina Faso, le Mali et le Niger. Saluant la mémoire des victimes du terrorisme, il a dénoncé des soutiens étatiques aux grou…",
        "source": "LeFaso.net",
        "source_url": "https://lefaso.net/spip.php?article149590=",
        "source_system": "LeFaso.net",
        "language": "fr",
        "as_of": "2026-09-28"
      }
    },
    {
      "type": "Feature",
      "geometry": null,
      "properties": {
        "id": "media_7779d83a52d41be7",
        "date": "2026-09-27",
        "title": "Reconquête du territoire : « Nous avons pu faire reculer beaucoup le terrorisme » (capitaine Ibrahim Traoré)",
        "location": "Burkina Faso — lieu à confirmer",
        "region": "Burkina Faso",
        "country": "Burkina Faso",
        "layer": "event",
        "layer_label": "Signal médiatique",
        "category": "sécurité",
        "actor": "À vérifier",
        "status": "Signal médiatique — vérification requise",
        "confidence": "faible",
        "precision": "non géolocalisé",
        "summary": "En matière de lutte contre le terrorisme et de reconquête du territoire national, le président du Faso, capitaine Ibrahim Traoré partage des acquis. « C'est vrai que très souvent, les gens posent la question au ministre de la guerre, il donne des pourcentages et tout. C'est vrai, mais je peux dire que nous sommes bien au-delà de ces pourcentages,…",
        "source": "LeFaso.net",
        "source_url": "https://lefaso.net/spip.php?article149556=",
        "source_system": "LeFaso.net",
        "language": "fr",
        "as_of": "2026-09-27"
      }
    },
    {
      "type": "Feature",
      "geometry": {
        "type": "Point",
        "coordinates": [
          1.454,
          14.207
        ]
      },
      "properties": {
        "id": "media_b9ed41b3cce99393",
        "date": "2026-09-27",
        "title": "Prévisions et conditions météo pour Ayérou, Tillabéri, Niger - The Weather Channel | Weather.com",
        "location": "Tillabéri",
        "region": "Tillabéri Region",
        "country": "Niger",
        "layer": "event",
        "layer_label": "Signal médiatique",
        "category": "autre",
        "actor": "À vérifier",
        "status": "Signal médiatique — vérification requise",
        "confidence": "faible",
        "precision": "centre de localité approximatif",
        "summary": "Prévisions et conditions météo pour Ayérou, Tillabéri, Niger - The Weather Channel | Weather.com The Weather Channel",
        "source": "The Weather Channel",
        "source_url": "https://news.google.com/rss/articles/CBMiZkFVX3lxTE9UYmFjREVtazRvamprWmRCdVYteE5mNGdoWnJBT3Zac2JGM1dlUFFPUTVxM0NzSVBKdTNrLXIteXNzV1lzSWVxR1BVSHVFZFB0MWpoR0NsMWNfdU9CbDhFa0RvUFloQQ?oc=5",
        "source_system": "Google Actualités — Niger",
        "language": "fr",
        "as_of": "2026-09-27"
      }
    },
    {
      "type": "Feature",
      "geometry": null,
      "properties": {
        "id": "media_3da28fec0f5b1cc9",
        "date": "2026-09-27",
        "title": "Opération Dougoukoloko : Au moins 50 terroristes, dont des cadres, neutralisés à Abeibara",
        "location": "Mali — lieu à confirmer",
        "region": "Mali",
        "country": "Mali",
        "layer": "event",
        "layer_label": "Signal médiatique",
        "category": "sécurité",
        "actor": "FAMa / État malien",
        "status": "Signal médiatique — vérification requise",
        "confidence": "faible",
        "precision": "non géolocalisé",
        "summary": "L'état-major général des armées a annoncé ce dimanche 27 septembre, dans un communiqué, la poursuite des opérations de sécurisation du territoire national dans le cadre de l'opération Dougoukoloko. Les Forces armées maliennes (FAMa), appuyées par leurs partenaires, ont mené une frappe aérienne ciblé...",
        "source": "Malijet",
        "source_url": "https://malijet.com/actualte_dans_les_regions_du_mali/312048-operation-dougoukoloko-au-moins-50-terroristes-dont-des-c.html",
        "source_system": "Malijet",
        "language": "fr",
        "as_of": "2026-09-27"
      }
    },
    {
      "type": "Feature",
      "geometry": {
        "type": "Point",
        "coordinates": [
          -15.979,
          18.086
        ]
      },
      "properties": {
        "id": "media_4092773ccbf96b42",
        "date": "2026-09-27",
        "title": "Nouakchott : Plus de 250 migrants, dont des Guinéens, secourus au large de la Mauritanie",
        "location": "Nouakchott",
        "region": "Mauritanie",
        "country": "Mauritanie",
        "layer": "event",
        "layer_label": "Signal médiatique",
        "category": "autre",
        "actor": "À vérifier",
        "status": "Signal médiatique — vérification requise",
        "confidence": "faible",
        "precision": "centre de localité approximatif",
        "summary": "Nouakchott : Plus de 250 migrants, dont des Guinéens, secourus au large de la Mauritanie Africaguinee.com",
        "source": "Africaguinee.com",
        "source_url": "https://news.google.com/rss/articles/CBMitAFBVV95cUxQWnp3RW1MMUVBOUFhLXJZSWE1VjNlc1RMS1UxSF9oUVg0V1RJZmVmLVNiSHgyeXBWRGphT3FHRmZtX0c0bW1VVUF3Ni16YzEwX2Q3dk83ak5EQlNTeGpKQXpqVmp2Sms2dW9tSEV1RWdCLXJZOU1udWZOMEhEYUNNUFV5REJwemdEdHBPYWFManNLMG90eE12eWEwUl9hU0xRTzRCMWFLeFlEdmFlZ3JGb3Qzclk?oc=5",
        "source_system": "Google Actualités — Mauritanie",
        "language": "fr",
        "as_of": "2026-09-27"
      }
    },
    {
      "type": "Feature",
      "geometry": null,
      "properties": {
        "id": "media_26f57b0c15a06c24",
        "date": "2026-09-27",
        "title": "Le JNIM au Sahel est-il en train de se dissocier de « Al-Qaïda » ?",
        "location": "Mali — lieu à confirmer",
        "region": "Mali",
        "country": "Mali",
        "layer": "event",
        "layer_label": "Signal médiatique",
        "category": "autre",
        "actor": "JNIM / GSIM",
        "status": "Signal médiatique — vérification requise",
        "confidence": "faible",
        "precision": "non géolocalisé",
        "summary": "Le JNIM au Sahel est-il en train de se dissocier de « Al-Qaïda » ? BBC",
        "source": "BBC",
        "source_url": "https://news.google.com/rss/articles/CBMiX0FVX3lxTFBxNWFrNFlFUmxkNlg5TlIyMjF1WHQtX0VjNmMzMmd6bHVqVDJyZ0tBanJqTmlIaTRYRGRTeWFfMmNPM2pETFBjTkFoTmdOakF3QUFkS29WblRBT3NDN0hF0gFkQVVfeXFMUDdwcWpjZ3NRWUFmTXpFUE9SeVBvNkctb1doamZ3UERBTUxwWHEyYmY4NG1MSWJfX2JWMzU1V2dqVzBvTmlVNWM1dnU2RXNSN1lMZmVFZWxhZGF1XzhVZUlxQmNsYg?oc=5",
        "source_system": "Google Actualités — Mali",
        "language": "fr",
        "as_of": "2026-09-27"
      }
    },
    {
      "type": "Feature",
      "geometry": null,
      "properties": {
        "id": "media_b67ac14e21d5698f",
        "date": "2026-09-27",
        "title": "Attaques terroristes au Sahel : le Chef de la diplomatie burkinabè déplore une « caution inavouée » de la communauté internationale",
        "location": "Burkina Faso — lieu à confirmer",
        "region": "Burkina Faso",
        "country": "Burkina Faso",
        "layer": "event",
        "layer_label": "Signal médiatique",
        "category": "politique",
        "actor": "À vérifier",
        "status": "Signal médiatique — vérification requise",
        "confidence": "faible",
        "precision": "non géolocalisé",
        "summary": "Attaques terroristes au Sahel : le Chef de la diplomatie burkinabè déplore une « caution inavouée » de la communauté internationale linitiative.ca",
        "source": "linitiative.ca",
        "source_url": "https://news.google.com/rss/articles/CBMi9gFBVV95cUxQTVZQMjhWaVltV2NBWThnTXlEMUR0Mm1Ea0RGR3M3WEpGSTdfZlZNMGphajVsTFBPQTZ6dVBpcE1yQVNBcFBLRmhqc1kwbmczTXdkV05jcjlCbDBVQ0J4eTZBWTdqNWdweTk0TlNmaHB5dUdsZEVSOXNfUWlKUE1CVnMwYVVKaGJfSFoyVGtUWGlRRldtN1NIckloeEVySWoxMFVqMkQxYWFGTThqT29GWDIzVVVGSkFCU0ZWZzZRRmVkdnNOYS00cEpBeTNHa2VmTWdrM2JIS3UtS0xORk8wRmxKb2Zkc01FMnpaRDFWVzdTWkNPbHc?oc=5",
        "source_system": "Google Actualités — Burkina Faso",
        "language": "fr",
        "as_of": "2026-09-27"
      }
    },
    {
      "type": "Feature",
      "geometry": null,
      "properties": {
        "id": "media_b507780c1b707a84",
        "date": "2026-09-27",
        "title": "Acquisition d'équipements armés : « ça ne se limite pas au terrorisme, on se prépare à de grandes guerres », déclare capitaine Ibrahim Traoré",
        "location": "Burkina Faso — lieu à confirmer",
        "region": "Burkina Faso",
        "country": "Burkina Faso",
        "layer": "event",
        "layer_label": "Signal médiatique",
        "category": "sécurité",
        "actor": "À vérifier",
        "status": "Signal médiatique — vérification requise",
        "confidence": "faible",
        "precision": "non géolocalisé",
        "summary": "Au cours de son interview en cette soirée dominicale du 27 septembre 2026, le chef de l'Etat, capitaine Ibrahim Traoré a confié que les acquisitions en matière d'équipements pour l'armée ne se limitent « pas uniquement à la lutte contre le terrorisme…, on se prépare à de grandes guerres ». A la question de savoir si l'armée burkinabè a atteint sa…",
        "source": "LeFaso.net",
        "source_url": "https://lefaso.net/spip.php?article149557=",
        "source_system": "LeFaso.net",
        "language": "fr",
        "as_of": "2026-09-27"
      }
    },
    {
      "type": "Feature",
      "geometry": {
        "type": "Point",
        "coordinates": [
          1.454,
          14.207
        ]
      },
      "properties": {
        "id": "media_4dfd33f74fe19fc2",
        "date": "2026-09-26",
        "title": "Prévisions et conditions météo pour Ayérou, Tillabéri, Niger - The Weather Channel | Weather.com",
        "location": "Tillabéri",
        "region": "Tillabéri Region",
        "country": "Niger",
        "layer": "event",
        "layer_label": "Signal médiatique",
        "category": "autre",
        "actor": "À vérifier",
        "status": "Signal médiatique — vérification requise",
        "confidence": "faible",
        "precision": "centre de localité approximatif",
        "summary": "Prévisions et conditions météo pour Ayérou, Tillabéri, Niger - The Weather Channel | Weather.com The Weather Channel",
        "source": "The Weather Channel",
        "source_url": "https://news.google.com/rss/articles/CBMiZ0FVX3lxTE9yMUJic2Y1eDRVTkFNUmdlRk5TSWpYVTUzZUEwcXRSWFBjMjNLbUJRWl80WHZtTE1md05ydG1EbmZkNW85X295a1pVSzRjM2F1UzZWS1ZFSXFVUmpmeXpuaTVXOGlNNnc?oc=5",
        "source_system": "Google Actualités — Niger",
        "language": "fr",
        "as_of": "2026-09-26"
      }
    },
    {
      "type": "Feature",
      "geometry": {
        "type": "Point",
        "coordinates": [
          2.11,
          13.514
        ]
      },
      "properties": {
        "id": "media_58bbf22234ef8ed7",
        "date": "2026-09-26",
        "title": "Niger : Niamey accuse la France et l’Ukraine de soutenir des groupes prêts à attaquer ses installations pétrolières",
        "location": "Niamey",
        "region": "Niamey",
        "country": "Niger",
        "layer": "event",
        "layer_label": "Signal médiatique",
        "category": "autre",
        "actor": "À vérifier",
        "status": "Signal médiatique — vérification requise",
        "confidence": "faible",
        "precision": "centre de localité approximatif",
        "summary": "Niger : Niamey accuse la France et l’Ukraine de soutenir des groupes prêts à attaquer ses installations pétrolières Tchadinfos",
        "source": "Tchadinfos",
        "source_url": "https://news.google.com/rss/articles/CBMi4AFBVV95cUxNSWZjMkxkUlhYSTFIZHFDMzQxMkJCVW1ITjBoNFp4Y0l4bDdodVA5emVOR2FoU2tDT1Z6dGhMcTRUUlJjVXZucDQtODRyV0xxOVo1Wl9Wd3Qwai14MXF2Tk1sZkhLdDNnMmJnOU9mWEVEU0F5YXA5QVNySV9jMlVpT1lJcmtoejBXRzZlMjBwMU5DN0ZIYk55OFBZZ2V2YWFGMG5XQU5XQ2g2ME42OWlXTGlERHczTnJ0TFpGYXBjMktoRmpYZUpEVTlWMkVlbEJBUnVXM3JWZkRfd2NaM1F2RQ?oc=5",
        "source_system": "Google Actualités — Niger",
        "language": "fr",
        "as_of": "2026-09-26"
      }
    },
    {
      "type": "Feature",
      "geometry": null,
      "properties": {
        "id": "media_981a05dd05ef4cae",
        "date": "2026-09-26",
        "title": "Niger : Mutinerie et attaque de Fartel, les failles du système de sécurité mises à nu...",
        "location": "Niger — lieu à confirmer",
        "region": "Niger",
        "country": "Niger",
        "layer": "event",
        "layer_label": "Signal médiatique",
        "category": "sécurité",
        "actor": "À vérifier",
        "status": "Signal médiatique — vérification requise",
        "confidence": "faible",
        "precision": "non géolocalisé",
        "summary": "Niger : Mutinerie et attaque de Fartel, les failles du système de sécurité mises à nu... FratMat",
        "source": "FratMat",
        "source_url": "https://news.google.com/rss/articles/CBMi1AFBVV95cUxNeFRuOFA4Y28zdWZZcXp4VXN6SXF1SVNkRTU5WnBYcmR0a0N4amdGa3YtMlBCVC1aMmdtd09EOEJIMEI4U0NWa0h3VTEtdUhHT2tCMnVZLUtDN3QzV1V4UFNYOWpqWHZRaXo0OU82VlRhM1diczl5bmp6c0d3eFN4bU0xZk40MFNLX3oxbDE3d3hTLXZic284TEdDNzk0cHRQYlU2WG9GdjI2VndvOUVsMmx2c2J0ZEFKZzhUZE94NXFvZ3UwSmF6NndsYmdGalI5aU9ZOA?oc=5",
        "source_system": "Google Actualités — Niger",
        "language": "fr",
        "as_of": "2026-09-26"
      }
    },
    {
      "type": "Feature",
      "geometry": {
        "type": "Point",
        "coordinates": [
          -3.007,
          16.773
        ]
      },
      "properties": {
        "id": "media_1caabd08f0d4547f",
        "date": "2026-09-26",
        "title": "Mali : Dioura, le revers qui interroge l'efficacité d'Africa Corps ?",
        "location": "Timbuktu",
        "region": "Tombouctou",
        "country": "Mali",
        "layer": "event",
        "layer_label": "Signal médiatique",
        "category": "autre",
        "actor": "À vérifier",
        "status": "Signal médiatique — vérification requise",
        "confidence": "faible",
        "precision": "centre de localité approximatif",
        "summary": "Mali : Dioura, le revers qui interroge l'efficacité d'Africa Corps ? Timbuktu Institute",
        "source": "Timbuktu Institute",
        "source_url": "https://news.google.com/rss/articles/CBMizwFBVV95cUxPUFA4UDBMa194SG1UOXRPcXBrSm5yeTVSbHVEVlRSSEhTY3RLdVgwWVhVVU5VVExqamtiU214UW9rZC1NTl9jUURYMWhZRXIzUmNTVHFUbnl4eHVGUEt2SWdaMEw3eWxPWFVyblB4V3NtUlMta1N5X3l5OEtSRDNlTTNrLWZCSnBQX3V3ZC1EU2hfQ29aVUZ1MzRkR2JEZmM5THV3bkZGbEVEa0x0bFpPNlcyOUdySjB4N25JUDFNWjdOSUdLM0M3S0dyWVVVMXM?oc=5",
        "source_system": "Google Actualités — Mali",
        "language": "fr",
        "as_of": "2026-09-26"
      }
    },
    {
      "type": "Feature",
      "geometry": {
        "type": "Point",
        "coordinates": [
          1.409,
          18.443
        ]
      },
      "properties": {
        "id": "media_8eb16096f6df0389",
        "date": "2026-09-26",
        "title": "Mali : Dioura, Sévaré, Kidal… les armes russes ne suffisent plus à tenir le terrain",
        "location": "Kidal",
        "region": "Kidal",
        "country": "Mali",
        "layer": "event",
        "layer_label": "Signal médiatique",
        "category": "autre",
        "actor": "À vérifier",
        "status": "Signal médiatique — vérification requise",
        "confidence": "faible",
        "precision": "centre de localité approximatif",
        "summary": "Mali : Dioura, Sévaré, Kidal… les armes russes ne suffisent plus à tenir le terrain afrik.com",
        "source": "afrik.com",
        "source_url": "https://news.google.com/rss/articles/CBMiogFBVV95cUxQQ0tNUVFHVEFwemVOSVd2Q09mVXRDZS1VSEdrT2NXeGNqRWpPbUZabHpqeE9IUGlpWVBBbDVZS2lDR3d0dGZOWFphY3BGaHA2WlhKRUNIQm05dkRieWxUSFdhZThfN0VEd3lBT284YjBZMEUyZG9QYXBYeXZvV1ptallZY1g0WkZzRVJITkl5YzZ0V2JrTHBLYTBXb2o5NGZRUUE?oc=5",
        "source_system": "Google Actualités — Mali",
        "language": "fr",
        "as_of": "2026-09-26"
      }
    },
    {
      "type": "Feature",
      "geometry": {
        "type": "Point",
        "coordinates": [
          -15.979,
          18.086
        ]
      },
      "properties": {
        "id": "media_e1710be1410bb0ff",
        "date": "2026-09-26",
        "title": "Le Président de la République quitte Benichab pour Nouakchott au terme d’une visite de travail et d’information dans l’Inchiri",
        "location": "Nouakchott",
        "region": "Mauritanie",
        "country": "Mauritanie",
        "layer": "event",
        "layer_label": "Signal médiatique",
        "category": "autre",
        "actor": "À vérifier",
        "status": "Signal médiatique — vérification requise",
        "confidence": "faible",
        "precision": "centre de localité approximatif",
        "summary": "Le Président de la République quitte Benichab pour Nouakchott au terme d’une visite de travail et d’information dans l’Inchiri Cridem",
        "source": "Cridem",
        "source_url": "https://news.google.com/rss/articles/CBMiWEFVX3lxTE5kYl8ydDJSMHl2eVJPV05DSWt3ejNmdFNxcUg2Rzhwb2JZcC1hOHprVnpoX1BCY2xJTHk3cWN2STNCdnBfbmNvdXZDbjN2dzN0eVlLbzRndWo?oc=5",
        "source_system": "Google Actualités — Mauritanie",
        "language": "fr",
        "as_of": "2026-09-26"
      }
    },
    {
      "type": "Feature",
      "geometry": null,
      "properties": {
        "id": "media_7861c1c7ca3691e9",
        "date": "2026-09-26",
        "title": "Le #Tchad 🇹🇩 met en garde le #Soudan 🇸🇩. À la tribune de l’ONU, N’Djamena condamne de nouvelles frappes aériennes liées au conflit soudanais ayant touché son territoire et prévient qu’en cas de récidive, il se réserve le droit de prendre « toutes les mes - x.com",
        "location": "Tchad — lieu à confirmer",
        "region": "Tchad",
        "country": "Tchad",
        "layer": "event",
        "layer_label": "Signal réseau social",
        "category": "sécurité",
        "actor": "À vérifier",
        "status": "Signal réseau social — recoupement requis",
        "confidence": "faible",
        "precision": "non géolocalisé",
        "summary": "Le #Tchad 🇹🇩 met en garde le #Soudan 🇸🇩. À la tribune de l’ONU, N’Djamena condamne de nouvelles frappes aériennes liées au conflit soudanais ayant touché son territoire et prévient qu’en cas de récidive, il se réserve le droit de prendre « toutes les mes x.com",
        "source": "Tchadinfos",
        "source_url": "https://news.google.com/rss/articles/CBMiYEFVX3lxTE5ONFZFenU1UTV5bTEwZW9SMEpxQTdtSDF4bGNfME50M2xaTFJYdEMxZUZ6c2x6ZVpJU3pJNXI0NHBMbWNuMXRRX0EzT1FWRFBaa1ptS1gyM1dUd2lwbHYzUA?oc=5",
        "source_system": "X indexé — @tchadinfos",
        "language": "fr",
        "as_of": "2026-09-26"
      }
    },
    {
      "type": "Feature",
      "geometry": null,
      "properties": {
        "id": "media_563498cdc8d46758",
        "date": "2026-09-25",
        "title": "Soudan : l’exode vers le Tchad s’accélère, tandis que l’aide s’effondre",
        "location": "Tchad — lieu à confirmer",
        "region": "Tchad",
        "country": "Tchad",
        "layer": "event",
        "layer_label": "Signal médiatique",
        "category": "sécurité",
        "actor": "À vérifier",
        "status": "Signal médiatique — vérification requise",
        "confidence": "faible",
        "precision": "non géolocalisé",
        "summary": "Plus de 55 000 Soudanais ont gagné l’est du Tchad depuis le début de l’année, fuyant l'intensification des combats au Darfour et dans les Kordofans. Après trois années et demi de guerre, cette nouvelle poussée frappe un pays qui accueille déjà près d’un million de réfugiés soudanais, au moment même où les financements internationaux se dérobent.",
        "source": "ONU Info - L'actualité mondiale Un regard humain",
        "source_url": "https://news.un.org/feed/view/fr/story/2026/09/1159550",
        "source_system": "ONU Info Afrique",
        "language": "fr",
        "as_of": "2026-09-25"
      }
    },
    {
      "type": "Feature",
      "geometry": null,
      "properties": {
        "id": "media_2080ad932ee63576",
        "date": "2026-09-25",
        "title": "Sahel : le Burkina Faso déplore la « caution inavouée » de la communauté internationale face au terrorisme",
        "location": "Burkina Faso — lieu à confirmer",
        "region": "Burkina Faso",
        "country": "Burkina Faso",
        "layer": "event",
        "layer_label": "Signal médiatique",
        "category": "sécurité",
        "actor": "À vérifier",
        "status": "Signal médiatique — vérification requise",
        "confidence": "faible",
        "precision": "non géolocalisé",
        "summary": "Sahel : le Burkina Faso déplore la « caution inavouée » de la communauté internationale face au terrorisme Alwihda Info",
        "source": "Alwihda Info",
        "source_url": "https://news.google.com/rss/articles/CBMiyAFBVV95cUxPai1tWW5lV3Y1WjJQMEoxQko4RG5uYmpWQVAxd05mNG1KQXUxZkw5aVZnakQwN0x6S2g0cFp5dUFmVm5uTkJwTGRIWk51dV9ldWFTS01FUnF3aTBnTklsYkV6eHpSS25vQ1dFazdfM1V1Q1g2bXpoOTlBVkpKSV9kVllxS3Y1Z2EzQTkxYjI1akRQeGxMMVJEa2hEUGpjVE4yQ19XQXN0QWNxNWo1cWM4c2pKNVZyYk5TRk1Pdmc2S0NXSzRLMEM4bQ?oc=5",
        "source_system": "Google Actualités — Burkina Faso",
        "language": "fr",
        "as_of": "2026-09-25"
      }
    },
    {
      "type": "Feature",
      "geometry": {
        "type": "Point",
        "coordinates": [
          -15.979,
          18.086
        ]
      },
      "properties": {
        "id": "media_05ae39e202db0af8",
        "date": "2026-09-25",
        "title": "Route Dakhla-Nouakchott : forcing marocain, ambiguïté mauritanienne et financement émirati",
        "location": "Nouakchott",
        "region": "Mauritanie",
        "country": "Mauritanie",
        "layer": "event",
        "layer_label": "Signal médiatique",
        "category": "autre",
        "actor": "À vérifier",
        "status": "Signal médiatique — vérification requise",
        "confidence": "faible",
        "precision": "centre de localité approximatif",
        "summary": "Route Dakhla-Nouakchott : forcing marocain, ambiguïté mauritanienne et financement émirati tsa-algerie.com",
        "source": "tsa-algerie.com",
        "source_url": "https://news.google.com/rss/articles/CBMitwFBVV95cUxNX1dPbTBQR0J4WVQ5TnU5TDV6NnN0NmlCQU5VWGxSejdGVkZsNkRRZkhaTVN0X2gyaG1kMnFkdUM2UEJRQ1ZoQzRkd3Naak5adkpjb2NqdUEtaGY2NU5qeThTMk4ybGhZeDUzeFB3WE1XWnZhTGZNUEN3cEc5SGlRby1SVE1obmlnd0pRVVlDN0VuVXdockhUa0dNTTg1YXhhZWM1NTY3N1UzZGlyOVB2bUtSWnVvbGs?oc=5",
        "source_system": "Google Actualités — Mauritanie",
        "language": "fr",
        "as_of": "2026-09-25"
      }
    },
    {
      "type": "Feature",
      "geometry": null,
      "properties": {
        "id": "media_aaf70ae3c72c3c5d",
        "date": "2026-09-25",
        "title": "Reportage au Burkina Faso : quand la violence jihadiste détruit la Grande Muraille verte",
        "location": "Burkina Faso — lieu à confirmer",
        "region": "Burkina Faso",
        "country": "Burkina Faso",
        "layer": "event",
        "layer_label": "Signal médiatique",
        "category": "sécurité",
        "actor": "À vérifier",
        "status": "Signal médiatique — vérification requise",
        "confidence": "faible",
        "precision": "non géolocalisé",
        "summary": "Reportage au Burkina Faso : quand la violence jihadiste détruit la Grande Muraille verte Jeune Afrique",
        "source": "Jeune Afrique",
        "source_url": "https://news.google.com/rss/articles/CBMizAFBVV95cUxQQ25wbENhclNkZFFsOTU4NmJ4Vy1FMTd4Um9wV0FLRElKQ3dDeDFwd3hRM04xMjhYRkpodHgwc1RhcWtoR25PTHllRDdLTlJfb2swLXJWX185YktJTUVWMzdITlBJMVN4aE5NSWVUS0dFcTRucXNhS1JoRVRFOTlaRUE1UmtTQVRRY2hYZEhUakF5WWZGWFBHTDA4REJveFowQUk3bHdfQ2VRLWZ1aWRmalU5eFllT0NUZGZrS3ZvbDdxd2gxckpHalREeHU?oc=5",
        "source_system": "Google Actualités — Burkina Faso",
        "language": "fr",
        "as_of": "2026-09-25"
      }
    },
    {
      "type": "Feature",
      "geometry": null,
      "properties": {
        "id": "media_2f7b408179f07c53",
        "date": "2026-09-25",
        "title": "Niger : 57 morts dans deux attaques attribuées à l'État islamique",
        "location": "Niger — lieu à confirmer",
        "region": "Niger",
        "country": "Niger",
        "layer": "event",
        "layer_label": "Signal médiatique",
        "category": "sécurité",
        "actor": "À vérifier",
        "status": "Signal médiatique — vérification requise",
        "confidence": "faible",
        "precision": "non géolocalisé",
        "summary": "Niger : 57 morts dans deux attaques attribuées à l'État islamique La Libre.be",
        "source": "La Libre.be",
        "source_url": "https://news.google.com/rss/articles/CBMi3wFBVV95cUxQV3cwTWRhek5TejNFNTQ5VkJsSENsT1hTMWVtTkhIZ1Zya1hsb0NyS1BKZEZCSHRTd0oyVjNubEdwbjdZRXFZM1k1SWhOdTdhb0NFamFJek9FWl9MNDdZV1lKUHh4MmtSMHQ0eVRiWkRiQl9KdzJTREFpZkZrMVEzTm15QVROVW9JQzJ1TGRBVVJJaFpKUlVDNVNKb1oxbTkzelpKRGZKeTBLZHNPM0MwMnhGT295ZGVtVDdmMlVVLXZtQ3JsZGllUnp2Z2pVYkcyOWJlOG9sYmt3dWFQcXM0?oc=5",
        "source_system": "Google Actualités — Niger",
        "language": "fr",
        "as_of": "2026-09-25"
      }
    },
    {
      "type": "Feature",
      "geometry": {
        "type": "Point",
        "coordinates": [
          1.454,
          14.207
        ]
      },
      "properties": {
        "id": "media_132eaf038e6cfdff",
        "date": "2026-09-25",
        "title": "Météo à Goula, Tillabéri heure par heure",
        "location": "Tillabéri",
        "region": "Tillabéri Region",
        "country": "Niger",
        "layer": "event",
        "layer_label": "Signal médiatique",
        "category": "autre",
        "actor": "À vérifier",
        "status": "Signal médiatique — vérification requise",
        "confidence": "faible",
        "precision": "centre de localité approximatif",
        "summary": "Météo à Goula, Tillabéri heure par heure SpaceRef",
        "source": "SpaceRef",
        "source_url": "https://news.google.com/rss/articles/CBMidEFVX3lxTE9QTWZvcmtFT2p6ZGEyYUd3ZWJBa2xVYWc1R0VyZkFYZ2traGk1ZFYwajQ4ZFpYTnhwZTdEbU1iUFpsTk1XWEhBZVpSVGxVbGJNbFRHODdaUXVJcWc3c3g3NlQxaHdqOUtvX0VoRksyc1gxQlFK?oc=5",
        "source_system": "Google Actualités — Niger",
        "language": "fr",
        "as_of": "2026-09-25"
      }
    },
    {
      "type": "Feature",
      "geometry": {
        "type": "Point",
        "coordinates": [
          -15.979,
          18.086
        ]
      },
      "properties": {
        "id": "media_fc77d670a2a35df3",
        "date": "2026-09-25",
        "title": "Mauritanie : les enseignants haussent le ton à Nouakchott à l’approche de la rentrée 2026-2027",
        "location": "Nouakchott",
        "region": "Mauritanie",
        "country": "Mauritanie",
        "layer": "event",
        "layer_label": "Signal médiatique",
        "category": "autre",
        "actor": "À vérifier",
        "status": "Signal médiatique — vérification requise",
        "confidence": "faible",
        "precision": "centre de localité approximatif",
        "summary": "Mauritanie : les enseignants haussent le ton à Nouakchott à l’approche de la rentrée 2026-2027 senalioune",
        "source": "senalioune",
        "source_url": "https://news.google.com/rss/articles/CBMitgFBVV95cUxQLXFUNGwtMzkzRVEzVGl5TE1hLWVhTXIzT2lMTTJwM2JZWkZVRjlSQVJUV01SbmVyQ3NXWk1WRUpPdFpDcHdDVWF1Y3A5eGJyYUdsaHZDZlk5MjByRnFDNFM5WEpFN0VzNmlBNHdJd2RHOHdHbkdEQlZiMmk0N21ueWFrenQ3V1I3RUFsZnRTbUM3TnJrdHZLMDJmckV1cmxzZ2FidFd0SURIeVoxUUpaYWhvQ2NlQQ?oc=5",
        "source_system": "Google Actualités — Mauritanie",
        "language": "fr",
        "as_of": "2026-09-25"
      }
    },
    {
      "type": "Feature",
      "geometry": null,
      "properties": {
        "id": "media_e55c8b2d06ecf5b6",
        "date": "2026-09-25",
        "title": "Mali : Les FAMa frappent un regroupement de 200 à 300 combattants terroristes",
        "location": "Mali — lieu à confirmer",
        "region": "Mali",
        "country": "Mali",
        "layer": "event",
        "layer_label": "Signal médiatique",
        "category": "autre",
        "actor": "FAMa / État malien",
        "status": "Signal médiatique — vérification requise",
        "confidence": "faible",
        "precision": "non géolocalisé",
        "summary": "Mali : Les FAMa frappent un regroupement de 200 à 300 combattants terroristes Anadolu Ajansı",
        "source": "Anadolu Ajansı",
        "source_url": "https://news.google.com/rss/articles/CBMivgFBVV95cUxNOHJPT2ktZkttLXFadGtveXFkYjJjZ1NCdk9Ycl90YXVuQmtGM1lhNVhQWExrSWJVbE5wRllTLXdtRkZWdHVfX2VqeGQ2TC1OckZkWWJWRkFselRZUDBuR25JMFo4WnpQZzVoVVY0cHRBdEN1TnVXM05ROVlVT1VTemRCZUpXMFNpMUQ4REFWemRYb3l0Z2dmUmtvdlBNMEhUUXVsQTB2Y0c2MVpxbTBieXFmWU1DLXpfWVRuSERn?oc=5",
        "source_system": "Google Actualités — Mali",
        "language": "fr",
        "as_of": "2026-09-25"
      }
    },
    {
      "type": "Feature",
      "geometry": null,
      "properties": {
        "id": "media_34b9a8db8fb19e96",
        "date": "2026-09-25",
        "title": "Ligue 3. Un retour et un forfait en attaque, Mahop encore absent… Le groupe du Vendée FC La Roche à Thionville",
        "location": "Burkina Faso — lieu à confirmer",
        "region": "Burkina Faso",
        "country": "Burkina Faso",
        "layer": "event",
        "layer_label": "Signal médiatique",
        "category": "sécurité",
        "actor": "À vérifier",
        "status": "Signal médiatique — vérification requise",
        "confidence": "faible",
        "precision": "non géolocalisé",
        "summary": "Ligue 3. Un retour et un forfait en attaque, Mahop encore absent… Le groupe du Vendée FC La Roche à Thionville Ouest-France",
        "source": "Ouest-France",
        "source_url": "https://news.google.com/rss/articles/CBMiqwJBVV95cUxQNHE4NmlQMFdRV01JZ2R6SlVFd1FZcGF6LU96ejltREEwbHFnNEp6U1YxaVpuaGttSTJfVU1oR2tUejhHbzBRYWpFLWN3SVo5a3dod25USUxVaFFnM1Y5Zm03Y0REZU1QTUtWcHpyMjVHdHFENXZLb2NoaWpYM3hON0U1eVZNZDhieUwwRlU1YWU0Y0V2ZW83ZGdXamZBQUF0QXhFUkk0Y3c0SzBQSm4yNXJZUl94bkpGbkw3ZllfNmgyNy1hZzQyR0ZRaG94cFNvaFRISFpuY1N2Vk90dGRiVGlqQkQ5ems3bFF4bGFpQWpQNnZfYXBUZ3lzdTRlc0kyZzAzeDJZanZwUUxRQ1NRbGJrOWFkTmMtUmV4Q0IzZ1ItdFBiSHN3b1lpcw?oc=5",
        "source_system": "Google Actualités — Burkina Faso",
        "language": "fr",
        "as_of": "2026-09-25"
      }
    },
    {
      "type": "Feature",
      "geometry": null,
      "properties": {
        "id": "media_e8402841a0698273",
        "date": "2026-09-25",
        "title": "GOON GA TAN : Du silence sur Kiev aux attaques de Dioura : quand le Mali devient le champ clos des guerres par procuration",
        "location": "Mali — lieu à confirmer",
        "region": "Mali",
        "country": "Mali",
        "layer": "event",
        "layer_label": "Signal médiatique",
        "category": "sécurité",
        "actor": "À vérifier",
        "status": "Signal médiatique — vérification requise",
        "confidence": "faible",
        "precision": "non géolocalisé",
        "summary": "GOON GA TAN : Du silence sur Kiev aux attaques de Dioura : quand le Mali devient le champ clos des guerres par procuration Maliweb",
        "source": "Maliweb",
        "source_url": "https://news.google.com/rss/articles/CBMihwJBVV95cUxQSUZoaG5ZYUJhaXQtOVVWX3ZJQUdqQkFZNnJDQzhmWVNoZ2NHTGpoeV9JdWJBV2dyUVVxWmN6OVJpTC16ZVlvUXJZbVA2MDM5RzNSZ0tUSDZjOUhDZjdzVEg0Mnd4M0k5MXhyel9NMmNILVR2aEc3Y3VBNEJvN3JEV281WXlnaVpKdkNzdGtfX3dlV3JBR3BSSmdGcjhqbERqWEEyd0ZMN2xOUDZ5eDQwVVNPSUNhdWZZT2l4ZC1QdGVjdnpMcXNUZEVDelF6bHBqMXEtUElDdGpSWnFYSTQzbU01VXBTNWRnenRMLVlLT3RlQ3Q5R0xvZzNCRmNlNlp6X01sdmdMMA?oc=5",
        "source_system": "Google Actualités — Mali",
        "language": "fr",
        "as_of": "2026-09-25"
      }
    },
    {
      "type": "Feature",
      "geometry": {
        "type": "Point",
        "coordinates": [
          -15.979,
          18.086
        ]
      },
      "properties": {
        "id": "media_c0b4c15b5f7e7939",
        "date": "2026-09-25",
        "title": "EN DIRECT DE NOUAKCHOTT | C’est parti pour Fintech Mauritania Hackathon 2026 !",
        "location": "Nouakchott",
        "region": "Mauritanie",
        "country": "Mauritanie",
        "layer": "event",
        "layer_label": "Signal médiatique",
        "category": "autre",
        "actor": "À vérifier",
        "status": "Signal médiatique — vérification requise",
        "confidence": "faible",
        "precision": "centre de localité approximatif",
        "summary": "EN DIRECT DE NOUAKCHOTT | C’est parti pour Fintech Mauritania Hackathon 2026 ! Financial Afrik",
        "source": "Financial Afrik",
        "source_url": "https://news.google.com/rss/articles/CBMitwFBVV95cUxPc0FJT1R2ZWNpeUlmLWo2QXJ1cW5wNmRQeW9FN0FheHE3UkJIV3VPbTZBU3BQR0duWldsM1B0VUFrNEdFOUFFZmRJdzQ5Nk40c24wTElVSTJZOXpPSnNyZUpoSFExeWUwTkNZXzJGdVBDR2lQVUE3cjFsX1R3b2ZySE9FQ2FPczdpMkZWOVFzVVB0aEhielRLRU1YOVJLWkNXZDdjTmJmN0psNGVnem5GeFR1ZFZzbUE?oc=5",
        "source_system": "Google Actualités — Mauritanie",
        "language": "fr",
        "as_of": "2026-09-25"
      }
    },
    {
      "type": "Feature",
      "geometry": {
        "type": "Point",
        "coordinates": [
          -15.979,
          18.086
        ]
      },
      "properties": {
        "id": "media_a6bad1a793237e67",
        "date": "2026-09-25",
        "title": "AGL préqualifié pour la future zone énergie et gaz de Nouakchott",
        "location": "Nouakchott",
        "region": "Mauritanie",
        "country": "Mauritanie",
        "layer": "event",
        "layer_label": "Signal médiatique",
        "category": "autre",
        "actor": "À vérifier",
        "status": "Signal médiatique — vérification requise",
        "confidence": "faible",
        "precision": "centre de localité approximatif",
        "summary": "AGL préqualifié pour la future zone énergie et gaz de Nouakchott africabusinessplus.com",
        "source": "africabusinessplus.com",
        "source_url": "https://news.google.com/rss/articles/CBMirwFBVV95cUxQYm9iRWI2VWdyY05ZUWIwYzVWWDZzUVVGeHFSUmVZQU5yR2xkZTh4NWZWZ3VCeUh0WEY0T3M3YV9US01YeFNUQlhqUWpkcVYwREVLanktOFlqbk9tQkUtTUlPTk90a3NIcGpuQUJHU1lfZDJKX2JrV1Rxb0lNTDA5MUZSeW5OeFFmTldsdnhYZWQ4dEhhQlB1OHJuQVhQYmJUVFZCdzdUMnZxZnIwN2pr?oc=5",
        "source_system": "Google Actualités — Mauritanie",
        "language": "fr",
        "as_of": "2026-09-25"
      }
    },
    {
      "type": "Feature",
      "geometry": {
        "type": "Point",
        "coordinates": [
          1.454,
          14.207
        ]
      },
      "properties": {
        "id": "media_0ebd41a1857ccce6",
        "date": "2026-09-24",
        "title": "Tillabéri : la jeunesse au cœur du dialogue pour la paix et le développement",
        "location": "Tillabéri",
        "region": "Tillabéri Region",
        "country": "Niger",
        "layer": "event",
        "layer_label": "Signal médiatique",
        "category": "autre",
        "actor": "À vérifier",
        "status": "Signal médiatique — vérification requise",
        "confidence": "faible",
        "precision": "centre de localité approximatif",
        "summary": "Tillabéri : la jeunesse au cœur du dialogue pour la paix et le développement Journal du Niger",
        "source": "Journal du Niger",
        "source_url": "https://news.google.com/rss/articles/CBMihAFBVV95cUxNZnVOVW85SFBKQkZDTkJoUWNHbGhDdzVUajlCck55X3VWYmZiQnFJbmRKbHp1cDFhUnVwQTBMa1A2SzRGSVVJZkJ2LWxqWDZwckxmWmZUck9vYjRTbno4ck92Z1NQeXptaWtEU2FKV3ZhbE54N2lVUnpKcjJpZTBSVHVod1M?oc=5",
        "source_system": "Google Actualités — Niger",
        "language": "fr",
        "as_of": "2026-09-24"
      }
    },
    {
      "type": "Feature",
      "geometry": {
        "type": "Point",
        "coordinates": [
          1.454,
          14.207
        ]
      },
      "properties": {
        "id": "media_0f0a0611e55547a2",
        "date": "2026-09-24",
        "title": "Niger : « plusieurs soldats » tués par des « mercenaires » dans le Tillabéri",
        "location": "Tillabéri",
        "region": "Tillabéri Region",
        "country": "Niger",
        "layer": "event",
        "layer_label": "Signal médiatique",
        "category": "sécurité",
        "actor": "À vérifier",
        "status": "Signal médiatique — vérification requise",
        "confidence": "faible",
        "precision": "centre de localité approximatif",
        "summary": "Niger : « plusieurs soldats » tués par des « mercenaires » dans le Tillabéri Jeune Afrique",
        "source": "Jeune Afrique",
        "source_url": "https://news.google.com/rss/articles/CBMixAFBVV95cUxPXzdtSGlnVDN6VWxINnNMVkEtLWNwZnZQS2x2YUdPbE41Qkg4Z1V1ajRqNENselNpVGdtQXFkaFdpOGJtUGxYcXJTRVFiM3BrM2FCSlNrcldlY0Ezdmg4SGFyMFJraUNKckRKSjJTM2xhT18wc1ZyNFg5dGZtcTZRVjB5Szc5WWNwa3pGY1VHYkNkLXd0YnNSWjUwWXNlWHN0TXJ6U1lwbVhGeEUzUTFIdm85c0lxRmtTdC1CWG5rTEFFV2lE?oc=5",
        "source_system": "Google Actualités — Niger",
        "language": "fr",
        "as_of": "2026-09-24"
      }
    },
    {
      "type": "Feature",
      "geometry": null,
      "properties": {
        "id": "media_295688d01d6de017",
        "date": "2026-09-24",
        "title": "Niger : plusieurs soldats tués dans des affrontements près du Mali",
        "location": "Niger — lieu à confirmer",
        "region": "Niger",
        "country": "Niger",
        "layer": "event",
        "layer_label": "Signal médiatique",
        "category": "sécurité",
        "actor": "À vérifier",
        "status": "Signal médiatique — vérification requise",
        "confidence": "faible",
        "precision": "non géolocalisé",
        "summary": "Niger : plusieurs soldats tués dans des affrontements près du Mali africaradio.com",
        "source": "africaradio.com",
        "source_url": "https://news.google.com/rss/articles/CBMirgFBVV95cUxNYTREdGJ2b1Rpa3ZnbEJkLWVQS0NBeHhaMFA0TVlZbU5DZHhYUjdsYndSZ0xwdmJPdjlLVm1HYWZKVzF3MHBEc3N3dTgySXpzMUp6bFQ0ZVI0SXVZcXQyYm5xS2NuaXBYOVhuX29RclBMSk10eDZJMVNLOXdUYUZlaWNOWFdoWnV5RUE1aTdOV3h1dlp5ZHFEMVJ6aGs1Uk1aNjRibDBiNTdyRGwwUWc?oc=5",
        "source_system": "Google Actualités — Niger",
        "language": "fr",
        "as_of": "2026-09-24"
      }
    },
    {
      "type": "Feature",
      "geometry": {
        "type": "Point",
        "coordinates": [
          2.11,
          13.514
        ]
      },
      "properties": {
        "id": "media_56bb5040912c1bd2",
        "date": "2026-09-24",
        "title": "Niger : Niamey relance un important projet d’uranium avec l’australien Atomic Eagle",
        "location": "Niamey",
        "region": "Niamey",
        "country": "Niger",
        "layer": "event",
        "layer_label": "Signal médiatique",
        "category": "autre",
        "actor": "À vérifier",
        "status": "Signal médiatique — vérification requise",
        "confidence": "faible",
        "precision": "centre de localité approximatif",
        "summary": "Niger : Niamey relance un important projet d’uranium avec l’australien Atomic Eagle Tchadinfos",
        "source": "Tchadinfos",
        "source_url": "https://news.google.com/rss/articles/CBMitAFBVV95cUxOY3BfY3k5OHBWeTRRUXJBdnRwQ2pDT3RoX24yeHJ0ZGRCU0I3enl1OGNKVnM2Z3ZJZW12S3RJcHlCamtpSnliMkZybGtkTGRxdDZ4RTEwaFNBT3ZBUFdwcU9FYTYzS1hCWEptb0ZLVHh2REdoUzRIY0JuZ2VkTnp4amdmcHpaMkxuQWN2b0VIWk1qZkxzcEFPX0d0d2NHUGJtMTdjZUNyNVVWTXp1ZDBnZnlKenE?oc=5",
        "source_system": "Google Actualités — Niger",
        "language": "fr",
        "as_of": "2026-09-24"
      }
    },
    {
      "type": "Feature",
      "geometry": {
        "type": "Point",
        "coordinates": [
          1.454,
          14.207
        ]
      },
      "properties": {
        "id": "media_278ee7bcf891b877",
        "date": "2026-09-24",
        "title": "Niger : Des militaires tués lors d’un accrochage avec des combattants armés à Tillabéri",
        "location": "Tillabéri",
        "region": "Tillabéri Region",
        "country": "Niger",
        "layer": "event",
        "layer_label": "Signal médiatique",
        "category": "autre",
        "actor": "À vérifier",
        "status": "Signal médiatique — vérification requise",
        "confidence": "faible",
        "precision": "centre de localité approximatif",
        "summary": "Niger : Des militaires tués lors d’un accrochage avec des combattants armés à Tillabéri Sahel Intelligence",
        "source": "Sahel Intelligence",
        "source_url": "https://news.google.com/rss/articles/CBMixAFBVV95cUxOV3dqNk01VUhrNDRqbjh1U2w5SEQxMzZPRUF6UXdULXdFNU10MmMtVTVJTGJuaVlGNTZEOWJwNmpFaWxaNDByWExiUmpUcUNmdWdWOEVuaUkwWXViSjlBZnlMaFBxblR1dDZGSmxRNHJqNDR2T3NxODdGMTRfVjVXM0xiQ3NteUJfUERheURfVnJhS1JvR2hteTR5UHR3VGcwY05DaGQxa1RoOWZiUU42djJVbG5YaFNLelZBQVN0RFFnM2tT?oc=5",
        "source_system": "Google Actualités — Niger",
        "language": "fr",
        "as_of": "2026-09-24"
      }
    },
    {
      "type": "Feature",
      "geometry": {
        "type": "Point",
        "coordinates": [
          1.454,
          14.207
        ]
      },
      "properties": {
        "id": "media_21effb09cddf4526",
        "date": "2026-09-24",
        "title": "NIGER : Sɔrasi caman bɔnɛna u nin na binkanniwale dɔ senfɛ Tillabéri mara la",
        "location": "Tillabéri",
        "region": "Tillabéri Region",
        "country": "Niger",
        "layer": "event",
        "layer_label": "Signal médiatique",
        "category": "autre",
        "actor": "À vérifier",
        "status": "Signal médiatique — vérification requise",
        "confidence": "faible",
        "precision": "centre de localité approximatif",
        "summary": "NIGER : Sɔrasi caman bɔnɛna u nin na binkanniwale dɔ senfɛ Tillabéri mara la RFI",
        "source": "RFI",
        "source_url": "https://news.google.com/rss/articles/CBMi3gFBVV95cUxOcGxwNUlxR1lVVGl3ZF80Q1BEMjJyMmNCMDM0Ylhvc05WaVVNWTZJYllQTDNYWUxsYjFlZnFfekNKWl9qTmVXQTNKUXhwMFNrSWR4RTdYVW1xQkFQLVpvbWd6eWJPTWNuQ3hweDlaTXRxQ2xCdG05YVU4bjFwalI2NmdCRzV5TFZqM2NKNVVXVTNsanZrTno3OXZNM2FUSFFpUmRzVXg5ZTlzNzVKZEpDZ0EwaXB3QThyd0tFTGloWlZydXl2YUdFQmdtRWhTZloxbUUwVlktQkQwT2p4aFE?oc=5",
        "source_system": "Google Actualités — Niger",
        "language": "fr",
        "as_of": "2026-09-24"
      }
    },
    {
      "type": "Feature",
      "geometry": {
        "type": "Point",
        "coordinates": [
          1.454,
          14.207
        ]
      },
      "properties": {
        "id": "media_2e7768d254b45d5d",
        "date": "2026-09-24",
        "title": "Météo à Magaria, Tillabéri heure par heure",
        "location": "Tillabéri",
        "region": "Tillabéri Region",
        "country": "Niger",
        "layer": "event",
        "layer_label": "Signal médiatique",
        "category": "autre",
        "actor": "À vérifier",
        "status": "Signal médiatique — vérification requise",
        "confidence": "faible",
        "precision": "centre de localité approximatif",
        "summary": "Météo à Magaria, Tillabéri heure par heure SpaceRef",
        "source": "SpaceRef",
        "source_url": "https://news.google.com/rss/articles/CBMid0FVX3lxTE4xNEJmQXM3NVFGNTVjOXF2SnpCUC1pa2xjcGpubTIzZWc5cUFPZk1CeXZWak1XQVJpMU5kWDRJSW5qTWd1UEllSUV2V21CalRxdGItQWdFbi1DcEJVYTJlR1F3SDdzWWpvWW40M1l1R1JqN3NBOWNZ?oc=5",
        "source_system": "Google Actualités — Niger",
        "language": "fr",
        "as_of": "2026-09-24"
      }
    },
    {
      "type": "Feature",
      "geometry": {
        "type": "Point",
        "coordinates": [
          -15.979,
          18.086
        ]
      },
      "properties": {
        "id": "media_44d1a082a03a32c7",
        "date": "2026-09-24",
        "title": "Mauritanie: les banques centrales des États francophones en conclave à Nouakchott",
        "location": "Nouakchott",
        "region": "Mauritanie",
        "country": "Mauritanie",
        "layer": "event",
        "layer_label": "Signal médiatique",
        "category": "autre",
        "actor": "À vérifier",
        "status": "Signal médiatique — vérification requise",
        "confidence": "faible",
        "precision": "centre de localité approximatif",
        "summary": "Mauritanie: les banques centrales des États francophones en conclave à Nouakchott Le360 Afrique",
        "source": "Le360 Afrique",
        "source_url": "https://news.google.com/rss/articles/CBMi8gFBVV95cUxQLV9RZVZPZGFNNGlHbGhLbVVEWC1vTGMxdEZSZmQ1a09oWHZlYmdWS24tZmpfOGwzX1o5U0V0SlRkWFVUSHV6Y0RTR2ltTDF4amtxaUVIbW5wN3ZHb1gxUFNKcUhoV2RHaElfQ2dud0pwQlAwczZtaTdTNkN6blBJQy1lbUY4QnpRREMydWFVeW1XTFlUbGZuSW9ZLUk3SkFMQXdVR01CdXozR21VWUFCeWREMnJ0ME43blBYUFJXcTlUSU10TGIzTFFTWktiQkRIZHlWMDluUFJuRDBtSjl3RHFITHdPMkx5NGVvMWJWVXVjdw?oc=5",
        "source_system": "Google Actualités — Mauritanie",
        "language": "fr",
        "as_of": "2026-09-24"
      }
    },
    {
      "type": "Feature",
      "geometry": {
        "type": "Point",
        "coordinates": [
          1.454,
          14.207
        ]
      },
      "properties": {
        "id": "media_7e84c3df2dfbc913",
        "date": "2026-09-24",
        "title": "Le Niger confirme la mort de nombreux soldats dans des affrontements avec des présumés terroristes à Tillabéri",
        "location": "Tillabéri",
        "region": "Tillabéri Region",
        "country": "Niger",
        "layer": "event",
        "layer_label": "Signal médiatique",
        "category": "sécurité",
        "actor": "À vérifier",
        "status": "Signal médiatique — vérification requise",
        "confidence": "faible",
        "precision": "centre de localité approximatif",
        "summary": "Le Niger confirme la mort de nombreux soldats dans des affrontements avec des présumés terroristes à Tillabéri Demócrata",
        "source": "Demócrata",
        "source_url": "https://news.google.com/rss/articles/CBMi6AFBVV95cUxOY1o3S21hTllHRlcyYkx1bGxMUy1vaS1rYmg2cDhQWUdRNXIzamU1Z0N1b241OHFqeTJpTlBMcnpQSkRwQmNkMUlPU1h6a1g4SVM3NTBTekRuV1g0VmVfTmJfd1I2OWRtRlBoei1aQUZiMUFhTVJiWHBRanFEVEZKQjZYUnFpY09XTFRWUzZVbXBtMk9sY1pSaHV4eER0ckFiYlFiaVlNbmVqOERjb3R5RHpqUkNpcGZuLVRVMW1iWDR5X29tMFBoZ21hU3dVcWZoRVJmRWZBdDdXT1BnR2tVT2U2aGlQVkFT0gHuAUFVX3lxTE5BdWRxQm1mUXl4TjNyaEVIcHpOcE9DVFJyNWQ3MWlyVjhJVjR4d0U4MVRjQjg4d3NOalhTVlJCdTZyOWZ5dV9fVlVCVVBMWUlTcTdqbjQ3Q3Y2WGlKTDZkQ1ZVLXc3Y3pWWGR3eHNDRG1aQ0FVZjJZUEU0dVV6QTJudV9vRnhLNVVTaVFIVG1QZWxXdllacEhPd1BaRFJHdXhXanh2QkFoVjR5aGlSaVlMYmVrWS1laFl1eFZoM2JRRFIxZVhEVEF6OEJYNllWLTFrRmFXRm5fVU1mNnBZak9oX1dsUkxnMDNRMWlmWWc?oc=5",
        "source_system": "Google Actualités — Niger",
        "language": "fr",
        "as_of": "2026-09-24"
      }
    },
    {
      "type": "Feature",
      "geometry": null,
      "properties": {
        "id": "media_f2ae069d2177feb1",
        "date": "2026-09-24",
        "title": "La \"menace\" d'une attaque rwandaise contre le Burundi \"existe encore\", dit le président burundais",
        "location": "Burkina Faso — lieu à confirmer",
        "region": "Burkina Faso",
        "country": "Burkina Faso",
        "layer": "event",
        "layer_label": "Signal médiatique",
        "category": "sécurité",
        "actor": "À vérifier",
        "status": "Signal médiatique — vérification requise",
        "confidence": "faible",
        "precision": "non géolocalisé",
        "summary": "La \"menace\" d'une attaque rwandaise contre le Burundi \"existe encore\", dit le président burundais CANAL+",
        "source": "CANAL+",
        "source_url": "https://news.google.com/rss/articles/CBMi-AFBVV95cUxPVGRGa1c4M1dUTUlkTWJscUlDSUFUUjl1VDdQNmZUd0hCX3hRR1c4cnk1MVlVRkNtR2wyLVBTTXZzblNwS05KcnBZN05mMUU0N25EbU56RmRnOE5NSXB5aWpudWN3YjBZY1JzeDNOVUNkYWltS0NEUVRpQ2VMQXhFRXphMzZqdlJtY3B3M0U0b2Fva2pvZ1BHSDU4U2RmYmpxNlZoM05HNHF3eTZ1SGpkX1pPdUd2U2pMcDdueFR0azJKSl91UUducVBvYmYxQ0FzUmdnSjlaM2w2M0NnNXprYlpRU1RlVVNIV3VrcTVGa2ZHLXduMlg2aA?oc=5",
        "source_system": "Google Actualités — Burkina Faso",
        "language": "fr",
        "as_of": "2026-09-24"
      }
    },
    {
      "type": "Feature",
      "geometry": {
        "type": "Point",
        "coordinates": [
          1.454,
          14.207
        ]
      },
      "properties": {
        "id": "media_3225146bdddae04e",
        "date": "2026-09-24",
        "title": "Konunkooɓe heewɓe mbaraama to diiwal Tillabéri to keerol Niger-Mali",
        "location": "Tillabéri",
        "region": "Tillabéri Region",
        "country": "Niger",
        "layer": "event",
        "layer_label": "Signal médiatique",
        "category": "autre",
        "actor": "À vérifier",
        "status": "Signal médiatique — vérification requise",
        "confidence": "faible",
        "precision": "centre de localité approximatif",
        "summary": "Konunkooɓe heewɓe mbaraama to diiwal Tillabéri to keerol Niger-Mali RFI",
        "source": "RFI",
        "source_url": "https://news.google.com/rss/articles/CBMiuwFBVV95cUxOZHFnUUVEN1V0TjktMjN1NlBrbHB0T0pzN0tPTWU5MEpxX1JsN2hJOVpOOTJPT093RGMwV3dOUWhKUDBla0tnaHZOQnNIUU1IcW5xMjlOZzAtSTFTWG92QkxGcWxYb3d5WW5Sc29uS2J2TGQzZm9KQVQ2YXJkZjIxMGVaVW9uUjZSTXc5d0R5WHRzSWVyN19NSTNlcmo4RHFlcTRFN3V6VGFsa0R2X1Nub0hXRFpfWE12U3lr?oc=5",
        "source_system": "Google Actualités — Niger",
        "language": "fr",
        "as_of": "2026-09-24"
      }
    },
    {
      "type": "Feature",
      "geometry": {
        "type": "Point",
        "coordinates": [
          -15.979,
          18.086
        ]
      },
      "properties": {
        "id": "media_68bd438bcda1585c",
        "date": "2026-09-23",
        "title": "Vue de Nouakchott, capitale de la Mauritanie",
        "location": "Nouakchott",
        "region": "Mauritanie",
        "country": "Mauritanie",
        "layer": "event",
        "layer_label": "Signal médiatique",
        "category": "autre",
        "actor": "À vérifier",
        "status": "Signal médiatique — vérification requise",
        "confidence": "faible",
        "precision": "centre de localité approximatif",
        "summary": "Vue de Nouakchott, capitale de la Mauritanie 新华网",
        "source": "新华网",
        "source_url": "https://news.google.com/rss/articles/CBMie0FVX3lxTE8yWTRzWDJYdVdJcE9zdlBnaTlGR2tURFlMSl9JNll6bkd0VHpGQ2lIZDJXZFFoaGhTWlZsYnBTMjZMbXZHVHM5UHBRNGthaGJURU55UFNZUFNGWGY2RmtndWxjZGdVTm8zUzFxOWFNejdxek02YTFMbEh0Zw?oc=5",
        "source_system": "Google Actualités — Mauritanie",
        "language": "fr",
        "as_of": "2026-09-23"
      }
    },
    {
      "type": "Feature",
      "geometry": {
        "type": "Point",
        "coordinates": [
          2.11,
          13.514
        ]
      },
      "properties": {
        "id": "media_6e3cffa69d361465",
        "date": "2026-09-23",
        "title": "Projets énergétiques à Niamey : Tiani reçoit le ministre algérien",
        "location": "Niamey",
        "region": "Niamey",
        "country": "Niger",
        "layer": "event",
        "layer_label": "Signal médiatique",
        "category": "autre",
        "actor": "À vérifier",
        "status": "Signal médiatique — vérification requise",
        "confidence": "faible",
        "precision": "centre de localité approximatif",
        "summary": "Projets énergétiques à Niamey : Tiani reçoit le ministre algérien Journal du Niger",
        "source": "Journal du Niger",
        "source_url": "https://news.google.com/rss/articles/CBMikwFBVV95cUxQWl83cU9CdHZ5WHd1OHZLZ1BiOGo0NzdEdWtXV253bEZLYVhUMXZlclR0ZTBaSTNuM1MtZWg0NzVsWEd5dlZlUmNxNXgtMmwyRTRkYm1tcERKNkdWc0pNZGs0UDQ3eVBfWm8ySXFyVHpESzlndmg0UWk0bDBoUnhDeGdENGhadnpITkZLS0w2NVV2TEE?oc=5",
        "source_system": "Google Actualités — Niger",
        "language": "fr",
        "as_of": "2026-09-23"
      }
    },
    {
      "type": "Feature",
      "geometry": {
        "type": "Point",
        "coordinates": [
          2.11,
          13.514
        ]
      },
      "properties": {
        "id": "media_b07e63660f500aaa",
        "date": "2026-09-23",
        "title": "Production d’hydrocarbures en Afrique: Cela redémarre à fond entre Niamey et Alger",
        "location": "Niamey",
        "region": "Niamey",
        "country": "Niger",
        "layer": "event",
        "layer_label": "Signal médiatique",
        "category": "autre",
        "actor": "À vérifier",
        "status": "Signal médiatique — vérification requise",
        "confidence": "faible",
        "precision": "centre de localité approximatif",
        "summary": "Production d’hydrocarbures en Afrique: Cela redémarre à fond entre Niamey et Alger Afriquinfos",
        "source": "Afriquinfos",
        "source_url": "https://news.google.com/rss/articles/CBMiqAFBVV95cUxNdFItemQ5YXh0ZW04OEtZNkhJbzltYmgzUzd1UFJkUG9GclF3cTZ2eEZjTFpndUVwX3BQV3QxWWZlRXJDZl9qMEJBQmpKOU5HU3lBVGtManc3cDkzMU9JSUpyRkQwQlBWQ0kzbmR1TTBSY3VXa05MQlhwRmRXUjZsbWJ1c0JySHFWcVktOWNRR1E0NHNJN3czS0Fac0g0TWJPRTRkQ3BBRzM?oc=5",
        "source_system": "Google Actualités — Niger",
        "language": "fr",
        "as_of": "2026-09-23"
      }
    },
    {
      "type": "Feature",
      "geometry": {
        "type": "Point",
        "coordinates": [
          2.11,
          13.514
        ]
      },
      "properties": {
        "id": "media_418ecf78a755149f",
        "date": "2026-09-23",
        "title": "Niger : Zone aéroportuaire de Niamey , les familles déplacées reçoivent leurs nouvelles maisons",
        "location": "Niamey",
        "region": "Niamey",
        "country": "Niger",
        "layer": "event",
        "layer_label": "Signal médiatique",
        "category": "autre",
        "actor": "À vérifier",
        "status": "Signal médiatique — vérification requise",
        "confidence": "faible",
        "precision": "centre de localité approximatif",
        "summary": "Niger : Zone aéroportuaire de Niamey , les familles déplacées reçoivent leurs nouvelles maisons koaci.com",
        "source": "koaci.com",
        "source_url": "https://news.google.com/rss/articles/CBMi_wFBVV95cUxQM2ExMVA3WFVranA4bFR4YTNZSjh3RkVFSlBQZ0NjLUU0cldUR0luY09zMTZ6M3YzWHlDWExtdnlGQzVydmpwTzR5STRXWFVGWkxfY25aYXBhYnZGaVZya2lHbTJjWDlHMGd0dFRZT2d1N1lsNEtnSXRWU3dtS1UzZFdtclotQ3hpQXJBMDVhUkU0QmNKemlkWVI5RVY0WXpKU1BOWEtoUzJFVUFncTN0azliOHVJYTlyRk1jV3pneEJqSTNmRW91S2RqbE93UF82M1NLSkEzWi0xc1E4dnhsQlRhX283ZkpSMUI0YlFiU0Mzbk1aN3V4M3Z2SmJrVFU?oc=5",
        "source_system": "Google Actualités — Niger",
        "language": "fr",
        "as_of": "2026-09-23"
      }
    },
    {
      "type": "Feature",
      "geometry": {
        "type": "Point",
        "coordinates": [
          2.11,
          13.514
        ]
      },
      "properties": {
        "id": "media_12aa98c276003abf",
        "date": "2026-09-23",
        "title": "NIGER: lafasalikɛla Abourahamane Lirwana bilara Niamey kaso la kunu k'a ye kunnafoni kolonw carin",
        "location": "Niamey",
        "region": "Niamey",
        "country": "Niger",
        "layer": "event",
        "layer_label": "Signal médiatique",
        "category": "autre",
        "actor": "À vérifier",
        "status": "Signal médiatique — vérification requise",
        "confidence": "faible",
        "precision": "centre de localité approximatif",
        "summary": "NIGER: lafasalikɛla Abourahamane Lirwana bilara Niamey kaso la kunu k'a ye kunnafoni kolonw carin RFI",
        "source": "RFI",
        "source_url": "https://news.google.com/rss/articles/CBMi2gFBVV95cUxOdEJPRXJZTXZoSzVMRkZFTGNWQ2x1aGpOUVltTllJdTJPMzR3YlBVMUpvM3FwZ0Z3ZVUydVVSSWNaQ1Y0a3cxbHVDOVZic1pwNVZ0UmNNbmJoamhGQjh6Q20zRVZfX19BMnVGWFFMMWlZbk1wdndnYkNXWklBdkU5R1RURnJBNzRUZjVvTDRPZVFPeWlPbThSMi00WF9SWnlsS3hyV2RLV21EQXNpTzROdzNNVWlMc1JIOTM2QlJyM1l3dUpSNHlaRHN0Y3REcHdoQktXWHkxaExXUQ?oc=5",
        "source_system": "Google Actualités — Niger",
        "language": "fr",
        "as_of": "2026-09-23"
      }
    },
    {
      "type": "Feature",
      "geometry": {
        "type": "Point",
        "coordinates": [
          1.454,
          14.207
        ]
      },
      "properties": {
        "id": "media_43fe3e56d6e711c5",
        "date": "2026-09-23",
        "title": "Météo à Kanya, Tillabéri heure par heure",
        "location": "Tillabéri",
        "region": "Tillabéri Region",
        "country": "Niger",
        "layer": "event",
        "layer_label": "Signal médiatique",
        "category": "autre",
        "actor": "À vérifier",
        "status": "Signal médiatique — vérification requise",
        "confidence": "faible",
        "precision": "centre de localité approximatif",
        "summary": "Météo à Kanya, Tillabéri heure par heure SpaceRef",
        "source": "SpaceRef",
        "source_url": "https://news.google.com/rss/articles/CBMickFVX3lxTE13ZlFVTWdfeVQ5dlpudHM3UF9QUngwdlBMdFFYWXRraVpPZDVTeXZnS1NHMnJGTEwyRS1URHRvVmo2c2R2a2VOekJKaEhubV9MM3ZBajBvTS1QR1UtM0VwQkEyT2JOMlMyWmxYVHhHUUY2Zw?oc=5",
        "source_system": "Google Actualités — Niger",
        "language": "fr",
        "as_of": "2026-09-23"
      }
    },
    {
      "type": "Feature",
      "geometry": null,
      "properties": {
        "id": "media_c46ce7c24921e4c2",
        "date": "2026-09-23",
        "title": "Mali – États-Unis : pourquoi le soutien de l’Ukraine au FLA contrarie l’administration Trump",
        "location": "Mali — lieu à confirmer",
        "region": "Mali",
        "country": "Mali",
        "layer": "event",
        "layer_label": "Signal médiatique",
        "category": "autre",
        "actor": "FLA / Azawad",
        "status": "Signal médiatique — vérification requise",
        "confidence": "faible",
        "precision": "non géolocalisé",
        "summary": "Mali – États-Unis : pourquoi le soutien de l’Ukraine au FLA contrarie l’administration Trump Jeune Afrique",
        "source": "Jeune Afrique",
        "source_url": "https://news.google.com/rss/articles/CBMizwFBVV95cUxOU3doMXVKeEpnUGV5U284UXh5TmZ6X0plVG1yTDRnNU9fdkFXRTJMUm0wRWx6TU8xWkVMTDZIeXhRckZFLWt0ejJpdnFVQVNvWl85T2w5UkhDLThFc2EwWVQ3UUFxVm9nZXBNVnRsQUtLaV95OWh3SGMyVDJreE4zTUxtZ2NYWmh2OUlERlRfTFoxTGljMmFyeWlBX0lEeXRsdkdvMnVVMUl4M194bktnSE5xR1h5cS1ybmZIeEljRDIydlBzVllWWERhZDdRUVk?oc=5",
        "source_system": "Google Actualités — Mali",
        "language": "fr",
        "as_of": "2026-09-23"
      }
    },
    {
      "type": "Feature",
      "geometry": {
        "type": "Point",
        "coordinates": [
          -15.979,
          18.086
        ]
      },
      "properties": {
        "id": "media_25376a9ee42f00e1",
        "date": "2026-09-23",
        "title": "La Région de Nouakchott obtient 450 000 dollars du Global Cities Fund",
        "location": "Nouakchott",
        "region": "Mauritanie",
        "country": "Mauritanie",
        "layer": "event",
        "layer_label": "Signal médiatique",
        "category": "autre",
        "actor": "À vérifier",
        "status": "Signal médiatique — vérification requise",
        "confidence": "faible",
        "precision": "centre de localité approximatif",
        "summary": "La Région de Nouakchott obtient 450 000 dollars du Global Cities Fund Cridem",
        "source": "Cridem",
        "source_url": "https://news.google.com/rss/articles/CBMiWEFVX3lxTE9NaUJUSW93dTZ4cXBqSlctNWdhRS1mQW9UUWVxaDc3clk0WXBsZEhMYUZhSTVQOHFLRTFTLUYxVndiSG40Ymh4VXVRbGFqek9xei1UdnZiU2c?oc=5",
        "source_system": "Google Actualités — Mauritanie",
        "language": "fr",
        "as_of": "2026-09-23"
      }
    },
    {
      "type": "Feature",
      "geometry": {
        "type": "Point",
        "coordinates": [
          -15.979,
          18.086
        ]
      },
      "properties": {
        "id": "media_aa2d2c2dc173272d",
        "date": "2026-09-23",
        "title": "El Guerguerat-Nouakchott: un accord consolide le corridor routier",
        "location": "Nouakchott",
        "region": "Mauritanie",
        "country": "Mauritanie",
        "layer": "event",
        "layer_label": "Signal médiatique",
        "category": "autre",
        "actor": "À vérifier",
        "status": "Signal médiatique — vérification requise",
        "confidence": "faible",
        "precision": "centre de localité approximatif",
        "summary": "El Guerguerat-Nouakchott: un accord consolide le corridor routier APAnews - Agence de Presse Africaine",
        "source": "APAnews - Agence de Presse Africaine",
        "source_url": "https://news.google.com/rss/articles/CBMimgFBVV95cUxOa0JENkgxR3dadWV0US05NUl6aWszSFhvMlhDV1UtMnN1YzEzYmdxVkRJZ0I4WjFYSFl6NmlLVkxsNnZva0xEWlBybWJIRXdKd1FZMFFpa3ZHcXN5ZVNLWkxBckMwX3o4R2xuQno4b2c4V3RlbjdkbF9UYVZQTk9HdFN6NmdvVWZUMElKWHhMdWlBbk5jWHd6N0dn?oc=5",
        "source_system": "Google Actualités — Mauritanie",
        "language": "fr",
        "as_of": "2026-09-23"
      }
    },
    {
      "type": "Feature",
      "geometry": null,
      "properties": {
        "id": "media_454952c82a216e76",
        "date": "2026-09-23",
        "title": "Au parking, ils prenaient 100 francs pour la moto et 100 francs pour le casque La Brigade Laabal s'attaque aux vendeurs spéculateurs de casques de motos et aux parkeurs indélicats - x.com",
        "location": "Burkina Faso — lieu à confirmer",
        "region": "Burkina Faso",
        "country": "Burkina Faso",
        "layer": "event",
        "layer_label": "Signal réseau social",
        "category": "sécurité",
        "actor": "À vérifier",
        "status": "Signal réseau social — recoupement requis",
        "confidence": "faible",
        "precision": "non géolocalisé",
        "summary": "Au parking, ils prenaient 100 francs pour la moto et 100 francs pour le casque La Brigade Laabal s'attaque aux vendeurs spéculateurs de casques de motos et aux parkeurs indélicats x.com",
        "source": "Burkina 24",
        "source_url": "https://news.google.com/rss/articles/CBMiX0FVX3lxTE92SDBzd2dBY0VZZE4zSVlHZzRxSUVlZjJVaEdpT0FYeURoMERZOVM1MkxMMGFCVmRXaEFxRkV1MmVsTWVoYTNldV9uWFFlWEtXX2gxblpOVWpIdmhBU0t3?oc=5",
        "source_system": "X indexé — @burkina24",
        "language": "fr",
        "as_of": "2026-09-23"
      }
    },
    {
      "type": "Feature",
      "geometry": {
        "type": "Point",
        "coordinates": [
          2.11,
          13.514
        ]
      },
      "properties": {
        "id": "media_b3b7c354a2619b0f",
        "date": "2026-09-23",
        "title": "Après les cars, le gaz : à Niamey, un ministre multiplie les mises en garde sur la sécurité des transports",
        "location": "Niamey",
        "region": "Niamey",
        "country": "Niger",
        "layer": "event",
        "layer_label": "Signal médiatique",
        "category": "sécurité",
        "actor": "À vérifier",
        "status": "Signal médiatique — vérification requise",
        "confidence": "faible",
        "precision": "centre de localité approximatif",
        "summary": "Après les cars, le gaz : à Niamey, un ministre multiplie les mises en garde sur la sécurité des transports Journal du Niger",
        "source": "Journal du Niger",
        "source_url": "https://news.google.com/rss/articles/CBMilwFBVV95cUxOUjc0djdJWkR2cXNBeERET2RMaWRiRFgxeG56OE9zTjZyazAwVzhFX3VmQ3VEQ0N1T1Q0eHFEZkJ3Mk9zWThPZzI3YW5JcGVFUmltOGtYRFJZbDU2dmFNYk8xNjNkTkFfUE1BcjdURDRnOTJSUndlc2pnb3VqSkl5UFVGOER5Z0NMdEVHaXRYRFE5TEQxVjFN?oc=5",
        "source_system": "Google Actualités — Niger",
        "language": "fr",
        "as_of": "2026-09-23"
      }
    },
    {
      "type": "Feature",
      "geometry": {
        "type": "Point",
        "coordinates": [
          2.11,
          13.514
        ]
      },
      "properties": {
        "id": "media_12b4b231340ca833",
        "date": "2026-09-23",
        "title": "Algérie-Niger : le Gazoduc Transsaharien au cœur des discussions à Niamey",
        "location": "Niamey",
        "region": "Niamey",
        "country": "Niger",
        "layer": "event",
        "layer_label": "Signal médiatique",
        "category": "autre",
        "actor": "À vérifier",
        "status": "Signal médiatique — vérification requise",
        "confidence": "faible",
        "precision": "centre de localité approximatif",
        "summary": "Algérie-Niger : le Gazoduc Transsaharien au cœur des discussions à Niamey afrik.com",
        "source": "afrik.com",
        "source_url": "https://news.google.com/rss/articles/CBMimgFBVV95cUxOOUY5a2IzUEF0QWlCOG0tTVgxYmV4Q3B5OTVySE9uRXFWcldZSlJkSnhUTWtYeGhLT2RLSTJrUHJlNWdOY1hHMW5BdW1Gcm5Cd2MyTjRlOHlpa1VYdkJyWmNJaC12dk5IRjNfOHFocDBVVmpYRFpUUW1INmV5MEd3SnFvZEpWSWQ4aU9EWFFMbVpLSXdJSkVvT3JB?oc=5",
        "source_system": "Google Actualités — Niger",
        "language": "fr",
        "as_of": "2026-09-23"
      }
    },
    {
      "type": "Feature",
      "geometry": {
        "type": "Point",
        "coordinates": [
          2.11,
          13.514
        ]
      },
      "properties": {
        "id": "media_15910f035ce7a033",
        "date": "2026-09-22",
        "title": "À Niamey, la CEA lance un appui technique pour la réforme fiscale du Niger",
        "location": "Niamey",
        "region": "Niamey",
        "country": "Niger",
        "layer": "event",
        "layer_label": "Signal médiatique",
        "category": "autre",
        "actor": "À vérifier",
        "status": "Signal médiatique — vérification requise",
        "confidence": "faible",
        "precision": "centre de localité approximatif",
        "summary": "À Niamey, la CEA lance un appui technique pour la réforme fiscale du Niger Capmad",
        "source": "Capmad",
        "source_url": "https://news.google.com/rss/articles/CBMipwFBVV95cUxPY1ozWThOSlFLN2FMdkFEX3RueC1XTkphRFpUYWpTZVEwUW8zWnpzaTFkVnkyQ1VOdmJ1ZjJQUVBoUVd0TU9pS1lyTm1yeGViRjRTQ2ktUkZKYWprc1Z0N1VtblFRaVl3XzhqeExiSVF0c1NScW9uZU9VU1hYR1NKakJzM1RGWC1JRFAwa3dwUkgwNk1WVGJ4TF9FbTNYRWg4UFZJV0R5WQ?oc=5",
        "source_system": "Google Actualités — Niger",
        "language": "fr",
        "as_of": "2026-09-22"
      }
    },
    {
      "type": "Feature",
      "geometry": {
        "type": "Point",
        "coordinates": [
          -7.975,
          12.609
        ]
      },
      "properties": {
        "id": "media_82b8efd164f87131",
        "date": "2026-09-22",
        "title": "À Macina et Bamako, des déplacés demandent davantage d’assistance.",
        "location": "Bamako",
        "region": "Bamako",
        "country": "Mali",
        "layer": "event",
        "layer_label": "Signal médiatique",
        "category": "sécurité",
        "actor": "À vérifier",
        "status": "Signal médiatique — vérification requise",
        "confidence": "moyenne",
        "precision": "centre de localité approximatif",
        "summary": "À Macina, dans la région de Ségou, des personnes déplacées du village de Souleye, ayant fui une attaque survenue début septembre, demandent davantage d’assistance. Arrivées avec très peu de biens, certaines disent avoir perdu leurs pièces d’identité dans leur fuite. Aux périphéries de Bamako, d’autres déplacés font également face à des difficultés…",
        "source": "Studio Tamani",
        "source_url": "https://www.studiotamani.org/208049-a-macina-et-bamako-des-deplaces-demandent-davantage-dassistance",
        "source_system": "Studio Tamani",
        "language": "fr",
        "as_of": "2026-09-22"
      }
    },
    {
      "type": "Feature",
      "geometry": {
        "type": "Point",
        "coordinates": [
          2.248,
          13.334
        ]
      },
      "properties": {
        "id": "media_0c2df8cbd154da49",
        "date": "2026-09-22",
        "title": "Tillabéri/Mobilisation générale : La commune rurale de Youri prie pour implorer la paix au Niger",
        "location": "Youri Kourtéré",
        "region": "Tillabéri Region",
        "country": "Niger",
        "layer": "event",
        "layer_label": "Signal médiatique",
        "category": "autre",
        "actor": "À vérifier",
        "status": "Signal médiatique — vérification requise",
        "confidence": "faible",
        "precision": "centre de localité approximatif",
        "summary": "Tillabéri/Mobilisation générale : La commune rurale de Youri prie pour implorer la paix au Niger Le Sahel.org",
        "source": "Le Sahel.org",
        "source_url": "https://news.google.com/rss/articles/CBMiuwFBVV95cUxPTkk3blFzWXlvaG9PaTIwR3IwTm5MaXpHUGhPUjhaN1NrX3NIeGNiU0N4eXk5VG9BUnVULTRYMi1FQnAtNnpxazI3Tlp6em8yRkcyU25nZ2ZlUnZPblFib21YbmFHS3Z2MVF3NmNmOVVpTVRWeUZmbWNJS2pIQmFXR2loV3VHd0ZrRjQtMk9ncU1yTE9kcktaTjlLTjlFeE1jMlRqa1RJY3RxUUpxZGlrQnFvaXM4N2VBTWtn?oc=5",
        "source_system": "Google Actualités — Niger",
        "language": "fr",
        "as_of": "2026-09-22"
      }
    },
    {
      "type": "Feature",
      "geometry": {
        "type": "Point",
        "coordinates": [
          -2.067,
          13.767
        ]
      },
      "properties": {
        "id": "media_d91f7ca55e4fed56",
        "date": "2026-09-22",
        "title": "Réalisations de l'ADCT dans le Yaadga : À Titao comme à Pilimpikou, des infrastructures pensées au rythme des besoins locaux",
        "location": "Titao",
        "region": "Nord",
        "country": "Burkina Faso",
        "layer": "event",
        "layer_label": "Signal médiatique",
        "category": "sécurité",
        "actor": "À vérifier",
        "status": "Signal médiatique — vérification requise",
        "confidence": "moyenne",
        "precision": "centre de localité approximatif",
        "summary": "Dans la région du Yaadga, les investissements de l'Agence nationale d'appui au développement des collectivités territoriales (ADCT) prennent des formes différentes selon les besoins des communes. À Titao, un Centre de santé et de promotion sociale (CSPS) complet a été réalisé dans un contexte marqué par le blocus de la commune, avant d'être équipé…",
        "source": "LeFaso.net",
        "source_url": "https://lefaso.net/spip.php?article149419=",
        "source_system": "LeFaso.net",
        "language": "fr",
        "as_of": "2026-09-22"
      }
    },
    {
      "type": "Feature",
      "geometry": null,
      "properties": {
        "id": "media_89558221c94efd84",
        "date": "2026-09-22",
        "title": "Poste de Guiré : Les FAMa repoussent vigoureusement une attaque terroriste",
        "location": "Mali — lieu à confirmer",
        "region": "Mali",
        "country": "Mali",
        "layer": "event",
        "layer_label": "Signal médiatique",
        "category": "sécurité",
        "actor": "FAMa / État malien",
        "status": "Signal médiatique — vérification requise",
        "confidence": "faible",
        "precision": "non géolocalisé",
        "summary": "Poste de Guiré : Les FAMa repoussent vigoureusement une attaque terroriste Maliweb",
        "source": "Maliweb",
        "source_url": "https://news.google.com/rss/articles/CBMitgFBVV95cUxNQmYtWkN6MmtvbDFjWjZhbzhkbDU5aWFvY1NOd2VDbWtMN1FaRUtrbjdhZm9MNE9jUzllTlNNN1ZLU0VPNGFRUlZfNGVBdTc2dDM3a19FemlRTFVEck50RmFzVlpHQWl6TjRKMVlqWXNfejZ2b3lZMzctS01NNnNISnFpNFF4X1UwZGtBblFycHhreExFUnNNd1cyVGl3emN1b202N0dpaDhYeVhJZmZKSHRTWktuUQ?oc=5",
        "source_system": "Google Actualités — Mali",
        "language": "fr",
        "as_of": "2026-09-22"
      }
    },
    {
      "type": "Feature",
      "geometry": null,
      "properties": {
        "id": "media_a905a84ba7609aa9",
        "date": "2026-09-22",
        "title": "Nord du Mali : Les FAMa neutralisent plusieurs",
        "location": "Mali — lieu à confirmer",
        "region": "Mali",
        "country": "Mali",
        "layer": "event",
        "layer_label": "Signal médiatique",
        "category": "autre",
        "actor": "FAMa / État malien",
        "status": "Signal médiatique — vérification requise",
        "confidence": "faible",
        "precision": "non géolocalisé",
        "summary": "Nord du Mali : Les FAMa neutralisent plusieurs Maliweb",
        "source": "Maliweb",
        "source_url": "https://news.google.com/rss/articles/CBMikAFBVV95cUxOdzVCZ2ZlczJrajg4ck80V213c3BjRm5EVGRSOUNfMW8wY2doRDBKTkRTeEk3T1p5b25yd1Q2MTkwQUc5bThYRmlZLWNHTkJvZHF1TU4zUVQxbms0SURkWjVMS3dNaUp5aVVfT2VqTzNxRHliTUF4RTcwbHpXUFE3QkRtN0hxWE5ZMWEzSUxtTHU?oc=5",
        "source_system": "Google Actualités — Mali",
        "language": "fr",
        "as_of": "2026-09-22"
      }
    },
    {
      "type": "Feature",
      "geometry": {
        "type": "Point",
        "coordinates": [
          2.11,
          13.514
        ]
      },
      "properties": {
        "id": "media_0d2b0556b635df0d",
        "date": "2026-09-22",
        "title": "Niger – Algérie : Le ministre Mohamed Arkab à Niamey pour accélérer le Gazoduc Transsaharien et les projets Sonatrach",
        "location": "Niamey",
        "region": "Niamey",
        "country": "Niger",
        "layer": "event",
        "layer_label": "Signal médiatique",
        "category": "autre",
        "actor": "À vérifier",
        "status": "Signal médiatique — vérification requise",
        "confidence": "faible",
        "precision": "centre de localité approximatif",
        "summary": "Niger – Algérie : Le ministre Mohamed Arkab à Niamey pour accélérer le Gazoduc Transsaharien et les projets Sonatrach 24heureinfo.com",
        "source": "24heureinfo.com",
        "source_url": "https://news.google.com/rss/articles/CBMi3wFBVV95cUxQTVpXUWkzWGV5bVBuc00wR1BFNk9IRWsxVWQxa0tldEJIbEoxUjZlbm5RdzNfeWN3TC1IV05BRThlUzF0VVl5QmZIV2FoX0NYX2hEUFpITDhrTmoxMU9Dd04zOHNhRHJyMmh0MjZLblhNMGswVkhwZ2lQXzNLUGJWSUdFNFg5NVhieTIxd180MW9iTGZyRmNnQ3pia19ILVNOazBpcTZEenlPT2dLMDlYR3hUQ1ZLR3MzTDhkZU5TLTA1OWxJTnFJZW1GcnoxWFpmYjZySll4TS1kTWFNbzk0?oc=5",
        "source_system": "Google Actualités — Niger",
        "language": "fr",
        "as_of": "2026-09-22"
      }
    },
    {
      "type": "Feature",
      "geometry": null,
      "properties": {
        "id": "media_ecb173248b19cb5b",
        "date": "2026-09-22",
        "title": "Niger Mise à jour sur la sécurité alimentaire Août 2026 - Janvier 2027 : Les inondations aggravent les impacts du conflit sur la sécurité alimentaire",
        "location": "Niger — lieu à confirmer",
        "region": "Niger",
        "country": "Niger",
        "layer": "event",
        "layer_label": "Signal médiatique",
        "category": "sécurité",
        "actor": "À vérifier",
        "status": "Signal médiatique — vérification requise",
        "confidence": "faible",
        "precision": "non géolocalisé",
        "summary": "Niger Mise à jour sur la sécurité alimentaire Août 2026 - Janvier 2027 : Les inondations aggravent les impacts du conflit sur la sécurité alimentaire ReliefWeb",
        "source": "ReliefWeb",
        "source_url": "https://news.google.com/rss/articles/CBMiigJBVV95cUxOTnVzM1pxdThmcG9QdUVXRkliVEtwRjYxSlRRSFQ0Rl8wSVJ1VU56b1ZNTF92SEZFVWJ4dVVLcWY0aUhzYmxxMmtQcklfODloM3Z5ZTNuUzh3QnFidENTNFJOV3FhVzVTeWxwc2FfU2JDOGgxV1FHRXhqSW1BRGJnWXVVREpIcHFXa1dGVXpNMTlDX2NuXzFpdzNyVERicTJ2VGtja3NVOTVpbDFTVEZodnRMSmRiSXlCbzRJUUpCcnRJbUVnSTJKc0RBaXQ4MUhjOTdocXRRT1RYSjdCRDZCOHlNUVV2VDZ5MzZPanJmbERaVmE3RGk0Ql8xSnd3NlZWOXpIX3lfZjlzQQ?oc=5",
        "source_system": "Google Actualités — Niger",
        "language": "fr",
        "as_of": "2026-09-22"
      }
    },
    {
      "type": "Feature",
      "geometry": {
        "type": "Point",
        "coordinates": [
          2.11,
          13.514
        ]
      },
      "properties": {
        "id": "media_f24531f2c4d2fc9d",
        "date": "2026-09-22",
        "title": "Niger - Algérie : le ministre algérien Mohamed Arkab à Niamey pour renforcer la coopération énergétique",
        "location": "Niamey",
        "region": "Niamey",
        "country": "Niger",
        "layer": "event",
        "layer_label": "Signal médiatique",
        "category": "autre",
        "actor": "À vérifier",
        "status": "Signal médiatique — vérification requise",
        "confidence": "faible",
        "precision": "centre de localité approximatif",
        "summary": "Niger - Algérie : le ministre algérien Mohamed Arkab à Niamey pour renforcer la coopération énergétique Nigerdiaspora",
        "source": "Nigerdiaspora",
        "source_url": "https://news.google.com/rss/articles/CBMi0gFBVV95cUxNYTNZc01vYjdRM1laQ01najV4T3FqcUI0QzZZbUdjM0VFUFJlQ0hjTHRMbk1hemR0OHFyV1A1WkwzbE1jOEhHUUhUc1k1SmRXY0s3c21FempGbkJub2N4R2xnQ3I4Z21FY01fWm1OdkJramdUZWFNbmVYYzVhdXlTcjlPYmtxenZobVFqcGdBdDY2eEEwS05XSUliVmRUd2E2ekpKanNKRkFkSmpWYnE2ZC1yVGszRE5uSlk0X0lMc2wtSGRMbmVpWXZ5RkpRNlczR3c?oc=5",
        "source_system": "Google Actualités — Niger",
        "language": "fr",
        "as_of": "2026-09-22"
      }
    },
    {
      "type": "Feature",
      "geometry": {
        "type": "Point",
        "coordinates": [
          2.11,
          13.514
        ]
      },
      "properties": {
        "id": "media_0fc7e213c00e2fdf",
        "date": "2026-09-22",
        "title": "Niamey et Alger renforcent la coopération dans les hydrocarbures",
        "location": "Niamey",
        "region": "Niamey",
        "country": "Niger",
        "layer": "event",
        "layer_label": "Signal médiatique",
        "category": "autre",
        "actor": "À vérifier",
        "status": "Signal médiatique — vérification requise",
        "confidence": "faible",
        "precision": "centre de localité approximatif",
        "summary": "Niamey et Alger renforcent la coopération dans les hydrocarbures APAnews - Agence de Presse Africaine",
        "source": "APAnews - Agence de Presse Africaine",
        "source_url": "https://news.google.com/rss/articles/CBMimwFBVV95cUxPWXdxWnhhakpnUkxBY1hsY2J0bmpBV29pVHVBVVY2X1Zjd2Y4TXlUVjVQRVZIWEVQQkdQNVZNb2JyTU1zNlJrOURZVjZFenB4akhjYzY1a1A2LXhkdWd2dEdYdndiSTJBOTdUd2ZYZ0xybW1pZmdNaWt1WlljOXZOajl1V2NyX0VmdW5jOTZmM1dqMENaQWVkNWhPaw?oc=5",
        "source_system": "Google Actualités — Niger",
        "language": "fr",
        "as_of": "2026-09-22"
      }
    },
    {
      "type": "Feature",
      "geometry": {
        "type": "Point",
        "coordinates": [
          12.611,
          13.315
        ]
      },
      "properties": {
        "id": "media_6b13f93902b48a29",
        "date": "2026-09-22",
        "title": "Météo à Zoumbouloumaram, Diffa heure par heure",
        "location": "Diffa",
        "region": "Diffa",
        "country": "Niger",
        "layer": "event",
        "layer_label": "Signal médiatique",
        "category": "autre",
        "actor": "À vérifier",
        "status": "Signal médiatique — vérification requise",
        "confidence": "faible",
        "precision": "centre de localité approximatif",
        "summary": "Météo à Zoumbouloumaram, Diffa heure par heure SpaceRef",
        "source": "SpaceRef",
        "source_url": "https://news.google.com/rss/articles/CBMiYkFVX3lxTE15RmFtZUVxTnRVWVRCUzhJMXdmV3d4SHoxbVRVYTg3RHMtV2FBcDRpUXlnYXVTVFppNGhHOXpJZlZ6SmhVQ01RTE94eEFwZUZaTTBOd1JyQTFuU2NiTEtxX1Fn?oc=5",
        "source_system": "Google Actualités — Niger",
        "language": "fr",
        "as_of": "2026-09-22"
      }
    },
    {
      "type": "Feature",
      "geometry": null,
      "properties": {
        "id": "media_b0ebf4e486e822cc",
        "date": "2026-09-22",
        "title": "Montée en puissance des FAMa : La satisfaction du COREMA",
        "location": "Mali — lieu à confirmer",
        "region": "Mali",
        "country": "Mali",
        "layer": "event",
        "layer_label": "Signal médiatique",
        "category": "autre",
        "actor": "FAMa / État malien",
        "status": "Signal médiatique — vérification requise",
        "confidence": "faible",
        "precision": "non géolocalisé",
        "summary": "Montée en puissance des FAMa : La satisfaction du COREMA Maliweb",
        "source": "Maliweb",
        "source_url": "https://news.google.com/rss/articles/CBMingFBVV95cUxNaktyUGlCVHFITUExZ3doaXRXVFNMamw4NkthZHduNHJyeV9VZ21EVUZBbF9oSzVwT0x2Nk9leFdQSVJXU3ROWEJ5NU5ZdDJUNGk4YVdvUmN0UktYOERnQ1dLdmhUQUpxSVl5d2xSN25uWGFiRFJOeUFNNFF0XzNNV2Q4aFQ3LXJhbnBHS1RqMmFZMWhLYUkxcU1CUF9ZUQ?oc=5",
        "source_system": "Google Actualités — Mali",
        "language": "fr",
        "as_of": "2026-09-22"
      }
    },
    {
      "type": "Feature",
      "geometry": null,
      "properties": {
        "id": "media_395152ebd640bdad",
        "date": "2026-09-22",
        "title": "Molodo : Les FAMa déjouent une attaque complexe à deux véhicules piégés",
        "location": "Mali — lieu à confirmer",
        "region": "Mali",
        "country": "Mali",
        "layer": "event",
        "layer_label": "Signal médiatique",
        "category": "sécurité",
        "actor": "FAMa / État malien",
        "status": "Signal médiatique — vérification requise",
        "confidence": "faible",
        "precision": "non géolocalisé",
        "summary": "Molodo : Les FAMa déjouent une attaque complexe à deux véhicules piégés maliweb",
        "source": "maliweb",
        "source_url": "https://news.google.com/rss/articles/CBMisgFBVV95cUxOUlpGTjBSYnBBYkhHM3dwRkVhLUtKeW9acjdQTTByV04wTmRpTS11X0lNWTR1ODhjYU5jY1Z6WGVKYmZQZUZETnFCdVpla1daRDh4NzRDenFqUlI1RlhidVZoTkN5MEhLMmVRdGc4V2pBQ19hMkVYa3RKWGJoWjZBdVhkaERqSmxGM0NnODdrYUhzcmdoeVF6UmFETWVtUVdUdTRLZmdLOTVTbzh4ZENlQWhn?oc=5",
        "source_system": "Google Actualités — Mali",
        "language": "fr",
        "as_of": "2026-09-22"
      }
    },
    {
      "type": "Feature",
      "geometry": null,
      "properties": {
        "id": "media_74559548797113df",
        "date": "2026-09-22",
        "title": "Mayaƙan JNIM sun kashe sojojin Mali sama da 100 a cikin wannan wata-Majiyoyi",
        "location": "Mali — lieu à confirmer",
        "region": "Mali",
        "country": "Mali",
        "layer": "event",
        "layer_label": "Signal médiatique",
        "category": "autre",
        "actor": "JNIM / GSIM",
        "status": "Signal médiatique — vérification requise",
        "confidence": "faible",
        "precision": "non géolocalisé",
        "summary": "Mayaƙan JNIM sun kashe sojojin Mali sama da 100 a cikin wannan wata-Majiyoyi RFI",
        "source": "RFI",
        "source_url": "https://news.google.com/rss/articles/CBMiuwFBVV95cUxPWTYwdEgwQkhnMGtBdTZncjlPOWZkMFlSUzBLS0d5SVFyNU55Q3BfWm81bzIycXNTcVBReUJnUkhGWDUwaGVTdXRWdDdQY2M2Vm8wRlhmU1cwSlRIUHNCMW41VXA0azJMU2FkQ0U5VUtpcS1XdmRoUU5DcW1Qa0RnckV6MDEySWVtUzBNeWt4Y0ZYdTJ0YXlyTFRuWEFBWHhhN0x6a29ybW5ZUXNNWHRpU0hmZHNvQTdZRC13?oc=5",
        "source_system": "Google Actualités — Mali",
        "language": "fr",
        "as_of": "2026-09-22"
      }
    },
    {
      "type": "Feature",
      "geometry": null,
      "properties": {
        "id": "media_18a1a393104d5fe3",
        "date": "2026-09-22",
        "title": "Mauritanie : la République qui ferme les yeux sur sa propre violence . Pr ELY Mustapha",
        "location": "Mauritanie — lieu à confirmer",
        "region": "Mauritanie",
        "country": "Mauritanie",
        "layer": "event",
        "layer_label": "Signal médiatique",
        "category": "sécurité",
        "actor": "À vérifier",
        "status": "Signal médiatique — vérification requise",
        "confidence": "faible",
        "precision": "non géolocalisé",
        "summary": "Mauritanie : la République qui ferme les yeux sur sa propre violence . Pr ELY Mustapha",
        "source": "cridem.org",
        "source_url": "http://www.cridem.org/C_Info.php?article=796634",
        "source_system": "GDELT DOC 2.0",
        "language": "French",
        "as_of": "2026-09-22"
      }
    },
    {
      "type": "Feature",
      "geometry": {
        "type": "Point",
        "coordinates": [
          -17.038,
          20.942
        ]
      },
      "properties": {
        "id": "media_5d390f89e1391d21",
        "date": "2026-09-22",
        "title": "Maroc-Mauritanie : accord pour réhabiliter l’axe Nouakchott-Nouadhibou sur 480 km",
        "location": "Nouadhibou",
        "region": "Dakhlet Nouadhibou",
        "country": "Mauritanie",
        "layer": "event",
        "layer_label": "Signal médiatique",
        "category": "autre",
        "actor": "À vérifier",
        "status": "Signal médiatique — vérification requise",
        "confidence": "faible",
        "precision": "centre de localité approximatif",
        "summary": "Maroc-Mauritanie : accord pour réhabiliter l’axe Nouakchott-Nouadhibou sur 480 km infomediaire.net",
        "source": "infomediaire.net",
        "source_url": "https://news.google.com/rss/articles/CBMikwFBVV95cUxQQVVrQXFhQzJqODRDVmoyS1hYWWJDdDdzcFJRWHVRRkNTeGxrUmp0ak1hdUFzSFBJa3pobGxHU2twSUNvandWaUFJZmhDSE9UOHIzNGRDQTdXRnJiWEpic0NDb1k5LVBoY3RZT0JVVnpGTV9qanVBVHNCMWtnTFJJTjR5Y05yYU9qRlY3eVNMczdTaTA?oc=5",
        "source_system": "Google Actualités — Mauritanie",
        "language": "fr",
        "as_of": "2026-09-22"
      }
    },
    {
      "type": "Feature",
      "geometry": {
        "type": "Point",
        "coordinates": [
          -17.038,
          20.942
        ]
      },
      "properties": {
        "id": "media_d09a17ee95bc80cf",
        "date": "2026-09-22",
        "title": "Maroc-Mauritanie : 480 km à élargir entre Nouakchott et Nouadhibou pour renforcer la connectivité terrestre",
        "location": "Nouadhibou",
        "region": "Dakhlet Nouadhibou",
        "country": "Mauritanie",
        "layer": "event",
        "layer_label": "Signal médiatique",
        "category": "autre",
        "actor": "À vérifier",
        "status": "Signal médiatique — vérification requise",
        "confidence": "faible",
        "precision": "centre de localité approximatif",
        "summary": "Maroc-Mauritanie : 480 km à élargir entre Nouakchott et Nouadhibou pour renforcer la connectivité terrestre Le Matin.ma",
        "source": "Le Matin.ma",
        "source_url": "https://news.google.com/rss/articles/CBMiqgFBVV95cUxQczRXeHVfYUtCX0V5ZU56cm1XMGljbzNYMmFGVEdWdmEtN2pMMG9Yb3NDNGcyTDFmTElpTG81T3dOZTYxWGlvLUdINFl6dVRsa3UybmdwZkVKV1JZR3dybXVDdFVPd0tlbXhiZG9CaENycmhZQmpCMll5M09PV3pSTF9JbVJLd1Z4UlZLaFB5YnUzNncySHRROG9LeFZXX2V3cHdkaERnRjFDZ9IBrwFBVV95cUxQdlpCQS1JMjIyY1pCRWZOYS1vUnMzbW9XVlZ5TnZkQjhwV09DY0pES0NUcUFFazZ0Y2NYQzJuSjhpYnlYVDIteDh0U0pyRWNwcGdSSlVlQ2dwMVNmUFIycGVWcHc4N2NrY3pUQ2pieXVFeWxXclM1ZGYtV3B1ZVhXczJia3Y2dE1rR0R0NndDSWRBeklGTnZseWVDRzBQY05KUkVhUC14TkRISjRLOEk4?oc=5",
        "source_system": "Google Actualités — Mauritanie",
        "language": "fr",
        "as_of": "2026-09-22"
      }
    },
    {
      "type": "Feature",
      "geometry": null,
      "properties": {
        "id": "media_7a1d711e178ab956",
        "date": "2026-09-22",
        "title": "Mali : plus de 100 soldats tués à Dioura, l’armée ne chiffre pas ses pertes",
        "location": "Mali — lieu à confirmer",
        "region": "Mali",
        "country": "Mali",
        "layer": "event",
        "layer_label": "Signal médiatique",
        "category": "sécurité",
        "actor": "À vérifier",
        "status": "Signal médiatique — vérification requise",
        "confidence": "faible",
        "precision": "non géolocalisé",
        "summary": "Mali : plus de 100 soldats tués à Dioura, l’armée ne chiffre pas ses pertes Benin Web TV",
        "source": "Benin Web TV",
        "source_url": "https://news.google.com/rss/articles/CBMimgFBVV95cUxNQVQ5LTN6U3ZYNDk2ODNJeFFySjN4Ml9fUlZaTV85MGZ5a2d2ZFJnOUtvVGxPdXZEeU14ZkV0Zk55R3B0aGNvQ0VwY2VXWFNiMG1YTFFDT1NHa2hIcTdaOUdQbUdZYUZIVmY2Z3JLUWQxS3liNVBJWHRlb0xYTEFvX3BvbEd6QnZKcGFmMXdHc09CVVVfeGRyWDRR?oc=5",
        "source_system": "Google Actualités — Mali",
        "language": "fr",
        "as_of": "2026-09-22"
      }
    },
    {
      "type": "Feature",
      "geometry": null,
      "properties": {
        "id": "media_2f83ed4b3707ac57",
        "date": "2026-09-22",
        "title": "Mali : plus de 100 soldats auraient été tués dans l’attaque de Dioura",
        "location": "Mali — lieu à confirmer",
        "region": "Mali",
        "country": "Mali",
        "layer": "event",
        "layer_label": "Signal médiatique",
        "category": "sécurité",
        "actor": "À vérifier",
        "status": "Signal médiatique — vérification requise",
        "confidence": "faible",
        "precision": "non géolocalisé",
        "summary": "Mali : plus de 100 soldats auraient été tués dans l’attaque de Dioura Le bled parle",
        "source": "Le bled parle",
        "source_url": "https://news.google.com/rss/articles/CBMimwFBVV95cUxQcFZTd3VuTFVQLU1abUU1WXRZNDhqSC1aRTNyX3lGeUxaN0hmYThZQ1ZiY21RNk9TUWxMbHZXVVZ6ZnBEcFpCNms3eFd6TUo5bXgzTFI4SXpBR1JVeldITUNRb2FYYWdlMFctSjNLZWdMblVpSldtd1d0SGwzS0xyS3RxdFotbGlXSzdteGJrcGNveFRtUVk3aURKMA?oc=5",
        "source_system": "Google Actualités — Mali",
        "language": "fr",
        "as_of": "2026-09-22"
      }
    },
    {
      "type": "Feature",
      "geometry": null,
      "properties": {
        "id": "media_7512299840349b04",
        "date": "2026-09-22",
        "title": "Mali : Assimi Goïta réaffirme la détermination des FAMa à renforcer la lutte contre le terrorisme",
        "location": "Mali — lieu à confirmer",
        "region": "Mali",
        "country": "Mali",
        "layer": "event",
        "layer_label": "Signal médiatique",
        "category": "sécurité",
        "actor": "FAMa / État malien",
        "status": "Signal médiatique — vérification requise",
        "confidence": "faible",
        "precision": "non géolocalisé",
        "summary": "Mali : Assimi Goïta réaffirme la détermination des FAMa à renforcer la lutte contre le terrorisme Maliweb",
        "source": "Maliweb",
        "source_url": "https://news.google.com/rss/articles/CBMi1AFBVV95cUxQTzEzMkkxODEzZ3kwb2Q0OXljNzVjMEJPLThNUmZXSXR1U2dDM29IS2p1OVVMSlY1WFJORkhsbFpWYlFqeWlCZmNCSjJ5dHhGM2p4Y2NncjhGMU12bDdOMHR5OG5teDV6cFhSYlhxUTM4bHN6cWZickNxaWlIbklnOFd6bVV4ZDNNTmRlV2RwSldwZ1BmV3NjVmhPU2QyTm15VF8yTkhoQVkyYXR5Q21xMFBWaWFHbUVHZ3RsbThnSkVFWDFlRXVtM1NuUWNRenN1bDlsNw?oc=5",
        "source_system": "Google Actualités — Mali",
        "language": "fr",
        "as_of": "2026-09-22"
      }
    },
    {
      "type": "Feature",
      "geometry": null,
      "properties": {
        "id": "media_219a3e4aeae35ef2",
        "date": "2026-09-22",
        "title": "Mali : 150 morts après plusieurs attaques du JNIM",
        "location": "Mali — lieu à confirmer",
        "region": "Mali",
        "country": "Mali",
        "layer": "event",
        "layer_label": "Signal médiatique",
        "category": "sécurité",
        "actor": "JNIM / GSIM",
        "status": "Signal médiatique — vérification requise",
        "confidence": "faible",
        "precision": "non géolocalisé",
        "summary": "Mali : 150 morts après plusieurs attaques du JNIM Boursorama",
        "source": "Boursorama",
        "source_url": "https://news.google.com/rss/articles/CBMiwwFBVV95cUxOc09vSGpGVVRJOGtVa0JxVzhJbTM3dGV2WWlRWXVsYndIVE1CMUZwcU01ZmRrcFY3bmlVSWJXeDZlcDZHY1dwQXZqQWg2YWcxU0VoMW5lY19sMEtTb0VsajRwRWM4M0xSeEowM3p3NU9xb3JhZkNGQkV3SUNCRVZIUWpZXzlQZVV4aDNuMXdTazZHRHRCajh0d2c4d09udzNfTHliT1hEQWlYaDFlVVBjMVBZRHFRZmJVS0xRY1l5elowUUXSAcgBQVVfeXFMT0ZGa2xaUWNxOEhjbUZjaDlfRUlFNkpHTkMtcnpvYWExUVlONnpTTF9VNlZKX21RcF9EQ3BlSWNMSXBCVmQxY1Z4cWNhX0RtSHhaNkhZLWJKbVZGV2h2Tk9nS05mc2hVd2tsQXBORVVCN2ExX1dQRVVMcFhrZDdfZjdFaERCenpiTDhXSGxEb3MzalVONlN4NzFOWnZkVll1WHlDUWRtWkZIcEN0bXJ5RTRoQ1JUVDN1dXpGel8wc1BUdm91N1ZzX2g?oc=5",
        "source_system": "Google Actualités — Mali",
        "language": "fr",
        "as_of": "2026-09-22"
      }
    },
    {
      "type": "Feature",
      "geometry": {
        "type": "Point",
        "coordinates": [
          2.11,
          13.514
        ]
      },
      "properties": {
        "id": "media_6adeadef31394764",
        "date": "2026-09-22",
        "title": "MAE algérien : ferme condamnation des événements survenus à Niamey et soutien au Niger",
        "location": "Niamey",
        "region": "Niamey",
        "country": "Niger",
        "layer": "event",
        "layer_label": "Signal médiatique",
        "category": "autre",
        "actor": "À vérifier",
        "status": "Signal médiatique — vérification requise",
        "confidence": "faible",
        "precision": "centre de localité approximatif",
        "summary": "MAE algérien : ferme condamnation des événements survenus à Niamey et soutien au Niger AL24 News",
        "source": "AL24 News",
        "source_url": "https://news.google.com/rss/articles/CBMirAFBVV95cUxOVU9vOXV1bjdRUm96cUFvZlFqY3RpM3Q1MGRhQXpNck5uR29aeWgzdjBDSFB4SDYxVkNiOG9aLVRnamx2S1A5UXlaTFEtM1N6ZmY4NHVkVU8zaTlHUzUtWTVXSmQyNl95RjJtYlZBbTN4Q1czUzl3Ty1Fd3JBX09jdzl6Y3J4Q1RJcldPaURSMkdlUkx6a25nbUJJckstTzhybWo3UFVPRGVTR3dj?oc=5",
        "source_system": "Google Actualités — Niger",
        "language": "fr",
        "as_of": "2026-09-22"
      }
    },
    {
      "type": "Feature",
      "geometry": {
        "type": "Point",
        "coordinates": [
          2.11,
          13.514
        ]
      },
      "properties": {
        "id": "media_ba73f8c2078ed005",
        "date": "2026-09-22",
        "title": "M. Arkab reçu à Niamey par le président de la République du Niger",
        "location": "Niamey",
        "region": "Niamey",
        "country": "Niger",
        "layer": "event",
        "layer_label": "Signal médiatique",
        "category": "autre",
        "actor": "À vérifier",
        "status": "Signal médiatique — vérification requise",
        "confidence": "faible",
        "precision": "centre de localité approximatif",
        "summary": "M. Arkab reçu à Niamey par le président de la République du Niger الإذاعة الجزائرية |",
        "source": "الإذاعة الجزائرية |",
        "source_url": "https://news.google.com/rss/articles/CBMiU0FVX3lxTE9IN0xfbEFmeGwzaFowbUhtdDB6ZFZVdFFjUGhZT1Y3RmlCb1ZFa3JBSjlNT014UFFEZUh4U1BXVThnd0NhSnZFakxjSWtzYWhkYURJ?oc=5",
        "source_system": "Google Actualités — Niger",
        "language": "fr",
        "as_of": "2026-09-22"
      }
    },
    {
      "type": "Feature",
      "geometry": null,
      "properties": {
        "id": "media_254da6aca2b8a0b4",
        "date": "2026-09-22",
        "title": "Lutte antiterroriste : nouvelles frappes ciblées des FAMa à Sévaré, Dioura et Tessalit",
        "location": "Mali — lieu à confirmer",
        "region": "Mali",
        "country": "Mali",
        "layer": "event",
        "layer_label": "Signal médiatique",
        "category": "autre",
        "actor": "FAMa / État malien",
        "status": "Signal médiatique — vérification requise",
        "confidence": "faible",
        "precision": "non géolocalisé",
        "summary": "Dans le cadre de l'opération Dougoukoloko, les Forces armées maliennes (FAMa) ont multiplié les frappes ciblées ces derniers jours. Visant des caches logistiques et des éléments terroristes, ces actions illustrent la pression continue exercée sur les groupes armés à travers le pays.",
        "source": "Malijet",
        "source_url": "https://malijet.com/actualte_dans_les_regions_du_mali/311972-lutte-antiterroriste-nouvelles-frappes-ciblees-des-fama-a.html",
        "source_system": "Malijet",
        "language": "fr",
        "as_of": "2026-09-22"
      }
    },
    {
      "type": "Feature",
      "geometry": null,
      "properties": {
        "id": "media_1ffbf3278d9564e2",
        "date": "2026-09-22",
        "title": "Le rendez-vous Afrique - Mali : plus de 150 morts après plusieurs attaques du Jnim",
        "location": "Mali — lieu à confirmer",
        "region": "Mali",
        "country": "Mali",
        "layer": "event",
        "layer_label": "Signal médiatique",
        "category": "sécurité",
        "actor": "JNIM / GSIM",
        "status": "Signal médiatique — vérification requise",
        "confidence": "faible",
        "precision": "non géolocalisé",
        "summary": "Le rendez-vous Afrique - Mali : plus de 150 morts après plusieurs attaques du Jnim France 24",
        "source": "France 24",
        "source_url": "https://news.google.com/rss/articles/CBMixgFBVV95cUxNNVN0NlJOMzFQUEpqM3NQcTRMZGNjcWF0OVpKQ1ppQjFhUTFrNTdIak5HSFI5THBnN0ItV3k2MTdyUDVkbjhUU1lwYm0zSTVtdk01Q08tSFIyS08zQzAwSTRFaGprN0RLdzYtYlpCUnZxVlNocWtwek5tWmQzUXJQbWpfWEdaQTVNTWtZWGZMTndJNGRiWGpBeDhwQkdUeUVpc04yMnladWUtem5zQnNmb2xFZERZYWthbHNCRXBQbzdxNUFCc2c?oc=5",
        "source_system": "Google Actualités — Mali",
        "language": "fr",
        "as_of": "2026-09-22"
      }
    },
    {
      "type": "Feature",
      "geometry": {
        "type": "Point",
        "coordinates": [
          -17.038,
          20.942
        ]
      },
      "properties": {
        "id": "media_b5e34341a3809b61",
        "date": "2026-09-22",
        "title": "Le Maroc et la Mauritanie signent à Rabat une convention-cadre pour réhabiliter et élargir les 480 kilomètres de la route nationale n° 4 entre Nouakchott et Nouadhibou",
        "location": "Nouadhibou",
        "region": "Dakhlet Nouadhibou",
        "country": "Mauritanie",
        "layer": "event",
        "layer_label": "Signal médiatique",
        "category": "autre",
        "actor": "À vérifier",
        "status": "Signal médiatique — vérification requise",
        "confidence": "faible",
        "precision": "centre de localité approximatif",
        "summary": "Le Maroc et la Mauritanie signent à Rabat une convention-cadre pour réhabiliter et élargir les 480 kilomètres de la route nationale n° 4 entre Nouakchott et Nouadhibou برلمان.كوم",
        "source": "برلمان.كوم",
        "source_url": "https://news.google.com/rss/articles/CBMinAJBVV95cUxQSmhUaVl0SHZrT2o0cWoydlkyVjduMTl2eUJwTGdNNzdFLWw2c3FEXzFUUUkyUWdIWUpxd2VXdG9zQ3h6MGRTa0ROcTNyN3pIcXJZSzJDS0ZoXzZrQURrS3ZiTTkzT05wS0NwbTNKSTdaNDhGZC1VZVFkSlJMeTUxRS0zRi1DM2hCdEFyenVJVWtQcFVzSkZ3M1Jld0psSDh1dVlpd0JSS3dsZ3BuUG5uWVEwTzBBR1FodlBxWVM4a0JWYjdhVkdCcklUeUEzTWxpZHdDamFDcHhSV1BMck1xYWdRU0Z1QlJOd0lNSkw4OXdTSWVia1dXTnA2Ry1weEl2aFA5VlUwelZfd18ydmxBY0hZR053QTdYczBWbw?oc=5",
        "source_system": "Google Actualités — Mauritanie",
        "language": "fr",
        "as_of": "2026-09-22"
      }
    },
    {
      "type": "Feature",
      "geometry": {
        "type": "Point",
        "coordinates": [
          2.11,
          13.514
        ]
      },
      "properties": {
        "id": "media_092654753759114c",
        "date": "2026-09-22",
        "title": "La concrétisation du tronçon nigérien du TSGP au centre d'une rencontre à Niamey entre M. Arkab et le Premier ministre du Niger",
        "location": "Niamey",
        "region": "Niamey",
        "country": "Niger",
        "layer": "event",
        "layer_label": "Signal médiatique",
        "category": "autre",
        "actor": "À vérifier",
        "status": "Signal médiatique — vérification requise",
        "confidence": "faible",
        "precision": "centre de localité approximatif",
        "summary": "La concrétisation du tronçon nigérien du TSGP au centre d'une rencontre à Niamey entre M. Arkab et le Premier ministre du Niger aps.dz",
        "source": "aps.dz",
        "source_url": "https://news.google.com/rss/articles/CBMinAJBVV95cUxQZGM0ZGZuZFZrVVQybEZiM0VyeVp5Q2hqVVhQV2hQYVVGelhhVHFPd04yOUYwS09iN25hVFpjTXJ3S3RfVXJtV3BfanU4VXJlWFVBSVF6dUp0Y0tpRkJCeENEU05weU5PQ3VtT0VTNmFnNXZGS2p6a2w4dEJ2REZ5VU0wblF5a0FBQUV2eFdlei01UGRSbzJ1LS04WGRlV3RnNWpQcko2Q1FldURjdFJJVnpvaGhiYmhkYXlZM2JiY1Y1cFdNVGVMLS1reXRCcU5OcmtXRkZzWVZEM0doN1hpQ3BJTkU0V1lpS1c5MDRRS25YZkFUeXFFR0ZZLVRzclc1elpaeXNNMWpJT1RMVXNsVV9MTWI3Y2czUzJWaA?oc=5",
        "source_system": "Google Actualités — Niger",
        "language": "fr",
        "as_of": "2026-09-22"
      }
    },
    {
      "type": "Feature",
      "geometry": {
        "type": "Point",
        "coordinates": [
          -17.038,
          20.942
        ]
      },
      "properties": {
        "id": "media_8d74ce7c2b169b42",
        "date": "2026-09-22",
        "title": "La Mauritanie et le Maroc signent un accord-cadre pour la réhabilitation et l’élargissement de la route Nouakchott-Nouadhibou",
        "location": "Nouadhibou",
        "region": "Dakhlet Nouadhibou",
        "country": "Mauritanie",
        "layer": "event",
        "layer_label": "Signal médiatique",
        "category": "autre",
        "actor": "À vérifier",
        "status": "Signal médiatique — vérification requise",
        "confidence": "faible",
        "precision": "centre de localité approximatif",
        "summary": "La Mauritanie et le Maroc signent un accord-cadre pour la réhabilitation et l’élargissement de la route Nouakchott-Nouadhibou الوكالة الموريتانية للأنباء",
        "source": "الوكالة الموريتانية للأنباء",
        "source_url": "https://news.google.com/rss/articles/CBMiSEFVX3lxTE9VdnpDLVZYQ1RUTkp6NUM4Nno5YmxhRXpUQWlfR3ZaSkNyU053R0c5NjZsWUV4aUxuUXo5eHphVGVreHcyYktMQg?oc=5",
        "source_system": "Google Actualités — Mauritanie",
        "language": "fr",
        "as_of": "2026-09-22"
      }
    },
    {
      "type": "Feature",
      "geometry": {
        "type": "Point",
        "coordinates": [
          -15.979,
          18.086
        ]
      },
      "properties": {
        "id": "media_3950a76c51925b95",
        "date": "2026-09-22",
        "title": "Infrastructures Maghreb-Afrique : Rabat et Nouakchott renforcent leur corridor économique stratégique",
        "location": "Nouakchott",
        "region": "Mauritanie",
        "country": "Mauritanie",
        "layer": "event",
        "layer_label": "Signal médiatique",
        "category": "autre",
        "actor": "À vérifier",
        "status": "Signal médiatique — vérification requise",
        "confidence": "faible",
        "precision": "centre de localité approximatif",
        "summary": "Infrastructures Maghreb-Afrique : Rabat et Nouakchott renforcent leur corridor économique stratégique laverite.ma",
        "source": "laverite.ma",
        "source_url": "https://news.google.com/rss/articles/CBMiwgFBVV95cUxQck92QVpSR0VvanlycmxCQkRQRU9SMjNtYlh2X2ZycFNiV0R5TjJXQWV5OU1JRWVKSWFnTlVCUVk0ME5ia2NfemlHeTl1TzhLOGxSckk1LVVnWW5IV3NkRnpodkM4VnJzTDNvaUM0Sk9Wb0NHMjF5LTh2MkVzWGxJcUt4SUlPRC11ZkNSenZhMTZoMTFVZGRkS2NCSXJxUWhXeDlzTjdSVHVGejU5Mmh6RVpzM1RVV0lMWGlBVFRYcVdVUQ?oc=5",
        "source_system": "Google Actualités — Mauritanie",
        "language": "fr",
        "as_of": "2026-09-22"
      }
    },
    {
      "type": "Feature",
      "geometry": null,
      "properties": {
        "id": "media_5be6f783b73d6edc",
        "date": "2026-09-22",
        "title": "Incitation à la violence : Moussa Sinko Coulibaly attendu devant le juge cette semaine",
        "location": "Burkina Faso — lieu à confirmer",
        "region": "Burkina Faso",
        "country": "Burkina Faso",
        "layer": "event",
        "layer_label": "Signal médiatique",
        "category": "sécurité",
        "actor": "À vérifier",
        "status": "Signal médiatique — vérification requise",
        "confidence": "faible",
        "precision": "non géolocalisé",
        "summary": "Incitation à la violence : Moussa Sinko Coulibaly attendu devant le juge cette semaine Maliweb",
        "source": "Maliweb",
        "source_url": "https://news.google.com/rss/articles/CBMi0wFBVV95cUxQcGN6WUVNSVN6UlcxNkVkUS1pSTlDVEd5YlJsQnpkdEdLV3Y3d3lmMFVQVG14dm1SSUh6NU1HbXRrNGxUaXd2NEotTGVXRXNucWk1T0dKbGZlU0xhN0VXd2VTeGluS0xkSXJqSzhTcE5mRHcyZTlJT2hzcXhnWURORy1zdmJQNWdmZ3hNSThIeEZxQ01kOExGeXNYY3liX2RKWi11bVU4VEdmT01mTWp0MTdINmI1NEZvRTVyNTJ2aXhUM3pGNEpjbXphX2FUeHAzMno4?oc=5",
        "source_system": "Google Actualités — Burkina Faso",
        "language": "fr",
        "as_of": "2026-09-22"
      }
    },
    {
      "type": "Feature",
      "geometry": {
        "type": "Point",
        "coordinates": [
          2.11,
          13.514
        ]
      },
      "properties": {
        "id": "media_3def3860a1614f52",
        "date": "2026-09-22",
        "title": "Gazoduc transsaharien : le tronçon nigérien du TSGP au centre des discussions à Niamey",
        "location": "Niamey",
        "region": "Niamey",
        "country": "Niger",
        "layer": "event",
        "layer_label": "Signal médiatique",
        "category": "autre",
        "actor": "À vérifier",
        "status": "Signal médiatique — vérification requise",
        "confidence": "faible",
        "precision": "centre de localité approximatif",
        "summary": "Gazoduc transsaharien : le tronçon nigérien du TSGP au centre des discussions à Niamey Algerie Eco",
        "source": "Algerie Eco",
        "source_url": "https://news.google.com/rss/articles/CBMivAFBVV95cUxQbEplQTNqR2xuLXQ2Zk40VVc1RkJVeVNfWDFZbklaU1UxSUtvMXM4YllBZmNxWHJWUDhhV3lDeUhFWVZ3QmtNMTB0RnVfMVlYYm5keG9RMG10czVpQkQwSUFVV283QVFHZ041Y1lvLWxkZEl0cG84WUJwT0NEVkVkSVdPR1lHdVMzR3ZUS01yOUpGWDRBbmdQOHV4aE1WS3VHVVhXRjdidlpxMWNabWUyZURrS1pISUVxbGhGdg?oc=5",
        "source_system": "Google Actualités — Niger",
        "language": "fr",
        "as_of": "2026-09-22"
      }
    },
    {
      "type": "Feature",
      "geometry": null,
      "properties": {
        "id": "media_adf81243511629ad",
        "date": "2026-09-22",
        "title": "FAUX : Cette vidéo ne montre pas une attaque de rebelles contre des civils au Mali",
        "location": "Mali — lieu à confirmer",
        "region": "Mali",
        "country": "Mali",
        "layer": "event",
        "layer_label": "Signal médiatique",
        "category": "sécurité",
        "actor": "À vérifier",
        "status": "Signal médiatique — vérification requise",
        "confidence": "faible",
        "precision": "non géolocalisé",
        "summary": "FAUX : Cette vidéo ne montre pas une attaque de rebelles contre des civils au Mali PesaCheck",
        "source": "PesaCheck",
        "source_url": "https://news.google.com/rss/articles/CBMipgFBVV95cUxPVl9lc0k0WGo0TUhDdkszZWhSVWQweWRlQmJrOWdyOERlbDAyM3hqTERJeHk4M1VRamluYWxqOG5oTmJaUkhZM1Z5ZGdjMGNyMTZ5V1N3NFZIaGJOUVg1M1prMTZxTkNoNmQxSVlOSmFHbE9uLTBqS0FNMm9YMXl3eHJkTUt5c3pINEZTZUhvTGNnQkRYd0dpUXlOOUF5d3VTSm55OHdn?oc=5",
        "source_system": "Google Actualités — Mali",
        "language": "fr",
        "as_of": "2026-09-22"
      }
    },
    {
      "type": "Feature",
      "geometry": null,
      "properties": {
        "id": "media_e9ab7662d04711f4",
        "date": "2026-09-22",
        "title": "FAMa : Une fin de Septembre et un début d’Octobre d’enfer pour les terroristes",
        "location": "Mali — lieu à confirmer",
        "region": "Mali",
        "country": "Mali",
        "layer": "event",
        "layer_label": "Signal médiatique",
        "category": "autre",
        "actor": "FAMa / État malien",
        "status": "Signal médiatique — vérification requise",
        "confidence": "faible",
        "precision": "non géolocalisé",
        "summary": "FAMa : Une fin de Septembre et un début d’Octobre d’enfer pour les terroristes Maliweb",
        "source": "Maliweb",
        "source_url": "https://news.google.com/rss/articles/CBMiuAFBVV95cUxNMHFJR21IeEFnbThtdHh5ZE1YQmJabm8tbmduakdSRmduMGVUbHR6b3EwcXVPRkJvbUJaRUhranc0bmJnb1cwelFqXzktZVBTTDVOXzBCRGQ0ZHhxY1RPNkl0RU5iR3ZzNGRPUTFQWHY2VWZLM2lqRTJSWlhuMlJtRDJxSG9iOE5La1gwN2hOXzM0enpPcEtWX29MSk8xTlRMbjctdDlNaGZPcXE2NFJuZW9aekhvWXFU?oc=5",
        "source_system": "Google Actualités — Mali",
        "language": "fr",
        "as_of": "2026-09-22"
      }
    },
    {
      "type": "Feature",
      "geometry": {
        "type": "Point",
        "coordinates": [
          -4.295,
          11.181
        ]
      },
      "properties": {
        "id": "media_a0e563cc0749b065",
        "date": "2026-09-22",
        "title": "Décès de BADOLO/KANYALA EZOMBOÉ PAULINE : Faire part",
        "location": "Bobo-Dioulasso",
        "region": "Hauts-Bassins",
        "country": "Burkina Faso",
        "layer": "event",
        "layer_label": "Signal médiatique",
        "category": "sécurité",
        "actor": "À vérifier",
        "status": "Signal médiatique — vérification requise",
        "confidence": "moyenne",
        "precision": "centre de localité approximatif",
        "summary": "« J'ai combattu le bon combat, j'ai achevé la course, j'ai gardé la foi » 2Timothée 4:7 La grande famille BADOLO à Kyon, Ouagadougou, Côte d'Ivoire, Les familles alliées BATIONO, BAMBA, KOUAME, BAMA, BAMOUNI à Réo, Zoula, Tialgo, Bobo Dioulasso, Abidjan en Côte d'Ivoire ; BADOLO Nébila à Kyon ; Yikinboula Nandon Dieudonné en Belgique ; Ihanazena E…",
        "source": "LeFaso.net",
        "source_url": "https://lefaso.net/spip.php?article149416=",
        "source_system": "LeFaso.net",
        "language": "fr",
        "as_of": "2026-09-22"
      }
    },
    {
      "type": "Feature",
      "geometry": null,
      "properties": {
        "id": "media_365a91630317f940",
        "date": "2026-09-22",
        "title": "DIRPA : Les FAMa ont été très dynamiques en ce mois d’août - Actualités au Mali en temps réel et info en direct",
        "location": "Mali — lieu à confirmer",
        "region": "Mali",
        "country": "Mali",
        "layer": "event",
        "layer_label": "Signal médiatique",
        "category": "autre",
        "actor": "FAMa / État malien",
        "status": "Signal médiatique — vérification requise",
        "confidence": "faible",
        "precision": "non géolocalisé",
        "summary": "DIRPA : Les FAMa ont été très dynamiques en ce mois d’août - Actualités au Mali en temps réel et info en direct Maliweb",
        "source": "Maliweb",
        "source_url": "https://news.google.com/rss/articles/CBMinwFBVV95cUxNcTZvdjRnQlFLZEl6eGJ5MzdxUTJiT2FCQzhUX0RrUHd4RlJwQ0F2bmUwbl92WVlZWVJFZGpoazRBalVGY0FLZzV3cDczamVKdVF0Q3VoU1dJcmZlWl91MEE3LTZjNTVMdGwyUS1DQlZEQjZlU013dEVYcFVHc1hwcjVSZ3pXNHc1WlpqS0hST08ybkVpYkFaNGhsNzVpeE0?oc=5",
        "source_system": "Google Actualités — Mali",
        "language": "fr",
        "as_of": "2026-09-22"
      }
    },
    {
      "type": "Feature",
      "geometry": null,
      "properties": {
        "id": "media_923c1cec3876f987",
        "date": "2026-09-22",
        "title": "Burkina Faso : une attaque, la plus meurtrière depuis 2015, fait une centaine de morts",
        "location": "Mali — lieu à confirmer",
        "region": "Mali",
        "country": "Mali",
        "layer": "event",
        "layer_label": "Signal médiatique",
        "category": "sécurité",
        "actor": "À vérifier",
        "status": "Signal médiatique — vérification requise",
        "confidence": "faible",
        "precision": "non géolocalisé",
        "summary": "Burkina Faso : une attaque, la plus meurtrière depuis 2015, fait une centaine de morts Maliweb",
        "source": "Maliweb",
        "source_url": "https://news.google.com/rss/articles/CBMiygFBVV95cUxOTzFjcWZzWFgzcFVuOVBrM29lYXBSTGFoa2dZVFhmQ24yN2JROTJ0RXZVcXhZUDFEdl9VTDRaLTk5Z2VaY25aMlZ5QWR3NVVoaVJsUGQ5VnllR0s5bkp1ZFZ2eFN0RU5hdUpYTGlXUkExUkFzeWlHbVhHVlBXWjd4d2xIeUw5NUlNRnVmTDFadWJjM3ZYel9zX3ZUMDVPWTBYQWdaQzE2amttWHNpWGJTdkl2NHpxb1JtM1l3M2FJbGtEallwYWNoSjVB?oc=5",
        "source_system": "Google Actualités — Mali",
        "language": "fr",
        "as_of": "2026-09-22"
      }
    },
    {
      "type": "Feature",
      "geometry": {
        "type": "Point",
        "coordinates": [
          -4.295,
          11.181
        ]
      },
      "properties": {
        "id": "media_9de56fcb21467f9b",
        "date": "2026-09-22",
        "title": "Bobo-Dioulasso : Recherché pour enlèvement et assassinat, Tighre Jean Pingwendé a été interpellé",
        "location": "Bobo-Dioulasso",
        "region": "Hauts-Bassins",
        "country": "Burkina Faso",
        "layer": "event",
        "layer_label": "Signal médiatique",
        "category": "sécurité",
        "actor": "À vérifier",
        "status": "Signal médiatique — vérification requise",
        "confidence": "moyenne",
        "precision": "centre de localité approximatif",
        "summary": "Recherché depuis le 21 septembre 2026 pour des faits présumés d'enlèvement, de séquestration, d'assassinat, d'association de malfaiteurs et d'actes de grand banditisme à Bobo-Dioulasso, Tighre Jean Pingwendé a été interpellé par les forces de sécurité. Dans un communiqué en date du mardi 22 septembre 2026, la Police nationale informe que l'intéres…",
        "source": "LeFaso.net",
        "source_url": "https://lefaso.net/spip.php?article149415=",
        "source_system": "LeFaso.net",
        "language": "fr",
        "as_of": "2026-09-22"
      }
    },
    {
      "type": "Feature",
      "geometry": {
        "type": "Point",
        "coordinates": [
          -15.979,
          18.086
        ]
      },
      "properties": {
        "id": "media_df80f7193ce81da7",
        "date": "2026-09-22",
        "title": "Axe El Guerguerat-Nouakchott: la portée stratégique et diplomatique du nouvel accord routier maroco-mauritanien",
        "location": "Nouakchott",
        "region": "Mauritanie",
        "country": "Mauritanie",
        "layer": "event",
        "layer_label": "Signal médiatique",
        "category": "autre",
        "actor": "À vérifier",
        "status": "Signal médiatique — vérification requise",
        "confidence": "faible",
        "precision": "centre de localité approximatif",
        "summary": "Axe El Guerguerat-Nouakchott: la portée stratégique et diplomatique du nouvel accord routier maroco-mauritanien Le360",
        "source": "Le360",
        "source_url": "https://news.google.com/rss/articles/CBMi6AFBVV95cUxPVnhWNzVOUUloQjFjREJ5V2JBaTJfMnlTYnJPaFRPOVZRX0Nha2R2ejdtRV9DaUlrelR5OWJRNWEtU1NUbDFWTV9WM1dmb0dRdTB1U3ZURGpoQVpIR0NTUFdmR2RKYS1vb3VCWkdHUjlZV3Jpd2lLVVF5UFhtemp0LWFGaWp2NktDZWNnaW9YWXlTbEU5a2c2MWdkdy1aSEpGX0hJNi0yZXdGcGhaMk9Xdko2a0U4c0hCUnlWbHhqWllNVGQtX1JON0w1RUlsdzU0SzNCWWRrZHN2cmlsWTJ5S0ZTMi1xQWQ4?oc=5",
        "source_system": "Google Actualités — Mauritanie",
        "language": "fr",
        "as_of": "2026-09-22"
      }
    },
    {
      "type": "Feature",
      "geometry": null,
      "properties": {
        "id": "media_a277752a4c5716b5",
        "date": "2026-09-22",
        "title": "Au Mali, Assimi Goïta appelle à la \"réconciliation entre frères maliens\"",
        "location": "Mali — lieu à confirmer",
        "region": "Mali",
        "country": "Mali",
        "layer": "event",
        "layer_label": "Signal médiatique",
        "category": "politique",
        "actor": "À vérifier",
        "status": "Signal médiatique — vérification requise",
        "confidence": "faible",
        "precision": "non géolocalisé",
        "summary": "🇲🇱 Au Mali, à l’occasion du 66e anniversaire de l’indépendance, le président de la transition Assimi Goïta appelle à la \"réconciliation entre frères maliens\", tout en réaffirmant sa volonté de renforcer la lutte contre les groupes jihadistes.",
        "source": "France 24 Afrique",
        "source_url": "https://www.france24.com/fr/vid%C3%A9o/20260922-au-mali-assimi-go%C3%AFta-appelle-%C3%A0-la-r%C3%A9conciliation-entre-fr%C3%A8res-maliens",
        "source_system": "France 24 Afrique",
        "language": "fr",
        "as_of": "2026-09-22"
      }
    },
    {
      "type": "Feature",
      "geometry": null,
      "properties": {
        "id": "media_7fc7d39f87210d63",
        "date": "2026-09-22",
        "title": "Attaque de Sobane-Da : Le Premier ministre et quelques membres du gouvernement sur le lieu du massacre",
        "location": "Mali — lieu à confirmer",
        "region": "Mali",
        "country": "Mali",
        "layer": "event",
        "layer_label": "Signal médiatique",
        "category": "sécurité",
        "actor": "À vérifier",
        "status": "Signal médiatique — vérification requise",
        "confidence": "faible",
        "precision": "non géolocalisé",
        "summary": "Attaque de Sobane-Da : Le Premier ministre et quelques membres du gouvernement sur le lieu du massacre Maliweb",
        "source": "Maliweb",
        "source_url": "https://news.google.com/rss/articles/CBMi4gFBVV95cUxOV2RnWnJiYUd2VE5BRHNWdmdhNmZGYXhVei1kSjFCWVE3MEVqYUVCLVBBdHVhUmNtMUowM3hYbEgxUVgwVTViaDVVcXdUbmpKQmgtVjREZ0x2cHRUdUdfME9hOXY3aHRDMTFUYzFpVEREbnFaT0NKM213aXRWck5NcUFWSEc0SlF5ZEttSU9tMTFMUTh2Z1JVeTF6OTUtTjBTMEJxTm12TVhDN2ZXMEF6bkdnbHowY045VU1uM2JBYW1JTXNVVGhCa2pobExVdzZLdFd0Z3ZVeUdRMktwTUJkd1Zn?oc=5",
        "source_system": "Google Actualités — Mali",
        "language": "fr",
        "as_of": "2026-09-22"
      }
    },
    {
      "type": "Feature",
      "geometry": null,
      "properties": {
        "id": "media_ac03b22ef918931e",
        "date": "2026-09-22",
        "title": "Attaque de Kafojiginew de Kléla: 59 millions emportés par les bandits",
        "location": "Mali — lieu à confirmer",
        "region": "Mali",
        "country": "Mali",
        "layer": "event",
        "layer_label": "Signal médiatique",
        "category": "sécurité",
        "actor": "À vérifier",
        "status": "Signal médiatique — vérification requise",
        "confidence": "faible",
        "precision": "non géolocalisé",
        "summary": "Attaque de Kafojiginew de Kléla: 59 millions emportés par les bandits Maliweb",
        "source": "Maliweb",
        "source_url": "https://news.google.com/rss/articles/CBMiugFBVV95cUxOcHNJWjZ6SGZMUzVGX3pmdjhsYmdBM3BIVG9JUGpnNTdNcGFId29lU3NPeVJZZWswN1dNZncxXzJXT2pmUkwyeTZTdGRVVm1FNjJYMXNvclFueHVrbWJlVlR2eWRqTTFSMVBzcG5NejhKaW5haTBuYWxsb0tDNUhIUUNGdjhMRjBfTnFwOFRsOUpCeF9KeWhkSjBsRWVhdlNla1gwaERXdFBaQ09FclozWnFvTWt0bWRfWWc?oc=5",
        "source_system": "Google Actualités — Mali",
        "language": "fr",
        "as_of": "2026-09-22"
      }
    },
    {
      "type": "Feature",
      "geometry": null,
      "properties": {
        "id": "media_7c081bc4cd169a0e",
        "date": "2026-09-22",
        "title": "Attaque barbare du poste de Boni : Beaucoup de victimes et de pertes matérielles",
        "location": "Mali — lieu à confirmer",
        "region": "Mali",
        "country": "Mali",
        "layer": "event",
        "layer_label": "Signal médiatique",
        "category": "sécurité",
        "actor": "À vérifier",
        "status": "Signal médiatique — vérification requise",
        "confidence": "faible",
        "precision": "non géolocalisé",
        "summary": "Attaque barbare du poste de Boni : Beaucoup de victimes et de pertes matérielles Maliweb",
        "source": "Maliweb",
        "source_url": "https://news.google.com/rss/articles/CBMixAFBVV95cUxNellRLVlQSHVxVGl6NDJrVXVXUEVXY3pPVHd0RWNuSmtNRDF3WkgtWmozaHlEV01DMXZYMkM1eHdfSFlHY3pLeUI3SnY5V2F6bFNMMjZsRjM3V0ZlbG9neVJjVVpCN3RNSVNmeEdjc0lybG5WQzFyUGRVYm1OUldRbzk5eWxwTTN3X19HaXdfTDZtbzg5blkzbDQ1MGJPbW5rOHFEdVpiVUdHLTNfbHg0UXNNc3VfWkE1ZFdMRlB6RjNsa0c0?oc=5",
        "source_system": "Google Actualités — Mali",
        "language": "fr",
        "as_of": "2026-09-22"
      }
    },
    {
      "type": "Feature",
      "geometry": null,
      "properties": {
        "id": "media_de7399c8ffffb2f6",
        "date": "2026-09-22",
        "title": "Assimi Goïta tend la main : « Le Mali reste disponible pour accueillir tous ses enfants... »",
        "location": "Mali — lieu à confirmer",
        "region": "Mali",
        "country": "Mali",
        "layer": "event",
        "layer_label": "Signal médiatique",
        "category": "politique",
        "actor": "À vérifier",
        "status": "Signal médiatique — vérification requise",
        "confidence": "faible",
        "precision": "non géolocalisé",
        "summary": "Parallèlement à la lutte armée, le président de la Transition ouvre une nouvelle option pour la paix. Dans son adresse à la Nation à l'occasion du 66ᵉ anniversaire de l'indépendance du Mali, le général Assimi Goïta a tendu la main aux groupes armés qui se reconnaissent « Maliens ».",
        "source": "Maliweb — Actualités",
        "source_url": "https://www.maliweb.net/nation/assimi-goita-tend-la-main-le-mali-reste-disponible-pour-accueillir-tous-ses-enfants-3120076.html",
        "source_system": "Maliweb — Actualités",
        "language": "fr",
        "as_of": "2026-09-22"
      }
    },
    {
      "type": "Feature",
      "geometry": {
        "type": "Point",
        "coordinates": [
          2.11,
          13.514
        ]
      },
      "properties": {
        "id": "media_4aba03fb96f7973d",
        "date": "2026-09-22",
        "title": "Arkab souligne à Niamey la disponibilité de l'Algérie à accompagner le secteur des hydrocarbures nigérien",
        "location": "Niamey",
        "region": "Niamey",
        "country": "Niger",
        "layer": "event",
        "layer_label": "Signal médiatique",
        "category": "autre",
        "actor": "À vérifier",
        "status": "Signal médiatique — vérification requise",
        "confidence": "faible",
        "precision": "centre de localité approximatif",
        "summary": "Arkab souligne à Niamey la disponibilité de l'Algérie à accompagner le secteur des hydrocarbures nigérien الإذاعة الجزائرية |",
        "source": "الإذاعة الجزائرية |",
        "source_url": "https://news.google.com/rss/articles/CBMiU0FVX3lxTE45MEpyVEhMM2JDZVctamx4dFdUbkV3TTNmQm5PeVhDQUotek5VMFNxM2Z5MXNVTWtqckpKMFVOS19XcGpaSHRXSGQzbksyNmtjQzQ4?oc=5",
        "source_system": "Google Actualités — Niger",
        "language": "fr",
        "as_of": "2026-09-22"
      }
    },
    {
      "type": "Feature",
      "geometry": {
        "type": "Point",
        "coordinates": [
          2.11,
          13.514
        ]
      },
      "properties": {
        "id": "media_2a7379d7f67d6fab",
        "date": "2026-09-22",
        "title": "Arkab reçu à Niamey par le président de la République du Niger",
        "location": "Niamey",
        "region": "Niamey",
        "country": "Niger",
        "layer": "event",
        "layer_label": "Signal médiatique",
        "category": "autre",
        "actor": "À vérifier",
        "status": "Signal médiatique — vérification requise",
        "confidence": "faible",
        "precision": "centre de localité approximatif",
        "summary": "Arkab reçu à Niamey par le président de la République du Niger aps.dz",
        "source": "aps.dz",
        "source_url": "https://news.google.com/rss/articles/CBMixwFBVV95cUxNUlhkbWNQdjJsTGRMa3hBM0o2R2I4QW12VHNPeVNqV25JVTJtUDRYVTczSnlVT2Q2c2JOdjlLTThWZ3B0STBXZmdYMF9JaTVPWEExQ2dfUDI5NVZzYjVuWEhJaFdNODRjNXI3TkFOc295eHdVRC1oQTM0Y3l0SFRNczZlM01HcEVEc0xOUFNMNC1aZndBd1VjYlFJN3h3cjE3MmpjbUMweVpvMUM4MTduamRsU00zcXRMSUEweUdwbnduSnZfY1hV?oc=5",
        "source_system": "Google Actualités — Niger",
        "language": "fr",
        "as_of": "2026-09-22"
      }
    },
    {
      "type": "Feature",
      "geometry": null,
      "properties": {
        "id": "media_58c382b435976a32",
        "date": "2026-09-22",
        "title": "66e anniversaire de l'Indépendance : Assimi Goïta réaffirme la détermination du Mali face au terrorisme",
        "location": "Mali — lieu à confirmer",
        "region": "Mali",
        "country": "Mali",
        "layer": "event",
        "layer_label": "Signal médiatique",
        "category": "politique",
        "actor": "À vérifier",
        "status": "Signal médiatique — vérification requise",
        "confidence": "faible",
        "precision": "non géolocalisé",
        "summary": "À l'occasion du 66e anniversaire de l'accession du Mali à la souveraineté internationale, le président de la Transition, le général d'armée Assimi Goïta, a adressé un message à la nation marqué par un double engagement : ouverture au dialogue et fermeté sécuritaire.",
        "source": "Malijet",
        "source_url": "https://malijet.com/a_la_une_du_mali/311979-66e-anniversaire-de-lindependance-assimi-goita-reaffirme.html",
        "source_system": "Malijet",
        "language": "fr",
        "as_of": "2026-09-22"
      }
    },
    {
      "type": "Feature",
      "geometry": null,
      "properties": {
        "id": "media_cfb4919df1f1e7d1",
        "date": "2026-09-21",
        "title": "🔴 Onze civils, dont quatre femmes, ont été tués dimanche dans une attaque attribuée à Boko Haram près de Ngouboua, dans la province du Lac #Tchad 🇹🇩. L’armée tchadienne, lancée à la poursuite des assaillants, affirme en avoir abattu neuf. https://t.co/E9 - x.com",
        "location": "Tchad — lieu à confirmer",
        "region": "Tchad",
        "country": "Tchad",
        "layer": "event",
        "layer_label": "Signal réseau social",
        "category": "sécurité",
        "actor": "À vérifier",
        "status": "Signal réseau social — recoupement requis",
        "confidence": "faible",
        "precision": "non géolocalisé",
        "summary": "🔴 Onze civils, dont quatre femmes, ont été tués dimanche dans une attaque attribuée à Boko Haram près de Ngouboua, dans la province du Lac #Tchad 🇹🇩. L’armée tchadienne, lancée à la poursuite des assaillants, affirme en avoir abattu neuf. https://t.co/E9 x.com",
        "source": "Tchadinfos",
        "source_url": "https://news.google.com/rss/articles/CBMiYEFVX3lxTE1HUnNJV3h1alFTQjhlQTF1cVpRb09fd25kX1RrWVM1V3kxYnBEaTNJbzdTNmkydTdMQTAxZTJUbnNpQTNCMkQ1S09qUUtWZlZvSktoZm9zRm5tR2Vvajg5Rw?oc=5",
        "source_system": "X indexé — @tchadinfos",
        "language": "fr",
        "as_of": "2026-09-21"
      }
    },
    {
      "type": "Feature",
      "geometry": null,
      "properties": {
        "id": "media_62d70e951895943b",
        "date": "2026-09-21",
        "title": "VIDÉO. Mali: plus de 100 soldats tués dans l'attaque du camp de Dioura",
        "location": "Mali — lieu à confirmer",
        "region": "Mali",
        "country": "Mali",
        "layer": "event",
        "layer_label": "Signal médiatique",
        "category": "sécurité",
        "actor": "À vérifier",
        "status": "Signal médiatique — vérification requise",
        "confidence": "faible",
        "precision": "non géolocalisé",
        "summary": "VIDÉO. Mali: plus de 100 soldats tués dans l'attaque du camp de Dioura tv5monde",
        "source": "tv5monde",
        "source_url": "https://news.google.com/rss/articles/CBMitwFBVV95cUxPY0hVUnFaQmJ2V0lyREdpdTMyWG1vMXNEcHU5cHNkWGVwYmhEUWlzQXRCWVVud2ZCYURLRHNEVldDNHVDM21rQ1p1enR1aHVJRkJQT25pVWNEOERNZGtjSmxnWm9kclVHcnZLM0xfODlEb3FKUlRPNXlySm00U2FhWkRGVlFvYjJCd2RyZjBwSndKYkxNVVM5M3NVNWRNNUlzRGFxdUswOVE4aGdNWGR5YUhGcE5PYlU?oc=5",
        "source_system": "Google Actualités — Mali",
        "language": "fr",
        "as_of": "2026-09-21"
      }
    },
    {
      "type": "Feature",
      "geometry": {
        "type": "Point",
        "coordinates": [
          -15.979,
          18.086
        ]
      },
      "properties": {
        "id": "media_df52d841bdbf605f",
        "date": "2026-09-21",
        "title": "Un navire-hôpital de la Marine chinoise aux services des habitants à Nouakchott, en Mauritanie",
        "location": "Nouakchott",
        "region": "Mauritanie",
        "country": "Mauritanie",
        "layer": "event",
        "layer_label": "Signal médiatique",
        "category": "autre",
        "actor": "À vérifier",
        "status": "Signal médiatique — vérification requise",
        "confidence": "faible",
        "precision": "centre de localité approximatif",
        "summary": "Un navire-hôpital de la Marine chinoise aux services des habitants à Nouakchott, en Mauritanie focac.org",
        "source": "focac.org",
        "source_url": "https://news.google.com/rss/articles/CBMidEFVX3lxTFBNTUxOUzUyUWxpVXFDX2RHTHl1U1d2NUFIUDhpV0VDSzFQdktIZ1hVV19sLUU2Z3FMeFdKLTU4bXJnZnlOMDlxOVNoZUZSRVJmMFBud255T0ZOYy1ESjc0UDlCYl9FeHNmOWtOTTJJUUVLSklo?oc=5",
        "source_system": "Google Actualités — Mauritanie",
        "language": "fr",
        "as_of": "2026-09-21"
      }
    },
    {
      "type": "Feature",
      "geometry": null,
      "properties": {
        "id": "media_cde60de8eefe0992",
        "date": "2026-09-21",
        "title": "Today in Africa : South Africa arrests , Ethiopia opposition alliance , Mali attack",
        "location": "Mali — lieu à confirmer",
        "region": "Mali",
        "country": "Mali",
        "layer": "event",
        "layer_label": "Signal médiatique",
        "category": "sécurité",
        "actor": "À vérifier",
        "status": "Signal médiatique — vérification requise",
        "confidence": "faible",
        "precision": "non géolocalisé",
        "summary": "Today in Africa : South Africa arrests , Ethiopia opposition alliance , Mali attack",
        "source": "okayafrica.com",
        "source_url": "https://www.okayafrica.com/today-in-africa-september-21-2026-10th-womans-body-found-in-south-africa-former-foes-unite-to-oust-ethiopias-pm/1439994",
        "source_system": "GDELT DOC 2.0",
        "language": "English",
        "as_of": "2026-09-21"
      }
    },
    {
      "type": "Feature",
      "geometry": {
        "type": "Point",
        "coordinates": [
          2.11,
          13.514
        ]
      },
      "properties": {
        "id": "media_444e11d5469ad73f",
        "date": "2026-09-21",
        "title": "Plusieurs dossiers passés en revue: Arkab s'entretient avec le ministre nigérien du Pétrole à Niamey",
        "location": "Niamey",
        "region": "Niamey",
        "country": "Niger",
        "layer": "event",
        "layer_label": "Signal médiatique",
        "category": "autre",
        "actor": "À vérifier",
        "status": "Signal médiatique — vérification requise",
        "confidence": "faible",
        "precision": "centre de localité approximatif",
        "summary": "Plusieurs dossiers passés en revue: Arkab s'entretient avec le ministre nigérien du Pétrole à Niamey L'Algérie Aujourd'hui",
        "source": "L'Algérie Aujourd'hui",
        "source_url": "https://news.google.com/rss/articles/CBMiyAFBVV95cUxPZ0NYR0ZneTRVMlcyTTM3bmlORnlJOW9zN1lILXp5ZFRIV2I5UE50M2ZGZWFQQm9KejNDVVYzWmpkY1VONzVBWVFMVkF3OTVFSVFocGMtU0xJOHdUalhZYWdVRjNZY21yOGw4NnEyaDFkVk5EOTdCR3p5VFFLNFBsaFRaOGJsYnVmX0JxTkRwZjR3WlJ3VGdaOHpzYnBIUWIxWktNNkh5YlVQZjlPSm1aLWY4UWNqOG5LbW5GeHlIcUxGekg0NGdQXw?oc=5",
        "source_system": "Google Actualités — Niger",
        "language": "fr",
        "as_of": "2026-09-21"
      }
    },
    {
      "type": "Feature",
      "geometry": {
        "type": "Point",
        "coordinates": [
          3.194,
          13.049
        ]
      },
      "properties": {
        "id": "media_de812e88dfdc624b",
        "date": "2026-09-21",
        "title": "Niger : atelier régional à Dosso sur la réintégration des ex-combattants",
        "location": "Dosso",
        "region": "Dosso Region",
        "country": "Niger",
        "layer": "event",
        "layer_label": "Signal médiatique",
        "category": "autre",
        "actor": "À vérifier",
        "status": "Signal médiatique — vérification requise",
        "confidence": "faible",
        "precision": "centre de localité approximatif",
        "summary": "Niger : atelier régional à Dosso sur la réintégration des ex-combattants Journal du Niger",
        "source": "Journal du Niger",
        "source_url": "https://news.google.com/rss/articles/CBMingFBVV95cUxQaXZPUU5WOFNrVWczQ3BmLXdPa1NZTGVaTWxSZGc2ckNFUWVtemNCTTZoT0Y0aWNBUGtXdmRQYVVWTUZ6VURUMEIyOWpsV0E2YkZPOUhTMm80TzJUOGpTMHl6N0YtLWpPczFaa3RRd3FWZTdaNEwxUjJ4SldiREtzU2c0RzhCYkY2SC1oOExjajF1bkdsNDVWRGswYjFwUQ?oc=5",
        "source_system": "Google Actualités — Niger",
        "language": "fr",
        "as_of": "2026-09-21"
      }
    },
    {
      "type": "Feature",
      "geometry": {
        "type": "Point",
        "coordinates": [
          2.11,
          13.514
        ]
      },
      "properties": {
        "id": "media_9d12424271234be9",
        "date": "2026-09-21",
        "title": "Météo à Serkiré Peul, Niamey heure par heure",
        "location": "Niamey",
        "region": "Niamey",
        "country": "Niger",
        "layer": "event",
        "layer_label": "Signal médiatique",
        "category": "autre",
        "actor": "À vérifier",
        "status": "Signal médiatique — vérification requise",
        "confidence": "faible",
        "precision": "centre de localité approximatif",
        "summary": "Météo à Serkiré Peul, Niamey heure par heure SpaceRef",
        "source": "SpaceRef",
        "source_url": "https://news.google.com/rss/articles/CBMiZEFVX3lxTFBlQ1hFcUlBdWgwTXJIOVFMWnZYTUpwVnNid2RYV1hOX013MFpyVDVjd09Md3I1bVNrZE9JR1kwdzk1R0RSdTRhR0h3RnBxMU5odGVRN3BkWmtXekVubncyVFdwLTE?oc=5",
        "source_system": "Google Actualités — Niger",
        "language": "fr",
        "as_of": "2026-09-21"
      }
    },
    {
      "type": "Feature",
      "geometry": {
        "type": "Point",
        "coordinates": [
          12.611,
          13.315
        ]
      },
      "properties": {
        "id": "media_a894b2cf710f5bd0",
        "date": "2026-09-21",
        "title": "Météo à Rillé, Diffa heure par heure",
        "location": "Diffa",
        "region": "Diffa",
        "country": "Niger",
        "layer": "event",
        "layer_label": "Signal médiatique",
        "category": "autre",
        "actor": "À vérifier",
        "status": "Signal médiatique — vérification requise",
        "confidence": "faible",
        "precision": "centre de localité approximatif",
        "summary": "Météo à Rillé, Diffa heure par heure SpaceRef",
        "source": "SpaceRef",
        "source_url": "https://news.google.com/rss/articles/CBMiY0FVX3lxTE9Ba2dXS29RZlNkQllHZHdUclFyY05RR19YNzk1aks3TTJkdlpUYVcxejNORUJRNjFYZnJvUEx3aWFXZzF5cWR6TjEwSXJrenZJVHR5V3NLS0VhY2ZIcXlMWk9zWQ?oc=5",
        "source_system": "Google Actualités — Niger",
        "language": "fr",
        "as_of": "2026-09-21"
      }
    },
    {
      "type": "Feature",
      "geometry": {
        "type": "Point",
        "coordinates": [
          1.454,
          14.207
        ]
      },
      "properties": {
        "id": "media_f0115313eacc69bc",
        "date": "2026-09-21",
        "title": "Météo à Mériza, Tillabéri heure par heure",
        "location": "Tillabéri",
        "region": "Tillabéri Region",
        "country": "Niger",
        "layer": "event",
        "layer_label": "Signal médiatique",
        "category": "autre",
        "actor": "À vérifier",
        "status": "Signal médiatique — vérification requise",
        "confidence": "faible",
        "precision": "centre de localité approximatif",
        "summary": "Météo à Mériza, Tillabéri heure par heure SpaceRef",
        "source": "SpaceRef",
        "source_url": "https://news.google.com/rss/articles/CBMiekFVX3lxTE5sUTZJeEo3aFhPMHVqbk81dnNOUEJVekpUdEpoSUFIN09RRlV4NWZMU1R2SlBWVzFHM093UUtnT0xKa29ERmRWN2NYRlMxdWxBOFNSSXExelVVR01CdE4yUVJlZHZsUms3WWs3ZTJ5bXNmSkVJNTh4dTNn?oc=5",
        "source_system": "Google Actualités — Niger",
        "language": "fr",
        "as_of": "2026-09-21"
      }
    },
    {
      "type": "Feature",
      "geometry": {
        "type": "Point",
        "coordinates": [
          1.454,
          14.207
        ]
      },
      "properties": {
        "id": "media_9e6d9e2cdb171d53",
        "date": "2026-09-21",
        "title": "Météo à Kabé Kaina, Tillabéri heure par heure",
        "location": "Tillabéri",
        "region": "Tillabéri Region",
        "country": "Niger",
        "layer": "event",
        "layer_label": "Signal médiatique",
        "category": "autre",
        "actor": "À vérifier",
        "status": "Signal médiatique — vérification requise",
        "confidence": "faible",
        "precision": "centre de localité approximatif",
        "summary": "Météo à Kabé Kaina, Tillabéri heure par heure SpaceRef",
        "source": "SpaceRef",
        "source_url": "https://news.google.com/rss/articles/CBMiYkFVX3lxTFBDUTZmTWRuaGZhbG9jMUU2TTNOR2JuZ0VONjczdGRxSkJ5cHdkX3YwYkxtb3lLQnd3ZFIzV19la0ZNNGZNN21QN1NOaExVcndHei02SmF2cUVsOWhFdGhfcWRR?oc=5",
        "source_system": "Google Actualités — Niger",
        "language": "fr",
        "as_of": "2026-09-21"
      }
    },
    {
      "type": "Feature",
      "geometry": {
        "type": "Point",
        "coordinates": [
          2.11,
          13.514
        ]
      },
      "properties": {
        "id": "media_85cdd83a1aca0d95",
        "date": "2026-09-21",
        "title": "Météo à Diadiré, Niamey heure par heure",
        "location": "Niamey",
        "region": "Niamey",
        "country": "Niger",
        "layer": "event",
        "layer_label": "Signal médiatique",
        "category": "autre",
        "actor": "À vérifier",
        "status": "Signal médiatique — vérification requise",
        "confidence": "faible",
        "precision": "centre de localité approximatif",
        "summary": "Météo à Diadiré, Niamey heure par heure SpaceRef",
        "source": "SpaceRef",
        "source_url": "https://news.google.com/rss/articles/CBMiXkFVX3lxTE9FUUpaLWY4Z1kwaFdCZlg5RXkxZlRTY2g1ajhVMjRWdEhndVI3cUlkNk1RUnQ1Ym1BSWx1LWNFLWQwaGt2MGl5Yl9zaUVyLVBoZXhrMDJiZ05ZRHZRRXc?oc=5",
        "source_system": "Google Actualités — Niger",
        "language": "fr",
        "as_of": "2026-09-21"
      }
    },
    {
      "type": "Feature",
      "geometry": {
        "type": "Point",
        "coordinates": [
          1.454,
          14.207
        ]
      },
      "properties": {
        "id": "media_aebe6cb3ecf186a5",
        "date": "2026-09-21",
        "title": "Météo à Bangali, Tillabéri heure par heure",
        "location": "Tillabéri",
        "region": "Tillabéri Region",
        "country": "Niger",
        "layer": "event",
        "layer_label": "Signal médiatique",
        "category": "autre",
        "actor": "À vérifier",
        "status": "Signal médiatique — vérification requise",
        "confidence": "faible",
        "precision": "centre de localité approximatif",
        "summary": "Météo à Bangali, Tillabéri heure par heure SpaceRef",
        "source": "SpaceRef",
        "source_url": "https://news.google.com/rss/articles/CBMidEFVX3lxTE9kRldCa0JEWXIzanVqeXl3bGMzNFdndDNvbUEtREVqZlVwVzVlRzMzOENvRWlTeHFMUFQ5cS15N3U0d0c4Rl9NZDc5X1BySU9OZjVkbHFtZVZaMENQQ2Yxd2ZSQml6X05vTnRhb3gzbjlqSGhE?oc=5",
        "source_system": "Google Actualités — Niger",
        "language": "fr",
        "as_of": "2026-09-21"
      }
    },
    {
      "type": "Feature",
      "geometry": {
        "type": "Point",
        "coordinates": [
          12.611,
          13.315
        ]
      },
      "properties": {
        "id": "media_870bc2221f32ef5f",
        "date": "2026-09-21",
        "title": "Météo à Baboulwa, Diffa heure par heure",
        "location": "Diffa",
        "region": "Diffa",
        "country": "Niger",
        "layer": "event",
        "layer_label": "Signal médiatique",
        "category": "autre",
        "actor": "À vérifier",
        "status": "Signal médiatique — vérification requise",
        "confidence": "faible",
        "precision": "centre de localité approximatif",
        "summary": "Météo à Baboulwa, Diffa heure par heure SpaceRef",
        "source": "SpaceRef",
        "source_url": "https://news.google.com/rss/articles/CBMiY0FVX3lxTE80SUoycGNIcERfa2FnTEhaYzJ5bmRfSzFobEJNV2FPTV9BVGNJY0Z1OVd1cTRZdF9qaGI1UTJJWEdENG8tRUJSbnVURUlCanByckRsaERaeWk2b1FYOHBseDZsdw?oc=5",
        "source_system": "Google Actualités — Niger",
        "language": "fr",
        "as_of": "2026-09-21"
      }
    },
    {
      "type": "Feature",
      "geometry": {
        "type": "Point",
        "coordinates": [
          12.611,
          13.315
        ]
      },
      "properties": {
        "id": "media_56fa1b1c00e63067",
        "date": "2026-09-21",
        "title": "Météo à Adamri, Diffa heure par heure",
        "location": "Diffa",
        "region": "Diffa",
        "country": "Niger",
        "layer": "event",
        "layer_label": "Signal médiatique",
        "category": "autre",
        "actor": "À vérifier",
        "status": "Signal médiatique — vérification requise",
        "confidence": "faible",
        "precision": "centre de localité approximatif",
        "summary": "Météo à Adamri, Diffa heure par heure SpaceRef",
        "source": "SpaceRef",
        "source_url": "https://news.google.com/rss/articles/CBMiXkFVX3lxTFBrWlJCb09IeVlDaV83YldCeHdCMktDN3ZROERDcTk2cXRSX2FhS1lSRHpUazI3ZWtIYTd1bVl2bWRhSlh1VFF5U1k0YndrRTh1VnlEQ3A2dm1fOXZVY2c?oc=5",
        "source_system": "Google Actualités — Niger",
        "language": "fr",
        "as_of": "2026-09-21"
      }
    },
    {
      "type": "Feature",
      "geometry": null,
      "properties": {
        "id": "media_77a16300ee277c21",
        "date": "2026-09-21",
        "title": "Mali Junta Holds Crisis Meeting After Jihadist Attacks",
        "location": "Mali — lieu à confirmer",
        "region": "Mali",
        "country": "Mali",
        "layer": "event",
        "layer_label": "Signal médiatique",
        "category": "sécurité",
        "actor": "À vérifier",
        "status": "Signal médiatique — vérification requise",
        "confidence": "faible",
        "precision": "non géolocalisé",
        "summary": "Mali Junta Holds Crisis Meeting After Jihadist Attacks",
        "source": "riotimesonline.com",
        "source_url": "https://www.riotimesonline.com/mali-junta-crisis-meeting-jihadist-attacks-2026/",
        "source_system": "GDELT DOC 2.0",
        "language": "English",
        "as_of": "2026-09-21"
      }
    },
    {
      "type": "Feature",
      "geometry": null,
      "properties": {
        "id": "media_8e74e1b883267829",
        "date": "2026-09-21",
        "title": "Mali : plus de 100 soldats tués, nouveau bilan dans l’attaque du camp de Dioura",
        "location": "Mali — lieu à confirmer",
        "region": "Mali",
        "country": "Mali",
        "layer": "event",
        "layer_label": "Signal médiatique",
        "category": "sécurité",
        "actor": "À vérifier",
        "status": "Signal médiatique — vérification requise",
        "confidence": "faible",
        "precision": "non géolocalisé",
        "summary": "Mali : plus de 100 soldats tués, nouveau bilan dans l’attaque du camp de Dioura France 24",
        "source": "France 24",
        "source_url": "https://news.google.com/rss/articles/CBMiyAFBVV95cUxNOTZ6VUJVZjhBTzJ6Q3BhSkNvZkUwZGM3cTYzZDRyVFI4dnNqUXFtQ2NzQVFyOGhBRUNEWnpzV19yaF9qclFvbjRhdUtRS1ZHV1N4SXgxZzZnNEVvVlNreEdZT0VMdmN4dnQybXhmM2xPMjlfSlE4SEdGdVV1eVB5OWl3akNLMEU2WDNSanltaTlRbmlwV2FQUFI5eENlZ2E2VTI5eHdlMksxZmxEM1BuUnljMGlnUEVwVHVuVDlaSG1kLUdIWGg3Uw?oc=5",
        "source_system": "Google Actualités — Mali",
        "language": "fr",
        "as_of": "2026-09-21"
      }
    },
    {
      "type": "Feature",
      "geometry": null,
      "properties": {
        "id": "media_6178792e7056be2d",
        "date": "2026-09-21",
        "title": "Mali : les FAMa ciblées à Kassala, Sévaré et Dioura",
        "location": "Mali — lieu à confirmer",
        "region": "Mali",
        "country": "Mali",
        "layer": "event",
        "layer_label": "Signal médiatique",
        "category": "autre",
        "actor": "FAMa / État malien",
        "status": "Signal médiatique — vérification requise",
        "confidence": "faible",
        "precision": "non géolocalisé",
        "summary": "Mali : les FAMa ciblées à Kassala, Sévaré et Dioura Bamada.net",
        "source": "Bamada.net",
        "source_url": "https://news.google.com/rss/articles/CBMidkFVX3lxTE16akhIVHFOak9jWDEyT2F4Y05hOHc5WWVVM3RvWU82dV82WW0xYzNqbzhPYU9ndzdYS09YY0V0UWpHN3FvZXplT2hlTEhhTjdpTnRMcmNZSjg1U0lEeXZ2YnlCckw0Vk1iWVBwZk5Md1c0cl96UFE?oc=5",
        "source_system": "Google Actualités — Mali",
        "language": "fr",
        "as_of": "2026-09-21"
      }
    },
    {
      "type": "Feature",
      "geometry": null,
      "properties": {
        "id": "media_0a729b2ca1c6d246",
        "date": "2026-09-21",
        "title": "Mali : La junte tient une réunion de crise après la recrudescence des attaques jihadistes dans le pays",
        "location": "Mali — lieu à confirmer",
        "region": "Mali",
        "country": "Mali",
        "layer": "event",
        "layer_label": "Signal médiatique",
        "category": "sécurité",
        "actor": "À vérifier",
        "status": "Signal médiatique — vérification requise",
        "confidence": "faible",
        "precision": "non géolocalisé",
        "summary": "Mali : La junte tient une réunion de crise après la recrudescence des attaques jihadistes dans le pays",
        "source": "fr.allafrica.com",
        "source_url": "https://fr.allafrica.com/stories/202609210157.html",
        "source_system": "GDELT DOC 2.0",
        "language": "French",
        "as_of": "2026-09-21"
      }
    },
    {
      "type": "Feature",
      "geometry": null,
      "properties": {
        "id": "media_5b86c40ddb5a9b9d",
        "date": "2026-09-21",
        "title": "Mali : Dioura, les FAMa confirment des pertes dans ses rangs et des militaires capturés",
        "location": "Mali — lieu à confirmer",
        "region": "Mali",
        "country": "Mali",
        "layer": "event",
        "layer_label": "Signal médiatique",
        "category": "autre",
        "actor": "FAMa / État malien",
        "status": "Signal médiatique — vérification requise",
        "confidence": "faible",
        "precision": "non géolocalisé",
        "summary": "Mali : Dioura, les FAMa confirment des pertes dans ses rangs et des militaires capturés koaci.com",
        "source": "koaci.com",
        "source_url": "https://news.google.com/rss/articles/CBMi9AFBVV95cUxPX0Z3bE92SnJWLVlzV2VYYnVSZlkwRl9HNXpNc0gtMzNUbDdfREJVemI5dmlyRnViV3ZzMkhmN2hyNG1Vb2UyOTFNZWlNd1RXQ3Z2U25OakZLTWpOY2c2MEp0Unh0WGdCU0o3azJvbmVEQzM1bi1kOEV5V19wN0FmWnB1VVRkRmgwNnJXLWQ3RHRmTElUdFVaMnRLX1F4UElBLUdLWjNZQnBwbnNrZU80MGpJb2FCZFdaazBpbXA0eEpXeXVfT3VmODN4LVVYR2U4dGVmSGxuZ3JuSnR3UmNPUmR6TUhvUGRZNjVpV2ZpRXNGbTBT?oc=5",
        "source_system": "Google Actualités — Mali",
        "language": "fr",
        "as_of": "2026-09-21"
      }
    },
    {
      "type": "Feature",
      "geometry": {
        "type": "Point",
        "coordinates": [
          -7.975,
          12.609
        ]
      },
      "properties": {
        "id": "media_a1aee131b3cd949e",
        "date": "2026-09-21",
        "title": "Mali : 150 morts à Dioura, des militaires otages dans la brousse et une réunion à Bamako",
        "location": "Bamako",
        "region": "Bamako",
        "country": "Mali",
        "layer": "event",
        "layer_label": "Signal médiatique",
        "category": "autre",
        "actor": "À vérifier",
        "status": "Signal médiatique — vérification requise",
        "confidence": "faible",
        "precision": "centre de localité approximatif",
        "summary": "Mali : 150 morts à Dioura, des militaires otages dans la brousse et une réunion à Bamako France 24",
        "source": "France 24",
        "source_url": "https://news.google.com/rss/articles/CBMi4gFBVV95cUxQWWNPTVloWDU3LUNQak9PcGU3WlJreTJFeFlqcUxmQkNqVC1qMll0OFBRLWJTc2hrbk1JQ3lDRUhHazh3UWdXQ0lPbGRBcER4NVFhS05EVVo2QWZUX0Z3eTFjRDhrdXIwNjFrQXZRTmtUQlpxLURhZy1vZGZNMlJ3OE90SS1hRzlJbnBnNmd6dmdIcjJDZmlXVGtOSmQ0ZnlpeWtMZi1lNVZON2Q0YlJkcHpQUEZ0Z0hiczNfNURLdWhWRXRNY2V1a2RUY3lfdDRXUDdfV0E3bEg0TWplWnBHSkhn?oc=5",
        "source_system": "Google Actualités — Mali",
        "language": "fr",
        "as_of": "2026-09-21"
      }
    },
    {
      "type": "Feature",
      "geometry": {
        "type": "Point",
        "coordinates": [
          -7.975,
          12.609
        ]
      },
      "properties": {
        "id": "media_ba917454fe1f5759",
        "date": "2026-09-21",
        "title": "MALI: Lakana lajɛrɛ kɛrɛnkɛrɛnnen dɔ kɛra kunu Bamako yasa ka fɛɛrɛ ɲini binkanni labanw la",
        "location": "Bamako",
        "region": "Bamako",
        "country": "Mali",
        "layer": "event",
        "layer_label": "Signal médiatique",
        "category": "autre",
        "actor": "À vérifier",
        "status": "Signal médiatique — vérification requise",
        "confidence": "faible",
        "precision": "centre de localité approximatif",
        "summary": "MALI: Lakana lajɛrɛ kɛrɛnkɛrɛnnen dɔ kɛra kunu Bamako yasa ka fɛɛrɛ ɲini binkanni labanw la RFI",
        "source": "RFI",
        "source_url": "https://news.google.com/rss/articles/CBMimwJBVV95cUxOR2dNczlBWWdZUkY4RS1hZ3dRTElSTFlIVEg5aFFUZVZHbEttUHhiZzFSSVJpYl9DdXRSTG0wcUJVYkdBeC0wbzVpc0V5Nm1sQm0zTzhtdmdsTHQtVnBMdHdrVjFJQzVKSzFheHdtX0VFNGp4Y2FWYVl5aGgxNGVrWHBLQWFMejBSb2Z4Um9wb2V0MGlnd1NvU082MU1BNmliQk4tUFFtT1FYampyQmRzNml2WWVwZHFReU9RZHpnUmllZE5TOUdHZFJ2NHJfVS0ydXl3cncwaGFYNmt0bjNZOUNuTENKM1hPNnlDMFFXc0lQNVl4Z0RaRU1lRXROd3g1SjJYMTJNMWlCUWFqX2s0Z0ktRHdEb3RLZnlv?oc=5",
        "source_system": "Google Actualités — Mali",
        "language": "fr",
        "as_of": "2026-09-21"
      }
    },
    {
      "type": "Feature",
      "geometry": null,
      "properties": {
        "id": "media_8e0101b45879da57",
        "date": "2026-09-21",
        "title": "MALI : DIOURA, LES DESSOUS D’UNE ATTAQUE QUI SOULÈVE DE GRAVES QUESTIONS",
        "location": "Mali — lieu à confirmer",
        "region": "Mali",
        "country": "Mali",
        "layer": "event",
        "layer_label": "Signal médiatique",
        "category": "sécurité",
        "actor": "À vérifier",
        "status": "Signal médiatique — vérification requise",
        "confidence": "faible",
        "precision": "non géolocalisé",
        "summary": "MALI : DIOURA, LES DESSOUS D’UNE ATTAQUE QUI SOULÈVE DE GRAVES QUESTIONS youtu.be",
        "source": "youtu.be",
        "source_url": "https://news.google.com/rss/articles/CBMiQkFVX3lxTFAxeDZ1aDVfWURKNDRIdGx1VGk1Rmw2cmZqd3FpLVBlRnBDQWw3aDktc0tjZUZqNnItel9ZSHY2Qk8xdw?oc=5",
        "source_system": "Google Actualités — Mali",
        "language": "fr",
        "as_of": "2026-09-21"
      }
    },
    {
      "type": "Feature",
      "geometry": null,
      "properties": {
        "id": "media_b67f75a1c9cd215c",
        "date": "2026-09-21",
        "title": "Lac Tchad : 11 pêcheurs tués près de Ngouboua, l'armée affirme avoir abattu neuf assaillants",
        "location": "Tchad — lieu à confirmer",
        "region": "Tchad",
        "country": "Tchad",
        "layer": "event",
        "layer_label": "Signal médiatique",
        "category": "sécurité",
        "actor": "À vérifier",
        "status": "Signal médiatique — vérification requise",
        "confidence": "faible",
        "precision": "non géolocalisé",
        "summary": "Lac Tchad : 11 pêcheurs tués près de Ngouboua, l'armée affirme avoir abattu neuf assaillants Tchadinfos",
        "source": "Tchadinfos",
        "source_url": "https://news.google.com/rss/articles/CBMiwAFBVV95cUxOdjdrSUZ1ZzdnOTh2dXNsNVRqREJMNmlXcXVnZWdIeDRvS2RGT0trdmdrelp2emttc2pTTHBvZU4xWHExZkNfTFpJY01Db1JPRmt0STlTNmpfYlFQaUVjWEthT1gyWlFSdXpocncxMjh6S2dGTFhta3pWT3g5R3dwWF9sdWlzV2dHVVVKSTJiTDRjWF9wS25JVW5TQ3d5M0VHSWJfa2h5MGhDR0V1WGZ2SFVXMlBOT1FpYlhWWnNmbm0?oc=5",
        "source_system": "Google Actualités — Tchad",
        "language": "fr",
        "as_of": "2026-09-21"
      }
    },
    {
      "type": "Feature",
      "geometry": null,
      "properties": {
        "id": "media_dd593ba854d0ada1",
        "date": "2026-09-21",
        "title": "Laamu nguu yuɓɓinii alet hanki jonnde heeriinde ngam ƴeewde peeje ngam dartinde fitinaaji kuliyankooɓe JNIM e wonndiiɓe mum en",
        "location": "Mali — lieu à confirmer",
        "region": "Mali",
        "country": "Mali",
        "layer": "event",
        "layer_label": "Signal médiatique",
        "category": "autre",
        "actor": "JNIM / GSIM",
        "status": "Signal médiatique — vérification requise",
        "confidence": "faible",
        "precision": "non géolocalisé",
        "summary": "Laamu nguu yuɓɓinii alet hanki jonnde heeriinde ngam ƴeewde peeje ngam dartinde fitinaaji kuliyankooɓe JNIM e wonndiiɓe mum en RFI",
        "source": "RFI",
        "source_url": "https://news.google.com/rss/articles/CBMinwJBVV95cUxNcnRyYjVwSXlsWTY4TFZrMzNxNlBWam5seFVPb2dqSy0zaDZHRk9SNm55Y3lJcFVIQVdLaF9QMWxWMjJQcDFnb3NRSzVac285UTZ3Rl8yaGlYd1lOUHlGVEtLTFI2M01oeFhtRUlKdWp2WFlpZFlkbk5wb0FGLUpsallFWXljNk9wTEplSDNRc1E1VEZTdHlYdVNqT282RWFQdHplY0tkNjlNVnh5eGttd2FZR0xLWVRsUm83dnlHVW9JYXBYdmowbUtoTTJyUjVackM3MUdVNENyS2pLTGNVdjY3cWprNDkyVzZyd2JoNXRtRU11ellCekU2d3lwdkdHRG5oWkt6WG5TRFBLZWVDekRqeVFnVzVqOHpfeGloMA?oc=5",
        "source_system": "Google Actualités — Mali",
        "language": "fr",
        "as_of": "2026-09-21"
      }
    },
    {
      "type": "Feature",
      "geometry": null,
      "properties": {
        "id": "media_e5fc988abd43f45e",
        "date": "2026-09-21",
        "title": "La filiale d'Al Qaeda au Sahel revendique une double attaque contre l'Armée du Mali et le Corps africain russe.",
        "location": "Mali — lieu à confirmer",
        "region": "Mali",
        "country": "Mali",
        "layer": "event",
        "layer_label": "Signal médiatique",
        "category": "sécurité",
        "actor": "À vérifier",
        "status": "Signal médiatique — vérification requise",
        "confidence": "faible",
        "precision": "non géolocalisé",
        "summary": "La filiale d'Al Qaeda au Sahel revendique une double attaque contre l'Armée du Mali et le Corps africain russe. Demócrata",
        "source": "Demócrata",
        "source_url": "https://news.google.com/rss/articles/CBMi6AFBVV95cUxQaHBlb1FCaGYxRFlzLXRjemM3LTU2eEJHMmRKQUQ5T3JWU2pfTlZXaWVBXzItUWJ2U09lOWVNVmx3TXR3WlBlSTZqdEhrZnFRVjZiUWtSa1BRWkZjVUdValhTVEhremhyd3FIYmU1WXRXcVl3dzZWLWJXZFZKRExoV2tyTWxnS0VBX3c1a0dYUFEta19EWENYdXdGeVR4NTRpSkhONjgtNE00LUdNaUVBc3J5dEZuYTlBODd3b0FuMENqNVdoRXpNMW9pNElWWnViRlNVeU9Oa1RNRUtXVW9vZDVISTd2c2F40gHuAUFVX3lxTFBhYm5mZHRVTjhQOVE5SXRRc2dENXBjYmg2UTEzV2FkX3NZZkZaRDVha2xhdlNQZlBHZm1fNy1GWmwtZGkwYnpPRE9ja2VtemQxWHBSVUdkV3FVVG9GemhlemMxLXJhOHl5LVpDdzlzRzdtWmhDemNoVV84d2UzckRDZFMtTTBYXzJRdTZpZ28xdU1uWVYxdlhIQ3Jzend3dG04VHNOZVJGWWlPQUlQRGNIdTk1NEJMYkY5SVhSYjZ3Q183RFFzWnpzY2VqSkpFdUFjekNyM3pzclVPZ3dZQTM5QTlXZ1FCZGM3VFpWTGc?oc=5",
        "source_system": "Google Actualités — Mali",
        "language": "fr",
        "as_of": "2026-09-21"
      }
    },
    {
      "type": "Feature",
      "geometry": {
        "type": "Point",
        "coordinates": [
          2.11,
          13.514
        ]
      },
      "properties": {
        "id": "media_0bc840906692dd62",
        "date": "2026-09-21",
        "title": "Journée de la paix au Niger : Niamey mobilise sa jeunesse au stade Kountché",
        "location": "Niamey",
        "region": "Niamey",
        "country": "Niger",
        "layer": "event",
        "layer_label": "Signal médiatique",
        "category": "autre",
        "actor": "À vérifier",
        "status": "Signal médiatique — vérification requise",
        "confidence": "faible",
        "precision": "centre de localité approximatif",
        "summary": "Journée de la paix au Niger : Niamey mobilise sa jeunesse au stade Kountché Journal du Niger",
        "source": "Journal du Niger",
        "source_url": "https://news.google.com/rss/articles/CBMijwFBVV95cUxNZFZ5YnhXM25qSTRnUFlRT3djVlR3NVo0cXc5ZEJMSXp3WXlaWlotVUIzcWdVYkFDSV96WUMyUVIwWmRPbU9NbkJ2R2J0eGh4SEpMRVlLaWowUE51cHdCMGxiZEIwa3puZ1Q1ZUFNcjRHc1VvMnNJbDloYi1lRlFXSVlaX1duRzVfTzVaX19MYw?oc=5",
        "source_system": "Google Actualités — Niger",
        "language": "fr",
        "as_of": "2026-09-21"
      }
    },
    {
      "type": "Feature",
      "geometry": {
        "type": "Point",
        "coordinates": [
          -17.038,
          20.942
        ]
      },
      "properties": {
        "id": "media_aa43c796b9aa6c23",
        "date": "2026-09-21",
        "title": "Infrastructures: le Maroc et la Mauritanie s’accordent sur la réhabilitation de l’axe Nouakchott-Nouadhibou",
        "location": "Nouadhibou",
        "region": "Dakhlet Nouadhibou",
        "country": "Mauritanie",
        "layer": "event",
        "layer_label": "Signal médiatique",
        "category": "autre",
        "actor": "À vérifier",
        "status": "Signal médiatique — vérification requise",
        "confidence": "faible",
        "precision": "centre de localité approximatif",
        "summary": "Infrastructures: le Maroc et la Mauritanie s’accordent sur la réhabilitation de l’axe Nouakchott-Nouadhibou Le360 Afrique",
        "source": "Le360 Afrique",
        "source_url": "https://news.google.com/rss/articles/CBMi6gFBVV95cUxQc1pCVklKWWYtMW5sdTU0ZWxHNEwtRjNGX2JHWEJPeWZmZTd1RUd6WDNFdlQ5TzRlYy1VSFIxbklyM3RidWhLVDczeEk3RGM1eUpOX0ZXaWhuRUUyd2ZpWTNHU016cU1EWXlRbzBuUFhTOGNzQTV6MGNORDlTYU5jRnhmZkpOSzl0Z0U0YVR6MnpWWVZwSDJ0NHVJOHRmRFctRHBNNElwR0s0WXhNbXpuczRVMFpWdGJUbDFmRHBmRTdESlNCZkVYanpmX0JmZ1o5bHVPeXBGUElYT2JpUHBURGVMMFFROWdjM1E?oc=5",
        "source_system": "Google Actualités — Mauritanie",
        "language": "fr",
        "as_of": "2026-09-21"
      }
    },
    {
      "type": "Feature",
      "geometry": {
        "type": "Point",
        "coordinates": [
          -2.225,
          11.444
        ]
      },
      "properties": {
        "id": "media_b15d567352e8db76",
        "date": "2026-09-21",
        "title": "IPOB links Enugu political violence to election boycott",
        "location": "Tô",
        "region": "Centre-Ouest",
        "country": "Burkina Faso",
        "layer": "event",
        "layer_label": "Signal médiatique",
        "category": "politique",
        "actor": "À vérifier",
        "status": "Signal médiatique — vérification requise",
        "confidence": "faible",
        "precision": "centre de localité approximatif",
        "summary": "IPOB links Enugu political violence to election boycott",
        "source": "tribuneonlineng.com",
        "source_url": "https://tribuneonlineng.com/ipob-links-enugu-political-violence-to-election-boycott/",
        "source_system": "GDELT DOC 2.0",
        "language": "English",
        "as_of": "2026-09-21"
      }
    },
    {
      "type": "Feature",
      "geometry": null,
      "properties": {
        "id": "media_7f241ed740f639f7",
        "date": "2026-09-21",
        "title": "Commuters Stranded As Residents Protest Renewed Attacks in Niger – Daily Trust",
        "location": "Niger — lieu à confirmer",
        "region": "Niger",
        "country": "Niger",
        "layer": "event",
        "layer_label": "Signal médiatique",
        "category": "sécurité",
        "actor": "À vérifier",
        "status": "Signal médiatique — vérification requise",
        "confidence": "faible",
        "precision": "non géolocalisé",
        "summary": "Commuters Stranded As Residents Protest Renewed Attacks in Niger – Daily Trust",
        "source": "dailytrust.com",
        "source_url": "https://dailytrust.com/commuters-stranded-as-residents-protest-renewed-attacks-in-niger/",
        "source_system": "GDELT DOC 2.0",
        "language": "English",
        "as_of": "2026-09-21"
      }
    },
    {
      "type": "Feature",
      "geometry": {
        "type": "Point",
        "coordinates": [
          -4.295,
          11.181
        ]
      },
      "properties": {
        "id": "media_1b2be9c3b53e69b7",
        "date": "2026-09-21",
        "title": "Burkina : La Police nationale recherche activement TIGHRE Jean Pingwendé, présumé auteur de faits criminels et autres, commis à Bobo-Dioulasso",
        "location": "Bobo-Dioulasso",
        "region": "Hauts-Bassins",
        "country": "Burkina Faso",
        "layer": "event",
        "layer_label": "Signal médiatique",
        "category": "autre",
        "actor": "À vérifier",
        "status": "Signal médiatique — vérification requise",
        "confidence": "faible",
        "precision": "centre de localité approximatif",
        "summary": "Dans un avis lancé à travers sa page Facebook, ce lundi 21 septembre 2026, la Police nationale informe l'opinion publique qu'elle recherche très activement le nommé TIGHRE Jean Pingwendé (photo ci-associée), évoluant dans le domaine des forages. L'intéressé est recherché pour des faits présumés d'enlèvement, de séquestration, d'assassinat, d'assoc…",
        "source": "LeFaso.net",
        "source_url": "https://lefaso.net/spip.php?article149384=",
        "source_system": "LeFaso.net",
        "language": "fr",
        "as_of": "2026-09-21"
      }
    },
    {
      "type": "Feature",
      "geometry": null,
      "properties": {
        "id": "media_d85eefab39ba0fb3",
        "date": "2026-09-21",
        "title": "Attaque meurtrière de Madegoua: Issa Tchiroma Bakary condamne et exprime sa solidarité avec les victimes",
        "location": "Tchad — lieu à confirmer",
        "region": "Tchad",
        "country": "Tchad",
        "layer": "event",
        "layer_label": "Signal médiatique",
        "category": "sécurité",
        "actor": "À vérifier",
        "status": "Signal médiatique — vérification requise",
        "confidence": "faible",
        "precision": "non géolocalisé",
        "summary": "Attaque meurtrière de Madegoua: Issa Tchiroma Bakary condamne et exprime sa solidarité avec les victimes Actu Cameroun",
        "source": "Actu Cameroun",
        "source_url": "https://news.google.com/rss/articles/CBMi1wFBVV95cUxNcGZ4MldFMmU5NFlBaGxKV1lHQ3BzOWdqaFpJUXJVVHFKdWdlWlpNRjNrMDMxdWg2Y3NiQ2wwUGUzVENYYTBiTDBrSERpTW9Ud1c3RjdGbVhZSDRkYkgtM1lza2xTQW12T2JveExEbEFZMl9tbFpmNjlLSDliQzQzM3pDSUFnV2NNN2JGek9UTi10bF9xZWVpRWlneWFKdi1PXzJDU1A0bXdqNUVHbWNfcEswUWM3V2ZfZTh0SnlOOXRoZFMxRDdYUnJzYm1uQnRxb3JGTVFmOA?oc=5",
        "source_system": "Google Actualités — Tchad",
        "language": "fr",
        "as_of": "2026-09-21"
      }
    },
    {
      "type": "Feature",
      "geometry": null,
      "properties": {
        "id": "media_83fdc9e81263da95",
        "date": "2026-09-21",
        "title": "22 septembre 2026 : Assimi Goïta dresse le bilan de la Transition et réaffirme la quête de souveraineté du Mali",
        "location": "Mali — lieu à confirmer",
        "region": "Mali",
        "country": "Mali",
        "layer": "event",
        "layer_label": "Signal médiatique",
        "category": "politique",
        "actor": "À vérifier",
        "status": "Signal médiatique — vérification requise",
        "confidence": "faible",
        "precision": "non géolocalisé",
        "summary": "À l'occasion du 66e anniversaire de l'indépendance du Mali, le président de la Transition, Assimi Goïta, a livré un discours à la nation axé sur la souveraineté, la lutte contre le terrorisme et les avancées économiques du pays. Un message qui mêle bilan et appel à l'unité, à quelques mois d'échéances politiques majeures.",
        "source": "Maliweb — Actualités",
        "source_url": "https://www.maliweb.net/armee/22-septembre-2026-assimi-goita-dresse-le-bilan-de-la-transition-et-reaffirme-la-quete-de-souverainete-du-mali-3120072.html",
        "source_system": "Maliweb — Actualités",
        "language": "fr",
        "as_of": "2026-09-21"
      }
    },
    {
      "type": "Feature",
      "geometry": {
        "type": "Point",
        "coordinates": [
          1.454,
          14.207
        ]
      },
      "properties": {
        "id": "media_119e5ffb90035375",
        "date": "2026-09-20",
        "title": "Météo à Tombo, Tillabéri heure par heure",
        "location": "Tillabéri",
        "region": "Tillabéri Region",
        "country": "Niger",
        "layer": "event",
        "layer_label": "Signal médiatique",
        "category": "autre",
        "actor": "À vérifier",
        "status": "Signal médiatique — vérification requise",
        "confidence": "faible",
        "precision": "centre de localité approximatif",
        "summary": "Météo à Tombo, Tillabéri heure par heure SpaceRef",
        "source": "SpaceRef",
        "source_url": "https://news.google.com/rss/articles/CBMickFVX3lxTFBoQWxNeHB1NHdaYnA4REtWMGZmWDM2S1pLT21iWXU0aEptYzlfeWV1cUR6Y3FiRzI3bHFDUUdiYVZZUG1vUEljTGNQN3hBNzA0MWE5cEp1bzg0Zktkcm1PcjIxQnJtRk16QnBpWjlTVXEzZw?oc=5",
        "source_system": "Google Actualités — Niger",
        "language": "fr",
        "as_of": "2026-09-20"
      }
    },
    {
      "type": "Feature",
      "geometry": null,
      "properties": {
        "id": "media_88a536b474670a68",
        "date": "2026-09-20",
        "title": "Mali: Les jihadistes remettent la pression aux Fama et leurs alliés de l'Africa Corps",
        "location": "Mali — lieu à confirmer",
        "region": "Mali",
        "country": "Mali",
        "layer": "event",
        "layer_label": "Signal médiatique",
        "category": "sécurité",
        "actor": "FAMa / État malien",
        "status": "Signal médiatique — vérification requise",
        "confidence": "faible",
        "precision": "non géolocalisé",
        "summary": "Mali: Les jihadistes remettent la pression aux Fama et leurs alliés de l'Africa Corps fratmat.info",
        "source": "fratmat.info",
        "source_url": "https://news.google.com/rss/articles/CBMi1AFBVV95cUxNOFd1Z1c0U0JXMlR4M1Q0MF9ZQTU3WjlFUVVrUy1teGdWelN6eEp6VmJ0aUpkZVo0dktsbC1CU201WkRDUjFZTVp6SE5HejRYdTBBVXlvX3dTeVpQZDBrU2ZuQS1pNXB4Z3NJMkxCNi13cFNyZl84YldQTEp1dUhWdDhYaVdqM0xmT092emVrMnlvbXJVMk56SFR3U3REUE90QVY0b1RLMU5UU2JrQXZPamptRUJTUWpyZC1FeEF2YkNKX1lHRU0zOUVHUW5LaE45WTVZZw?oc=5",
        "source_system": "Google Actualités — Mali",
        "language": "fr",
        "as_of": "2026-09-20"
      }
    },
    {
      "type": "Feature",
      "geometry": null,
      "properties": {
        "id": "media_db14e3136f4eb341",
        "date": "2026-09-20",
        "title": "Mali Dioura Attack Kills at Least 100 Soldiers",
        "location": "Mali — lieu à confirmer",
        "region": "Mali",
        "country": "Mali",
        "layer": "event",
        "layer_label": "Signal médiatique",
        "category": "sécurité",
        "actor": "À vérifier",
        "status": "Signal médiatique — vérification requise",
        "confidence": "faible",
        "precision": "non géolocalisé",
        "summary": "Mali Dioura Attack Kills at Least 100 Soldiers",
        "source": "riotimesonline.com",
        "source_url": "https://www.riotimesonline.com/mali-dioura-attack-death-toll-2026/",
        "source_system": "GDELT DOC 2.0",
        "language": "English",
        "as_of": "2026-09-20"
      }
    },
    {
      "type": "Feature",
      "geometry": {
        "type": "Point",
        "coordinates": [
          -4.183,
          14.484
        ]
      },
      "properties": {
        "id": "media_4bed7c1eab0b0da8",
        "date": "2026-09-20",
        "title": "Les FAMa et l’Africa Corps ont frappé des positions de terroristes dans la région de Mopti",
        "location": "Mopti",
        "region": "Mopti",
        "country": "Mali",
        "layer": "event",
        "layer_label": "Signal médiatique",
        "category": "sécurité",
        "actor": "FAMa / État malien",
        "status": "Signal médiatique — vérification requise",
        "confidence": "faible",
        "precision": "centre de localité approximatif",
        "summary": "Les FAMa et l’Africa Corps ont frappé des positions de terroristes dans la région de Mopti maliweb.net",
        "source": "maliweb.net",
        "source_url": "https://news.google.com/rss/articles/CBMi0wFBVV95cUxQQnZUcEdKeW9ubEtmSGJUb2EteTNuQmVhSkFCRmlqMzNkdU1PcXJwY25RNHVBUmZyUVhPaE12LUlsQXE3VnF4QUhOXzBOQ3dzS1dDMjFuNzRHNmJNdWlHODluOXQwSkpfVDZiY09DYXVCalJ1N1hwM1hBbV9KVThzcGZkbXNpWHZhOFZZQXRLM0R4UlpySjJLaE1JN24wdWFFSEdWRzBTUVNDWHZnM280Ql8xUi1aNExzRU52UmdUckhSeDJobV9uNmpmTVgzbEd2Ym1F?oc=5",
        "source_system": "Google Actualités — Mali",
        "language": "fr",
        "as_of": "2026-09-20"
      }
    },
    {
      "type": "Feature",
      "geometry": null,
      "properties": {
        "id": "media_fa82be100cfa2e07",
        "date": "2026-09-20",
        "title": "Drame à Yoto : Attaqué par un hippopotame à Afito, un homme succombe à ses blessures, le site écotouristique fermé",
        "location": "Burkina Faso — lieu à confirmer",
        "region": "Burkina Faso",
        "country": "Burkina Faso",
        "layer": "event",
        "layer_label": "Signal médiatique",
        "category": "sécurité",
        "actor": "À vérifier",
        "status": "Signal médiatique — vérification requise",
        "confidence": "faible",
        "precision": "non géolocalisé",
        "summary": "Drame à Yoto : Attaqué par un hippopotame à Afito, un homme succombe à ses blessures, le site écotouristique fermé 24heureinfo.com",
        "source": "24heureinfo.com",
        "source_url": "https://news.google.com/rss/articles/CBMi2wFBVV95cUxNQWl3TGxDLWRJR0o2Ujg5T2pFWWRRMzZzNTJPMThrOEtzSUtxcDFtMzlKMnE2djhmNVZSTjRNall1Y2xSUlFzRy1HakZnZFZwUU1KT3lrUWFXX2lWalg2d04xVGxiQ0tGTkhmTmhzOGpCZzFVeFdIY0NpZmlpRGVlSEJIc01ZNlpycEllbjZvektUVFBra2dtT3N4dVJtMWJSZ2JuSkdUS0NnSzdUeWtSd2dUZENRQ3NpaXpPcUdqMlZFaXltTUJWMjF5b2h1Qm81cjFvUWp5TlpnMEU?oc=5",
        "source_system": "Google Actualités — Burkina Faso",
        "language": "fr",
        "as_of": "2026-09-20"
      }
    },
    {
      "type": "Feature",
      "geometry": {
        "type": "Point",
        "coordinates": [
          -1.534,
          12.366
        ]
      },
      "properties": {
        "id": "media_43f7f75193165703",
        "date": "2026-09-20",
        "title": "Comment le Burkina finance sa lutte contre le terrorisme",
        "location": "Ouagadougou",
        "region": "Centre",
        "country": "Burkina Faso",
        "layer": "event",
        "layer_label": "Signal médiatique",
        "category": "sécurité",
        "actor": "À vérifier",
        "status": "Signal médiatique — vérification requise",
        "confidence": "moyenne",
        "precision": "centre de localité approximatif",
        "summary": "Dans son ouvrage « Financement de la lutte contre le terrorisme au Burkina Faso : Économie politique d'une résilience nationale », dédicacé le 21 mai 2026 à Ouagadougou, Dr Youssouf Ouattara révèle comment chaque Burkinabè, par des gestes quotidiens, contribue financièrement à l'effort de guerre contre le terrorisme. Administrateur civil et spécia…",
        "source": "LeFaso.net",
        "source_url": "https://lefaso.net/spip.php?article149346=",
        "source_system": "LeFaso.net",
        "language": "fr",
        "as_of": "2026-09-20"
      }
    },
    {
      "type": "Feature",
      "geometry": null,
      "properties": {
        "id": "media_d0c9e442d9dc2118",
        "date": "2026-09-20",
        "title": "Burkina/Guerre contre le terrorisme : Le général Célestin Simporé détaille les mutations de l’armée et croit en une fin prochaine",
        "location": "Burkina Faso — lieu à confirmer",
        "region": "Burkina Faso",
        "country": "Burkina Faso",
        "layer": "event",
        "layer_label": "Signal médiatique",
        "category": "sécurité",
        "actor": "À vérifier",
        "status": "Signal médiatique — vérification requise",
        "confidence": "faible",
        "precision": "non géolocalisé",
        "summary": "Burkina/Guerre contre le terrorisme : Le général Célestin Simporé détaille les mutations de l’armée et croit en une fin prochaine leFaso.net - L'actualité au Burkina Faso",
        "source": "leFaso.net - L'actualité au Burkina Faso",
        "source_url": "https://news.google.com/rss/articles/CBMiY0FVX3lxTFBqelR0YzVWamhxYWd1YUNjOUx5TVJheGZmdjJiNmhXTGs5TmwxcUg0WWlkMzc2d0xWMnd1UWhrZ09mbVpHM2J6cXpESV9SLXZ4d1hBQTJSUGludW1JVVNjZlBiQQ?oc=5",
        "source_system": "Google Actualités — Burkina Faso",
        "language": "fr",
        "as_of": "2026-09-20"
      }
    },
    {
      "type": "Feature",
      "geometry": null,
      "properties": {
        "id": "media_5b6c051bbe244c8e",
        "date": "2026-09-20",
        "title": "Burkina/Guerre contre le terrorisme : Le général Célestin Simporé détaille les mutations de l'armée et croit en une fin prochaine",
        "location": "Burkina Faso — lieu à confirmer",
        "region": "Burkina Faso",
        "country": "Burkina Faso",
        "layer": "event",
        "layer_label": "Signal médiatique",
        "category": "sécurité",
        "actor": "À vérifier",
        "status": "Signal médiatique — vérification requise",
        "confidence": "faible",
        "precision": "non géolocalisé",
        "summary": "Depuis la région des Koulsé, le ministre de la Guerre et de la défense patriotique, le général de division Célestin Simporé, s'est entretenu, samedi 19 septembre 2026, avec les journalistes de la Radio nationale du Burkina Faso (RTB Radio). Pendant plus d'une heure, il a livré sa lecture de l'évolution de la situation sécuritaire, de la montée en…",
        "source": "LeFaso.net",
        "source_url": "https://lefaso.net/spip.php?article149363=",
        "source_system": "LeFaso.net",
        "language": "fr",
        "as_of": "2026-09-20"
      }
    },
    {
      "type": "Feature",
      "geometry": null,
      "properties": {
        "id": "media_2b53b86628156fce",
        "date": "2026-09-20",
        "title": "Al - Qaida - linked JNIM claims a deadly Mali army camp attack",
        "location": "Mali — lieu à confirmer",
        "region": "Mali",
        "country": "Mali",
        "layer": "event",
        "layer_label": "Signal médiatique",
        "category": "sécurité",
        "actor": "JNIM / GSIM",
        "status": "Signal médiatique — vérification requise",
        "confidence": "faible",
        "precision": "non géolocalisé",
        "summary": "Al - Qaida - linked JNIM claims a deadly Mali army camp attack",
        "source": "economictimes.indiatimes.com",
        "source_url": "https://economictimes.indiatimes.com/news/defence/al-qaida-linked-jnim-claims-a-deadly-mali-army-camp-attack/articleshow/134362675.cms",
        "source_system": "GDELT DOC 2.0",
        "language": "English",
        "as_of": "2026-09-20"
      }
    },
    {
      "type": "Feature",
      "geometry": {
        "type": "Point",
        "coordinates": [
          -4.553,
          13.906
        ]
      },
      "properties": {
        "id": "media_d13144c7c83f0206",
        "date": "2026-09-19",
        "title": "Opération Dougoukoloko: les FAMa ciblent plusieurs positions de groupes armés à Djenné, Sévaré et Ber",
        "location": "Djenné",
        "region": "Mopti",
        "country": "Mali",
        "layer": "event",
        "layer_label": "Signal médiatique",
        "category": "autre",
        "actor": "FAMa / État malien",
        "status": "Signal médiatique — vérification requise",
        "confidence": "faible",
        "precision": "centre de localité approximatif",
        "summary": "Les Forces armées maliennes (FAMa), appuyées par leurs partenaires, poursuivent leurs opérations de surveillance et de sécurisation du territoire dans le cadre de l’opération Dougoukoloko, selon l’état-major général des armées.",
        "source": "Malijet",
        "source_url": "https://malijet.com/actualte_dans_les_regions_du_mali/311921-operation-dougoukoloko-les-fama-ciblent-plusieurs-positions.html",
        "source_system": "Malijet",
        "language": "fr",
        "as_of": "2026-09-19"
      }
    },
    {
      "type": "Feature",
      "geometry": null,
      "properties": {
        "id": "media_4f4e2938da3a7d01",
        "date": "2026-09-19",
        "title": "Opération Dougoukoloko : Évacuation héroïque à Dioura, l’armée malienne rend hommage à ses fils tombés au champ d’honneur",
        "location": "Mali — lieu à confirmer",
        "region": "Mali",
        "country": "Mali",
        "layer": "event",
        "layer_label": "Signal médiatique",
        "category": "sécurité",
        "actor": "FAMa / État malien",
        "status": "Signal médiatique — vérification requise",
        "confidence": "faible",
        "precision": "non géolocalisé",
        "summary": "Après plus d’une semaine de combats acharnés dans le secteur de Dioura, les Forces armées maliennes (FAMa) ont réussi l’évacuation de deux compagnies qui ont tenu tête à l’ennemi avec un courage exceptionnel. L’état-major général des armées a dressé un bilan marqué par la bravoure, mais aussi par le...",
        "source": "Malijet",
        "source_url": "https://malijet.com/actualte_dans_les_regions_du_mali/311932-operation-dougoukoloko-evacuation-heroique-a-dioura-larm.html",
        "source_system": "Malijet",
        "language": "fr",
        "as_of": "2026-09-19"
      }
    },
    {
      "type": "Feature",
      "geometry": null,
      "properties": {
        "id": "media_f4f411fe1760f82c",
        "date": "2026-09-19",
        "title": "Nouveau bilan d'une attaque jihadiste au Mali : au moins 100 militaires tués (sources concordantes)",
        "location": "Mali — lieu à confirmer",
        "region": "Mali",
        "country": "Mali",
        "layer": "event",
        "layer_label": "Signal médiatique",
        "category": "sécurité",
        "actor": "À vérifier",
        "status": "Signal médiatique — vérification requise",
        "confidence": "faible",
        "precision": "non géolocalisé",
        "summary": "Nouveau bilan d'une attaque jihadiste au Mali : au moins 100 militaires tués (sources concordantes) Ouragan.cd",
        "source": "Ouragan.cd",
        "source_url": "https://news.google.com/rss/articles/CBMivwFBVV95cUxNQk1SMDVoMXRZaDg5aHhkbzdFTkFSVndxdnZvbm43djhoTmJTSW45cW81akRWUmI4R083QkxjTWJVeTIzWlFZWFpjMS10UGVlUFJkbHh2MkRwT2QxSmxWajhNSExCY1JsVVoyNTJ5MW81cm5tLXoyQmlpanBXRFZrUmZVMlFkX2RnQzZYQVliNXdPdUhiZWd3ekd0UWUxd0dSOXJnR3R0XzZnNGFzbDR2cktUSmktLUVscWxyMTA1QQ?oc=5",
        "source_system": "Google Actualités — Mali",
        "language": "fr",
        "as_of": "2026-09-19"
      }
    },
    {
      "type": "Feature",
      "geometry": null,
      "properties": {
        "id": "media_501c9fbc56cfa127",
        "date": "2026-09-19",
        "title": "Mauritanie : Les Houthis frappent Riyad, une première depuis la reprise du conflit",
        "location": "Mauritanie — lieu à confirmer",
        "region": "Mauritanie",
        "country": "Mauritanie",
        "layer": "event",
        "layer_label": "Signal médiatique",
        "category": "sécurité",
        "actor": "À vérifier",
        "status": "Signal médiatique — vérification requise",
        "confidence": "faible",
        "precision": "non géolocalisé",
        "summary": "Mauritanie : Les Houthis frappent Riyad, une première depuis la reprise du conflit Cridem",
        "source": "Cridem",
        "source_url": "https://news.google.com/rss/articles/CBMiYEFVX3lxTE1CdW1yUVlJYUhSWi1LT2VKbDM2UDIzeThOTFlZeElBRE5XTkRxYWZ1MkpCYlZZLVBTX3J1ckIxdi1TZjV1YnpSeGszM1VfbWlLaXUzMjlwLTRHcUFGLTVvYw?oc=5",
        "source_system": "Google Actualités — Mauritanie",
        "language": "fr",
        "as_of": "2026-09-19"
      }
    },
    {
      "type": "Feature",
      "geometry": {
        "type": "Point",
        "coordinates": [
          -7.975,
          12.609
        ]
      },
      "properties": {
        "id": "media_3d4415fd4fada31a",
        "date": "2026-09-19",
        "title": "Mali: les jihadistes ciblent Sévaré, un poste de contrôle près de Bamako et multiplient les attaques stratégiques",
        "location": "Bamako",
        "region": "Bamako",
        "country": "Mali",
        "layer": "event",
        "layer_label": "Signal médiatique",
        "category": "sécurité",
        "actor": "À vérifier",
        "status": "Signal médiatique — vérification requise",
        "confidence": "faible",
        "precision": "centre de localité approximatif",
        "summary": "Mali: les jihadistes ciblent Sévaré, un poste de contrôle près de Bamako et multiplient les attaques stratégiques RFI",
        "source": "RFI",
        "source_url": "https://news.google.com/rss/articles/CBMihgJBVV95cUxONXJDLVhJSk1tQklYbjdqTk82SGhrRkFMc3JJdUo1YXFpYmhaTm1kM0h2VF9YMGNLSmd2OWhJd2dzSXdzeTB5WDVMc0RHSkdjOHRUNGx5ZzF5cjNqQXJIUmVWTnRSR3ZMQmcxWXBMalByYlY5U0FaYTJwZnNWemVmY2Zna2JULVI2ZENUVWtseERoMHhlVGVBV1NxWVd5MmJJOVEtay1YSTcxZVhEMVd2MkIyRGRJX0N0a2dXOUwyZ3dFTEdaVDJVOHlndDB4Zk9RVEk1Z1l6WnNnY2U0TDlLMlpWMFE0RzQtbm1mOWpCcEVuN1Z5Nkl5MjczMDA0QmhtNWZTM2ZB?oc=5",
        "source_system": "Google Actualités — Mali",
        "language": "fr",
        "as_of": "2026-09-19"
      }
    },
    {
      "type": "Feature",
      "geometry": null,
      "properties": {
        "id": "media_ba6ac0c497e2f176",
        "date": "2026-09-19",
        "title": "Mali: le bilan de l’attaque des jihadistes à Dioura s’alourdit à une centaine de militaires tués",
        "location": "Mali — lieu à confirmer",
        "region": "Mali",
        "country": "Mali",
        "layer": "event",
        "layer_label": "Signal médiatique",
        "category": "sécurité",
        "actor": "À vérifier",
        "status": "Signal médiatique — vérification requise",
        "confidence": "faible",
        "precision": "non géolocalisé",
        "summary": "Mali: le bilan de l’attaque des jihadistes à Dioura s’alourdit à une centaine de militaires tués Boursorama",
        "source": "Boursorama",
        "source_url": "https://news.google.com/rss/articles/CBMigwJBVV95cUxPR05tNlg1bXdwZ1ZIYkFiSUd6V0lTTy1XeTFfSVZRMkZtOU9DYmVjd0dYdEEzQXpJZzB1bHRVQnJpOHBidzd2OWRCNTJiYldMR25tS2JvUHJiYURYemYwUUhHcVF1NGhVOHdQTFU1UUYyRTJsaExNYlkwZ3l0YUFoa2JFYnBfcU5jV2lxcDRYWWZJR2FFR0dYVDlXMUZIMzlNeVdyMEFhWVZuRXlmWUcwVFNPZzdVdEJ0eEgxbE56SUFPamlEZndmYWdNdXRtdlllUzJQQmUybWJYcWVkY2x0Tm5FVjluaUVkbDZCbkdvbVM5Mk9RdjMyX25ScmU0ZFB1MXgw0gGIAkFVX3lxTE1sTTRWVW81LTRBVDJSem5RN09ZcnZERFNPY0x4d1lZZmlPNnJzeGtYVXZhMmdtRVVnTHNTQWlwUnJHdWRicHB3ZXZpN1RPN3hDU1B3Z1ZKSHZVbm1XeXlDWVpGNVpJclJPZGIydW1OZUhTUjhYa2lNNDM3V1dELTJVVE52RjBQTWJVa0JKT2FDMFlyZUlmM0pIMWdwem1iQ2REZmU4ME8wQTliNzdJdjZORVhHQ1o4Z3lpbTE2Qm9aclhYVHJpYkRtNnF4N1Bic3ZheVV0U2JMLTFrdmlzZklqZUJZc2FkM0xfeW12OUpKVkRqRVNKNW1SYl9wWWdxYTFVcVl1NlVNRQ?oc=5",
        "source_system": "Google Actualités — Mali",
        "language": "fr",
        "as_of": "2026-09-19"
      }
    },
    {
      "type": "Feature",
      "geometry": null,
      "properties": {
        "id": "media_3c616e181b44cd88",
        "date": "2026-09-19",
        "title": "Mali: le bilan de l’attaque des jihadistes du Jnim à Dioura s’alourdit à une centaine de militaires tués",
        "location": "Mali — lieu à confirmer",
        "region": "Mali",
        "country": "Mali",
        "layer": "event",
        "layer_label": "Signal médiatique",
        "category": "sécurité",
        "actor": "JNIM / GSIM",
        "status": "Signal médiatique — vérification requise",
        "confidence": "faible",
        "precision": "non géolocalisé",
        "summary": "Mali: le bilan de l’attaque des jihadistes du Jnim à Dioura s’alourdit à une centaine de militaires tués DAKARACTU.COM",
        "source": "DAKARACTU.COM",
        "source_url": "https://news.google.com/rss/articles/CBMi2gFBVV95cUxPNFlaMHRXSzVDNmJRcXJ1cW1QeG1wNDJQV2tkWXVxRlpCWHZ0bkFIUGZ3dFlHanNhc0UtdndILWpjQkdnQWotczhTV1FfdFk5WHJfSHNpYV9VUm9YekNjWmo2bjkyQ3k5bnR0SWZPNWhCMHBMZjQ2QXR4ZmVTa3ZmY2VUanJlWDVQUXRESzhsLS1FaE5VdlR2aHpfcldJTENuRmxvLXIzaXFCVUxmLV85MDY0TFhUUWhic0VRdmVZenVOZFJIMnNkRGkxeXRHcllGWjF1M2trRkQ5dw?oc=5",
        "source_system": "Google Actualités — Mali",
        "language": "fr",
        "as_of": "2026-09-19"
      }
    },
    {
      "type": "Feature",
      "geometry": null,
      "properties": {
        "id": "media_11d37ef4f1c09c0c",
        "date": "2026-09-19",
        "title": "Mali : au moins 100 militaires tués dans l’attaque jihadiste de Dioura",
        "location": "Mali — lieu à confirmer",
        "region": "Mali",
        "country": "Mali",
        "layer": "event",
        "layer_label": "Signal médiatique",
        "category": "sécurité",
        "actor": "À vérifier",
        "status": "Signal médiatique — vérification requise",
        "confidence": "faible",
        "precision": "non géolocalisé",
        "summary": "Mali : au moins 100 militaires tués dans l’attaque jihadiste de Dioura africaradio.com",
        "source": "africaradio.com",
        "source_url": "https://news.google.com/rss/articles/CBMiswFBVV95cUxOWC1SZTh1ajhxTFd0aGhKUVBGS2xZZm80VkgxdS04RTU2cjJUTUNtcGpKakl0Y2QxVzlDX0NKTGhtQlBwQW5KQkJQbV9zYUdFU3BGclhrLVZpcW9RRUY4a1ZYU2htWHdGZnJCckFiaG13YmxvZzVCVktBVVJ0LTQ1Y2RDdVFMd09CY2NjVGNaYW02YnM0ckNGdkYzWHo2eHRkWFpTM2pCYnkwZ0N5UUpzTW9nOA?oc=5",
        "source_system": "Google Actualités — Mali",
        "language": "fr",
        "as_of": "2026-09-19"
      }
    },
    {
      "type": "Feature",
      "geometry": null,
      "properties": {
        "id": "media_a4dff654c7f86231",
        "date": "2026-09-19",
        "title": "Mali : Plus de 100 soldats tués dans l’attaque jihadiste contre Dioura",
        "location": "Mali — lieu à confirmer",
        "region": "Mali",
        "country": "Mali",
        "layer": "event",
        "layer_label": "Signal médiatique",
        "category": "sécurité",
        "actor": "À vérifier",
        "status": "Signal médiatique — vérification requise",
        "confidence": "faible",
        "precision": "non géolocalisé",
        "summary": "Mali : Plus de 100 soldats tués dans l’attaque jihadiste contre Dioura Sahel Intelligence",
        "source": "Sahel Intelligence",
        "source_url": "https://news.google.com/rss/articles/CBMirgFBVV95cUxQRUJOUXBwWEVvQWJoV1E4a0tRVUFFYTJySnhuWWFhX29KOGNJc2pxWjFTR2VtQ3RqQmtjS2g3MExRSENsLUtlVDBrV25lRncweFRJTjhBWlFlcTVHU0NLS2k1UHBzeW5HcGswTXpDTk8yQUlsNkxiS0VKMUxJTWgyRmFtOElTT2NWVFk5cF9NVFhjbmZNN05Ec0FLaFNQc2F4MmpoRnBPaEgyMVIzSkE?oc=5",
        "source_system": "Google Actualités — Mali",
        "language": "fr",
        "as_of": "2026-09-19"
      }
    },
    {
      "type": "Feature",
      "geometry": null,
      "properties": {
        "id": "media_1cff559a12d95ade",
        "date": "2026-09-19",
        "title": "Lutte contre le terrorisle au Mali : L'Armée annonce la destruction de plusieurs positions de groupes armés",
        "location": "Burkina Faso — lieu à confirmer",
        "region": "Burkina Faso",
        "country": "Burkina Faso",
        "layer": "event",
        "layer_label": "Signal médiatique",
        "category": "sécurité",
        "actor": "À vérifier",
        "status": "Signal médiatique — vérification requise",
        "confidence": "faible",
        "precision": "non géolocalisé",
        "summary": "L'État-Major Général des Armées du Mali a annoncé la neutralisation de plusieurs positions et dépôts logistiques attribués à des groupes armés terroristes, les 17 et 18 septembre 2026, dans le cadre de l'opération Dougoukoloko. Les opérations ont notamment ciblé des sites repérés au sud-est de Djenné, au nord-ouest de Sévaré et à Ber. Selon le com…",
        "source": "LeFaso.net",
        "source_url": "https://lefaso.net/spip.php?article149345=",
        "source_system": "LeFaso.net",
        "language": "fr",
        "as_of": "2026-09-19"
      }
    },
    {
      "type": "Feature",
      "geometry": null,
      "properties": {
        "id": "media_fef12afafafc10df",
        "date": "2026-09-19",
        "title": "La violence islamiste extrémiste au Sahel est en passe d'atteindre des niveaux records.",
        "location": "Burkina Faso — lieu à confirmer",
        "region": "Burkina Faso",
        "country": "Burkina Faso",
        "layer": "event",
        "layer_label": "Signal médiatique",
        "category": "sécurité",
        "actor": "À vérifier",
        "status": "Signal médiatique — vérification requise",
        "confidence": "faible",
        "precision": "non géolocalisé",
        "summary": "La violence islamiste extrémiste au Sahel est en passe d'atteindre des niveaux records. Vietnam.vn",
        "source": "Vietnam.vn",
        "source_url": "https://news.google.com/rss/articles/CBMihwFBVV95cUxOVkFTQUlJRGVuV1JnNWZucnNjaG96QTZSbkpzMlI5X21OMlEzUFFaVWxCeVNNNDNHNlE2VW5SUFNoemRJMVNlM0pCaHh4N19pTmlaSkRuVktkRlFtckpENVkwakdlc0pFS2V0YTl0QnpjX3diTC1jU0RJUnZlekxjN3dKSm9ZSFE?oc=5",
        "source_system": "Google Actualités — Burkina Faso",
        "language": "fr",
        "as_of": "2026-09-19"
      }
    },
    {
      "type": "Feature",
      "geometry": null,
      "properties": {
        "id": "media_09ea69b3e8179961",
        "date": "2026-09-19",
        "title": "La Mauritanie a condamné l’attaque menée contre la province de Taëf et réaffirme sa solidarité avec le royaume saoudien",
        "location": "Mauritanie — lieu à confirmer",
        "region": "Mauritanie",
        "country": "Mauritanie",
        "layer": "event",
        "layer_label": "Signal médiatique",
        "category": "sécurité",
        "actor": "À vérifier",
        "status": "Signal médiatique — vérification requise",
        "confidence": "faible",
        "precision": "non géolocalisé",
        "summary": "La Mauritanie a condamné l’attaque qui a visé la province de Taëf, en Arabie saoudite, affirmant sa solidarité totale avec le Royaume et son soutien face à ces attaques. Dans un communiqué publié jeudi, le ministère des Affaires étrangères, de la Coopération africaine et des Mauritaniens de l’extérieur a indiqué que cette attaque avait causé [...]",
        "source": "Sahara Médias",
        "source_url": "https://fr.saharamedias.net/la-mauritanie-a-condamne-lattaque-menee-contre-la-province-de-taef-et-reaffirme-sa-solidarite-avec-le-royaume-saoudien/",
        "source_system": "Sahara Médias",
        "language": "fr",
        "as_of": "2026-09-19"
      }
    },
    {
      "type": "Feature",
      "geometry": null,
      "properties": {
        "id": "media_1e5d6a3ae0dc043c",
        "date": "2026-09-19",
        "title": "Journal de l'Afrique - Mali : le bilan de l’attaque des jihadistes à Dioura s’alourdit à une centaine de militaires tués",
        "location": "Mali — lieu à confirmer",
        "region": "Mali",
        "country": "Mali",
        "layer": "event",
        "layer_label": "Signal médiatique",
        "category": "sécurité",
        "actor": "À vérifier",
        "status": "Signal médiatique — vérification requise",
        "confidence": "faible",
        "precision": "non géolocalisé",
        "summary": "Journal de l'Afrique - Mali : le bilan de l’attaque des jihadistes à Dioura s’alourdit à une centaine de militaires tués France 24",
        "source": "France 24",
        "source_url": "https://news.google.com/rss/articles/CBMikAJBVV95cUxPR3k4bV9SZk5yOUFvWDlXeFkzcFZmbWhwMEdkMTBXem9pUEtaVVlNZXBYek4tV3pUUUQ3Z0hHNXcxcVpwOVJ4QXA3NjBtNFEwUU1MWFplaXBhRWFfSEhqVENDOV81Ujl5S0ZvQUNhUGwwOU5RdDc0M2RYdzRtdm5mTHZjdzkwUjNjRWNoakxzbU1WeGtMNXJlWUFGQXo5Smk4b1laR05QNUYtT0lLR3lPQW9keU9fZ2VYM2NNUjg3SzVvTmtlUFVXZmFhMkJPZ1U0S3hiNk9FNUkwYm1UYUVqemt6UHJ3NUFBR2lybTdDejJ4MTRJSktKRU9NOG9tQXYzOElXaFVzOTBuUUs1RGVDMA?oc=5",
        "source_system": "Google Actualités — Mali",
        "language": "fr",
        "as_of": "2026-09-19"
      }
    },
    {
      "type": "Feature",
      "geometry": null,
      "properties": {
        "id": "media_9733a16bf825f112",
        "date": "2026-09-19",
        "title": "Cameroun : attaque meurtrière contre un village dans l’extrême nord du pays",
        "location": "Mauritanie — lieu à confirmer",
        "region": "Mauritanie",
        "country": "Mauritanie",
        "layer": "event",
        "layer_label": "Signal médiatique",
        "category": "sécurité",
        "actor": "À vérifier",
        "status": "Signal médiatique — vérification requise",
        "confidence": "faible",
        "precision": "non géolocalisé",
        "summary": "Plusieurs hommes ont été tués lors d’une attaque armée contre le village de Madigwa, à l’extrême nord du Cameroun, après que des hommes armés aient fait irruption dans le village à l’aube et ligoté plusieurs habitants avant de les exécuter, selon des sources locales et sécuritaires. Les assaillants ont fait irruption dans le village avant [...]",
        "source": "Sahara Médias",
        "source_url": "https://fr.saharamedias.net/cameroun-attaque-meurtriere-contre-un-village-dans-lextreme-nord-du-pays/",
        "source_system": "Sahara Médias",
        "language": "fr",
        "as_of": "2026-09-19"
      }
    },
    {
      "type": "Feature",
      "geometry": null,
      "properties": {
        "id": "media_74b890b026a0a62d",
        "date": "2026-09-19",
        "title": "Attaque de Dioura : Le bilan s’aggrave, plus de 100 soldats maliens tués",
        "location": "Mali — lieu à confirmer",
        "region": "Mali",
        "country": "Mali",
        "layer": "event",
        "layer_label": "Signal médiatique",
        "category": "sécurité",
        "actor": "À vérifier",
        "status": "Signal médiatique — vérification requise",
        "confidence": "faible",
        "precision": "non géolocalisé",
        "summary": "Attaque de Dioura : Le bilan s’aggrave, plus de 100 soldats maliens tués afrik soir",
        "source": "afrik soir",
        "source_url": "https://news.google.com/rss/articles/CBMibkFVX3lxTE1PVjJyNm9VdVpRcm5JdWZVVl9PcmVRY0Q3dmFnVXk0QlNmN0dUSFluVE8zUU5WMEEtVGZwOFdIVHhuaFlPYk9jUmZyOHhFQ0ZYc2dhMWJCWmlVd2pBQ2EtRFdRdm5hZEx5VEIwNElB?oc=5",
        "source_system": "Google Actualités — Mali",
        "language": "fr",
        "as_of": "2026-09-19"
      }
    },
    {
      "type": "Feature",
      "geometry": null,
      "properties": {
        "id": "media_68d68c512b35b2cd",
        "date": "2026-09-18",
        "title": "« Si l’Europe attaque la Russie, la guerre sera très courte », a averti Sergueï Lavrov",
        "location": "Mali — lieu à confirmer",
        "region": "Mali",
        "country": "Mali",
        "layer": "event",
        "layer_label": "Signal médiatique",
        "category": "sécurité",
        "actor": "À vérifier",
        "status": "Signal médiatique — vérification requise",
        "confidence": "faible",
        "precision": "non géolocalisé",
        "summary": "« Si l’Europe attaque la Russie, la guerre sera très courte », a averti Sergueï Lavrov maliweb",
        "source": "maliweb",
        "source_url": "https://news.google.com/rss/articles/CBMiygFBVV95cUxQc1VDd05DSWV4STZ2R2VGbXFOaWxDYWprVW0wc3NzSkJfNjdXM2p2TllsTkhBSUFDaERubF9XYU5QVDBFLVBnamRCMHkxM0NiU21GVW1qR0xyQzV5ZWRuVDYtWkEwVU5ra1dpM0ZfMEZYbnFqbkltWGpPZDdncm5jeEhhMHFYa21lejlrM0h1Q000Vk92RnJUazUwZ0htU3pyRmxpTkE5NVFJcjZUOU4zUS1zTTZwemozTUhZRm9US3hKRHFFVFNQWGx3?oc=5",
        "source_system": "Google Actualités — Mali",
        "language": "fr",
        "as_of": "2026-09-18"
      }
    },
    {
      "type": "Feature",
      "geometry": null,
      "properties": {
        "id": "media_7308b74c1cc80da6",
        "date": "2026-09-18",
        "title": "Une attaque attribuée à Boko Haram fait 13 morts à Madegoua",
        "location": "Tchad — lieu à confirmer",
        "region": "Tchad",
        "country": "Tchad",
        "layer": "event",
        "layer_label": "Signal médiatique",
        "category": "sécurité",
        "actor": "À vérifier",
        "status": "Signal médiatique — vérification requise",
        "confidence": "faible",
        "precision": "non géolocalisé",
        "summary": "Une attaque attribuée à Boko Haram fait 13 morts à Madegoua 237online.com",
        "source": "237online.com",
        "source_url": "https://news.google.com/rss/articles/CBMiZ0FVX3lxTE9jaTJUV080QTg5eDJlcWVIWFlUMmd5bWRTZ2NidW5SQ0JrNUtoQl8tcDkzVU42WXRSb055Z3B4bzBEZ1EwbkV2eWpCcjFnUjQwbVlzaElDa3hGeGQ2NVlrRTU1ZVlLYkk?oc=5",
        "source_system": "Google Actualités — Tchad",
        "language": "fr",
        "as_of": "2026-09-18"
      }
    },
    {
      "type": "Feature",
      "geometry": null,
      "properties": {
        "id": "media_61eeeb5786e1eb12",
        "date": "2026-09-18",
        "title": "Un nouveau bilan de l’attaque jihadiste au Mali fait état d’au moins 100 militaires tués",
        "location": "Mali — lieu à confirmer",
        "region": "Mali",
        "country": "Mali",
        "layer": "event",
        "layer_label": "Signal médiatique",
        "category": "sécurité",
        "actor": "À vérifier",
        "status": "Signal médiatique — vérification requise",
        "confidence": "faible",
        "precision": "non géolocalisé",
        "summary": "Un nouveau bilan de l’attaque jihadiste au Mali fait état d’au moins 100 militaires tués SeneNews",
        "source": "SeneNews",
        "source_url": "https://news.google.com/rss/articles/CBMi2gFBVV95cUxPWEZHRlItb05uY3BtSmliMHRXOTRKRTZUVWQ5VWNBbnY5cWk1QUtqbksteFBib01sZGV5UEF4Y3ZTODlLY2RwZUhkUUJPcWF3UUdmQl9yZm1iOGd4aHo5YTFUdXQtaU9mTVR3a3JjZ3dBckstSG9GSWJNTG1HSUs1a25zR2hlN2tiVjFCT1VVNXU5RWZpd3l3cE9iblZiSWU3VDBtNHpETUg1UWNUNWZqZFRrVEMtelQtQjI5TTAwQUFBUE5HUWRjME9WZkwzX2lxQW9Wa0VMMTZydw?oc=5",
        "source_system": "Google Actualités — Mali",
        "language": "fr",
        "as_of": "2026-09-18"
      }
    },
    {
      "type": "Feature",
      "geometry": {
        "type": "Point",
        "coordinates": [
          1.409,
          18.443
        ]
      },
      "properties": {
        "id": "media_8069e2584b06c2c2",
        "date": "2026-09-18",
        "title": "Sécurité au Mali : Frappes chirurgicales et montée en puissance de la coordination militaire à Mopti et Kidal",
        "location": "Kidal",
        "region": "Kidal",
        "country": "Mali",
        "layer": "event",
        "layer_label": "Signal médiatique",
        "category": "sécurité",
        "actor": "À vérifier",
        "status": "Signal médiatique — vérification requise",
        "confidence": "faible",
        "precision": "centre de localité approximatif",
        "summary": "Sécurité au Mali : Frappes chirurgicales et montée en puissance de la coordination militaire à Mopti et Kidal MaliActu",
        "source": "MaliActu",
        "source_url": "https://news.google.com/rss/articles/CBMiyAFBVV95cUxOSFcwN0lxTXhUamRhNHBubXJxZzJnTFhSeTVqbjYyajUtTmpBZDN0Ry1wZ29qQTNEOXpleGFqanNXRUtNdE1kc1g4YXlLM0FUNUV3TnpfcHAzVmVkREEwbFJVOEJWd2RSNGZjXzBpVm1BUk5hMWRlMlNueXRUWkU4ZENpOTBXVjI4d1hna3l2OGNsLTI4MUhXaU9Fd0JGTWpuUnlLQkJUSXhucXVhc2ZoVnp2emFHcDFlOERaV0ltSkhCODdPS0hmONIB0AFBVV95cUxQQUZOM0xZWldLNXhOR05KcEVBaEFleENzWVhKZEJSTXc1WkhwU2xxYzJDQnowZnFrWjFqaTZGS2I3WTVVUTItYTVsVWQyUmNpSHo3X2NLQWxPYkZwVVdTRTlPVkkyeUl0dWs5M3dNelEtZC1ZczVFOC1FVEljZzdxYjd5OXJtTEZwSmMwU3JSbnc2TFVkdlFzVTFnRENHaFVUOHRnamhuYnpoWDFNbUdnSUNldWk5cTI2NmNRMV9sYkZUVWVvN3VXNXZLQnluVjRi?oc=5",
        "source_system": "Google Actualités — Mali",
        "language": "fr",
        "as_of": "2026-09-18"
      }
    },
    {
      "type": "Feature",
      "geometry": {
        "type": "Point",
        "coordinates": [
          -5.667,
          11.318
        ]
      },
      "properties": {
        "id": "media_3fed6c509429c639",
        "date": "2026-09-18",
        "title": "Sikasso sous tension : 4 braqueurs interpellés après 14 attaques et un meurtre",
        "location": "Sikasso",
        "region": "Sikasso",
        "country": "Mali",
        "layer": "event",
        "layer_label": "Signal médiatique",
        "category": "sécurité",
        "actor": "À vérifier",
        "status": "Signal médiatique — vérification requise",
        "confidence": "moyenne",
        "precision": "centre de localité approximatif",
        "summary": "Mali Actu - maliactu.net - Mali Actualités, Les Actus et Informations sur le Mali Mali Actu Sikasso sous tension : 4 braqueurs interpellés après 14 attaques et un meurtre La police de Sikasso a démantelé un réseau criminel responsable de 14 braquages et d'un meurtre. Découvrez comment ces dangereux individus ont été neutralisés. Sikasso sous tensi…",
        "source": "MaliActu",
        "source_url": "https://maliactu.net/sikasso-4-braqueurs-interpelles-apres-14-attaques/",
        "source_system": "MaliActu",
        "language": "fr",
        "as_of": "2026-09-18"
      }
    },
    {
      "type": "Feature",
      "geometry": null,
      "properties": {
        "id": "media_c596c0dcdaa5ff0f",
        "date": "2026-09-18",
        "title": "Plus de 100 soldats tués au Mali... Ce que l'on sait sur l'attaque djihadiste de Dioura",
        "location": "Mali — lieu à confirmer",
        "region": "Mali",
        "country": "Mali",
        "layer": "event",
        "layer_label": "Signal médiatique",
        "category": "sécurité",
        "actor": "À vérifier",
        "status": "Signal médiatique — vérification requise",
        "confidence": "faible",
        "precision": "non géolocalisé",
        "summary": "Plus de 100 soldats tués au Mali... Ce que l'on sait sur l'attaque djihadiste de Dioura tv5monde",
        "source": "tv5monde",
        "source_url": "https://news.google.com/rss/articles/CBMiywFBVV95cUxOaHgtSWZISlV2UnREVUN3ajJZR05vaDdPR3JmUFVkTDlBMGpTem11Y2o4a2szRVdpSTJCSjhfbkhNVTVEbUswblYwR3oxTnF0cl9YN0NzMFJ4ZFJ1R0tDUEQ0eWJhREVkZzdkaGYxSW1pcG01ekY2OU55SDQ4dElMTVB2ZEFpNWNiaEQ1ZEhZMHQ1eFdFVmZKS0dOdHVaLVZoU2xSVi1aX3dyaklFZ1MwT3VJZjFtWjdlY1FTMFBYRWRMNTdvVE1KVGtiSQ?oc=5",
        "source_system": "Google Actualités — Mali",
        "language": "fr",
        "as_of": "2026-09-18"
      }
    },
    {
      "type": "Feature",
      "geometry": null,
      "properties": {
        "id": "media_7536d0b184b46884",
        "date": "2026-09-18",
        "title": "Opération Dougoukoloko : les FAMa poursuivent les frappes à Dioura",
        "location": "Mali — lieu à confirmer",
        "region": "Mali",
        "country": "Mali",
        "layer": "event",
        "layer_label": "Signal médiatique",
        "category": "autre",
        "actor": "FAMa / État malien",
        "status": "Signal médiatique — vérification requise",
        "confidence": "faible",
        "precision": "non géolocalisé",
        "summary": "Opération Dougoukoloko : les FAMa poursuivent les frappes à Dioura Mali 24",
        "source": "Mali 24",
        "source_url": "https://news.google.com/rss/articles/CBMijgFBVV95cUxOYkpicDZUa096M1NIUkZkM3BMRGpmeUNFWm5XZXJUS2hSd093SDlHbWdhX2ktamh5S1RNcVdwcTRIZGVQd0diMWRtbzk5RC00d19lTmRoeXZWZUY0NjBTZDNEbV9STFdILTFtUlVMVGNtTmJzWmh3OUl0Q25xM0dpT01aUHF3T1FveEpKNjR30gGTAUFVX3lxTFB0SE1XVnZLU3hRTG5YbGMwSWtUSWNiYTlXV2ZrUlFFd1kydTRYR3VtYXlWb3RsRXh1ckt5RkRlalV4NGIyS2wtblNMcXNQdEROTFA1ZXE3d1JIbDgzNlBLZlRwSmk5bUF4Y2JCNVpfM05XVGV5U2NSdl82LWQzSlBsZHhvdW1IMmNhdVFnWXh5UkR6WQ?oc=5",
        "source_system": "Google Actualités — Mali",
        "language": "fr",
        "as_of": "2026-09-18"
      }
    },
    {
      "type": "Feature",
      "geometry": null,
      "properties": {
        "id": "media_08d43124ba948595",
        "date": "2026-09-18",
        "title": "Nouveau bilan d'une attaque jihadiste au Mali: au moins 100 militaires tués (sources concordantes)",
        "location": "Mali — lieu à confirmer",
        "region": "Mali",
        "country": "Mali",
        "layer": "event",
        "layer_label": "Signal médiatique",
        "category": "sécurité",
        "actor": "À vérifier",
        "status": "Signal médiatique — vérification requise",
        "confidence": "faible",
        "precision": "non géolocalisé",
        "summary": "Nouveau bilan d'une attaque jihadiste au Mali: au moins 100 militaires tués (sources concordantes) RFI",
        "source": "RFI",
        "source_url": "https://news.google.com/rss/articles/CBMi1gFBVV95cUxQQTR4WWpFWkV0b0s1LTJiSjE5QU9KSmRIU1pfMWd0WFQ2cmRDQXoxTUxBbUdvcjJhSVVBTTRpRnNKU3JROENra01rX1dMdTQ5NnVJMnc1MGRzLUF1UlNWZkZTbC1RV21OanlxT0NEYkdYMHVjMGFtcHdtbHRUZmQ0MFQzRDJ0eGtDbU9aYWZKUkp3ejdXUi16dW5HUl9OWDJwSXBHaDduVHZfdUpaWmU3djFOV2hKdmgzUVR4SVFFamlxMnpxVHRjdDVZUHJwSjJxX1VDenVB?oc=5",
        "source_system": "Google Actualités — Mali",
        "language": "fr",
        "as_of": "2026-09-18"
      }
    },
    {
      "type": "Feature",
      "geometry": null,
      "properties": {
        "id": "media_6fa8c5e4e24be28c",
        "date": "2026-09-18",
        "title": "New toll from a jihadist attack in Mali: at least 100 soldiers killed (concordant sources)",
        "location": "Mali — lieu à confirmer",
        "region": "Mali",
        "country": "Mali",
        "layer": "event",
        "layer_label": "Signal médiatique",
        "category": "sécurité",
        "actor": "À vérifier",
        "status": "Signal médiatique — vérification requise",
        "confidence": "faible",
        "precision": "non géolocalisé",
        "summary": "New toll from a jihadist attack in Mali: at least 100 soldiers killed (concordant sources) Seneweb",
        "source": "Seneweb",
        "source_url": "https://news.google.com/rss/articles/CBMi2AFBVV95cUxOR3JsdE5ybVlid3pGbFVyTUtOcFNlSEtfTm0tc1lna3hKTmQ4ZWlCcTlCaWNEVktxQ0V5cUc0di11RERhbWY3eGlPOVUtdndvU2doQjcyenBSd1RaeGd0cy1YMnBRS0YwZFlfUEZJRFM1UTI0R19fcVZfeS1IWG5Fa2JfVlFMRjNkY0VZU2lmRndQdERTT3o4WktBZUs3NU83VURuQml4V2c1ZkV5YWo4VnVHM0dwaVBmczByMWxFQWc1ZHJZR3lqaHk5cXlneGFUNkNVUzBtdzU?oc=5",
        "source_system": "Google Actualités — Mali",
        "language": "fr",
        "as_of": "2026-09-18"
      }
    },
    {
      "type": "Feature",
      "geometry": null,
      "properties": {
        "id": "media_d682e883addd234b",
        "date": "2026-09-18",
        "title": "Mali: le bilan de l’attaque des jihadistes du Jnim à Dioura s’alourdit à une centaine de militaires tués",
        "location": "Mali — lieu à confirmer",
        "region": "Mali",
        "country": "Mali",
        "layer": "event",
        "layer_label": "Signal médiatique",
        "category": "sécurité",
        "actor": "JNIM / GSIM",
        "status": "Signal médiatique — vérification requise",
        "confidence": "faible",
        "precision": "non géolocalisé",
        "summary": "Mali: le bilan de l’attaque des jihadistes du Jnim à Dioura s’alourdit à une centaine de militaires tués Yahoo Actualités",
        "source": "Yahoo Actualités",
        "source_url": "https://news.google.com/rss/articles/CBMifEFVX3lxTE1rZkZpYUpIWmJkcldaSFFCYWtiVmVfQldTS051eTk3bTZsNTZJampGTHRIbDZsRHBiZjAtRy1lRi1pUFVTY3BqaW5PQ0YyTjR3ZEJiNnFudWRqUXlVdlNCakhtdy1VVXF0UXZYV1Z4V1FUZ2xKdk1mZGJUQVU?oc=5",
        "source_system": "Google Actualités — Mali",
        "language": "fr",
        "as_of": "2026-09-18"
      }
    },
    {
      "type": "Feature",
      "geometry": null,
      "properties": {
        "id": "media_e167823ca65e0ba9",
        "date": "2026-09-18",
        "title": "Mali : au moins 100 militaires tués lors d’une attaque djihadiste",
        "location": "Mali — lieu à confirmer",
        "region": "Mali",
        "country": "Mali",
        "layer": "event",
        "layer_label": "Signal médiatique",
        "category": "sécurité",
        "actor": "À vérifier",
        "status": "Signal médiatique — vérification requise",
        "confidence": "faible",
        "precision": "non géolocalisé",
        "summary": "Mali : au moins 100 militaires tués lors d’une attaque djihadiste Le Figaro",
        "source": "Le Figaro",
        "source_url": "https://news.google.com/rss/articles/CBMiqwFBVV95cUxONmJEVUNhMkoyUlBRLThMMUtrY1UyVlR0UEJoTHBwVVhJdTZ2ZmFVOWR5SndIVDQ5SjBHV1FZSzRaeFduNTZfMzhyVjN5OC1jc013ZktNbG9jVXBTSnN5Q1B4RDdJNmctNU5MVHpzckZxR3RwWE10cTQxeUUycndWYWVSVFQzbUdDWWE5bkJTVVFtMWlDdUtINmRVWC1tMjAzdDNjdWU2TmEwazQ?oc=5",
        "source_system": "Google Actualités — Mali",
        "language": "fr",
        "as_of": "2026-09-18"
      }
    },
    {
      "type": "Feature",
      "geometry": null,
      "properties": {
        "id": "media_f01717720fc485e4",
        "date": "2026-09-18",
        "title": "Mali : au moins 100 militaires tués dans une attaque jihadiste à Dioura",
        "location": "Mali — lieu à confirmer",
        "region": "Mali",
        "country": "Mali",
        "layer": "event",
        "layer_label": "Signal médiatique",
        "category": "sécurité",
        "actor": "À vérifier",
        "status": "Signal médiatique — vérification requise",
        "confidence": "faible",
        "precision": "non géolocalisé",
        "summary": "Mali : au moins 100 militaires tués dans une attaque jihadiste à Dioura 21News",
        "source": "21News",
        "source_url": "https://news.google.com/rss/articles/CBMilwFBVV95cUxNbWlJWnRzUUw5ZUp3Q2RoYURmQ3Z4YlhQZjlEbi02aEp5YXBKaTJPUVI0RldTMEpWcy1ZSEc1MXJpcEtrUjRfTzlHcjNBN3Z0cXVnTjVnRUwyS1VfRmN6QkFBMDRyZ3NWTHdXSGtMSUhDSWQyOGhreHF5LU5NRjFFZWE3SjF6RVR3VDZvY1g2Z0dzWF9GLUY0?oc=5",
        "source_system": "Google Actualités — Mali",
        "language": "fr",
        "as_of": "2026-09-18"
      }
    },
    {
      "type": "Feature",
      "geometry": null,
      "properties": {
        "id": "media_c31679eeafd4235b",
        "date": "2026-09-18",
        "title": "Lutte contre l’extrémisme violent au Mali : Les leaders religieux en première ligne du combat",
        "location": "Mali — lieu à confirmer",
        "region": "Mali",
        "country": "Mali",
        "layer": "event",
        "layer_label": "Signal médiatique",
        "category": "sécurité",
        "actor": "À vérifier",
        "status": "Signal médiatique — vérification requise",
        "confidence": "faible",
        "precision": "non géolocalisé",
        "summary": "Face à la progression des discours radicaux et à l’instrumentalisation du religieux par les groupes terroristes, le Haut Conseil Islamique du Mali entend contribuer à déconstruire les arguments utilisés pour justifier la violence au nom de l’islam. Une démarche qui place les responsables religieux au cœur des efforts en faveur de la paix et de la…",
        "source": "Maliweb — Actualités",
        "source_url": "https://www.maliweb.net/societe/religion/lutte-contre-lextremisme-violent-au-mali-les-leaders-religieux-en-premiere-ligne-du-combat-3120003.html",
        "source_system": "Maliweb — Actualités",
        "language": "fr",
        "as_of": "2026-09-18"
      }
    },
    {
      "type": "Feature",
      "geometry": null,
      "properties": {
        "id": "media_11ba5d643150ffdc",
        "date": "2026-09-18",
        "title": "Les FAMa et l’Africa Corps du ministère russe de la Défense ont frappé des terroristes dans deux régions",
        "location": "Mali — lieu à confirmer",
        "region": "Mali",
        "country": "Mali",
        "layer": "event",
        "layer_label": "Signal médiatique",
        "category": "sécurité",
        "actor": "FAMa / État malien",
        "status": "Signal médiatique — vérification requise",
        "confidence": "faible",
        "precision": "non géolocalisé",
        "summary": "Les FAMa et l’Africa Corps du ministère russe de la Défense ont frappé des terroristes dans deux régions Maliweb",
        "source": "Maliweb",
        "source_url": "https://news.google.com/rss/articles/CBMi5gFBVV95cUxPZDJWdnpNclJoN2JNR2JZNzJwMmRUR0lNZlZmeGNua00xUUI4WVgxY0RISnZadEFPWG5aMnRseWJENzZrT2t1VU5iRWFrcHdzNnY4aG1JMkhOaWQ5cWIwU0lOekt0cjREYnRJZUl5OGtoVG9lZnpJaFpkR05pZGtfd3dpSmZCaFlBSjNiR3k2WXNLeVRNODlRaVEyMElCSk5GTVdyWnNPa1c3SncyVGpfZFdlWXpvUk85QURYSi15TjZBTTFwb3dwcEVXdmdTYWtvUm0yRk1KTE02UjBGOUVFVzFSdnJxUQ?oc=5",
        "source_system": "Google Actualités — Mali",
        "language": "fr",
        "as_of": "2026-09-18"
      }
    },
    {
      "type": "Feature",
      "geometry": {
        "type": "Point",
        "coordinates": [
          -1.534,
          12.366
        ]
      },
      "properties": {
        "id": "media_542c78c0c2502708",
        "date": "2026-09-18",
        "title": "Décès de Irène ZONGO née OUÉDRAOGO : Remerciements & faire-part",
        "location": "Ouagadougou",
        "region": "Centre",
        "country": "Burkina Faso",
        "layer": "event",
        "layer_label": "Signal médiatique",
        "category": "sécurité",
        "actor": "À vérifier",
        "status": "Signal médiatique — vérification requise",
        "confidence": "moyenne",
        "precision": "centre de localité approximatif",
        "summary": "« J'ai combattu le bon combat, j'ai achevé la course, j'ai gardé la foi. Désormais, la couronne de justice m'est réservée. » [2 Timothée 4:7-8] Les grandes familles ZONGO à Gouanghin / Koudougou et à Ouagadougou ; Les grandes familles OUÉDRAOGO à Kounda / Bazèga et à Ouagadougou ; Les familles alliées OUÉDRAOGO, YAMÉOGO, ZOUMBARÉ, SAM, KABORÉ, ZAN…",
        "source": "LeFaso.net",
        "source_url": "https://lefaso.net/spip.php?article149312=",
        "source_system": "LeFaso.net",
        "language": "fr",
        "as_of": "2026-09-18"
      }
    },
    {
      "type": "Feature",
      "geometry": null,
      "properties": {
        "id": "media_3cdfad3ef4891934",
        "date": "2026-09-18",
        "title": "Cameroun : au moins 15 civils exécutés dans une attaque jihadiste présumée près du lac Tchad",
        "location": "Tchad — lieu à confirmer",
        "region": "Tchad",
        "country": "Tchad",
        "layer": "event",
        "layer_label": "Signal médiatique",
        "category": "sécurité",
        "actor": "À vérifier",
        "status": "Signal médiatique — vérification requise",
        "confidence": "faible",
        "precision": "non géolocalisé",
        "summary": "Cameroun : au moins 15 civils exécutés dans une attaque jihadiste présumée près du lac Tchad Tchadinfos",
        "source": "Tchadinfos",
        "source_url": "https://news.google.com/rss/articles/CBMiwwFBVV95cUxPNlF6aEJnWDU0WmY3MW9Pb0hlbEFBWFhBOWZiUHdHYTk2S3JaU2tZX3pmUDlYVzZLUWktanVHYU1ya3hDNXV1a19TanBzNVhHejBmeWR5cDBfU0NpTnU4SlNfekxNcmJ1c2VLVmM3TlZUSWl0TVd2c3Y3Z3JVdXJnZ1dOVzVqc002VmFZWFJZdjlaQWVjZll2MWFyQVZBSW54WjlkMzBHS29TWE03NnFXUHRPeDhFNHdLczVBTVNiWDluQm8?oc=5",
        "source_system": "Google Actualités — Tchad",
        "language": "fr",
        "as_of": "2026-09-18"
      }
    },
    {
      "type": "Feature",
      "geometry": null,
      "properties": {
        "id": "media_472971abffdc638c",
        "date": "2026-09-18",
        "title": "Au Mali, au moins 100 militaires et cinq mercenaires russes tués dans une attaque djihadiste, selon un dernier bilan",
        "location": "Mali — lieu à confirmer",
        "region": "Mali",
        "country": "Mali",
        "layer": "event",
        "layer_label": "Signal médiatique",
        "category": "sécurité",
        "actor": "JNIM / GSIM",
        "status": "Signal médiatique — vérification requise",
        "confidence": "faible",
        "precision": "non géolocalisé",
        "summary": "L’attaque, revendiquée par le Groupe de soutien de l’islam et des musulmans (GSIM), affilié à Al-Qaida, a eu lieu le 10 septembre et a visé un camp militaire à Dioura, dans le centre du pays.",
        "source": "Le Monde Afrique",
        "source_url": "https://www.lemonde.fr/afrique/article/2026/09/18/au-mali-au-moins-100-militaires-et-cinq-mercenaires-russes-tues-dans-une-attaque-djihadiste-selon-un-dernier-bilan_6776843_3212.html",
        "source_system": "Le Monde Afrique",
        "language": "fr",
        "as_of": "2026-09-18"
      }
    },
    {
      "type": "Feature",
      "geometry": null,
      "properties": {
        "id": "media_8a003e93b6ad96ea",
        "date": "2026-09-18",
        "title": "Attaque jihadiste au Mali : nouveau bilan d’au moins 100 militaires tués",
        "location": "Mali — lieu à confirmer",
        "region": "Mali",
        "country": "Mali",
        "layer": "event",
        "layer_label": "Signal médiatique",
        "category": "sécurité",
        "actor": "À vérifier",
        "status": "Signal médiatique — vérification requise",
        "confidence": "faible",
        "precision": "non géolocalisé",
        "summary": "Attaque jihadiste au Mali : nouveau bilan d’au moins 100 militaires tués Ouest-France",
        "source": "Ouest-France",
        "source_url": "https://news.google.com/rss/articles/CBMi3gFBVV95cUxOdDJoeUpVeFBDRVR4YmlJWHBHbDZRQU1FQkdpdWgyX0ZHWjFRNnhtOTh4WW9SajI0RG5TTjFveDJBc1ZldEh0LUR3TnJybDBNWkx1NkVrR01mYkJ2cmhhc19jN0RGcllWMTZvaklNSlg5NzM2YkNBaVpHRHVfYzR4NzdScE1fQTdyU1hQQ3BTVi1jaEFxMmtEbVF2TzFEdk1tQ1pFSmhobXloTmVhd1lTU3FDUGFENVNKWTR3T2RhcFZOXzI5YlY0MDZTdk5oQzRGZ1BHaHJueF9SaTkxZmc?oc=5",
        "source_system": "Google Actualités — Mali",
        "language": "fr",
        "as_of": "2026-09-18"
      }
    },
    {
      "type": "Feature",
      "geometry": null,
      "properties": {
        "id": "media_9e9ccdbe57ac90d2",
        "date": "2026-09-17",
        "title": "Sécurité : L’aéroport civil de Sévaré visé par une attaque terroriste au Mali https://t.co/1LNQFUYj64 - x.com",
        "location": "Mali — lieu à confirmer",
        "region": "Mali",
        "country": "Mali",
        "layer": "event",
        "layer_label": "Signal réseau social",
        "category": "sécurité",
        "actor": "À vérifier",
        "status": "Signal réseau social — recoupement requis",
        "confidence": "faible",
        "precision": "non géolocalisé",
        "summary": "Sécurité : L’aéroport civil de Sévaré visé par une attaque terroriste au Mali https://t.co/1LNQFUYj64 x.com",
        "source": "Malijet",
        "source_url": "https://news.google.com/rss/articles/CBMiYkFVX3lxTE40RTR3SW9Gcktpa3M5Nk5GT3dEQ3BMSXRnVHRUOEtrSWNaZm5wdnZKUWgxWEF1LXNzYVpBM3ljYXE0X0hqUTUxcHdYcS01bkJKbEcyNFN2RWJSbUYtYlFkOGFn?oc=5",
        "source_system": "X indexé — @Malijetactu",
        "language": "fr",
        "as_of": "2026-09-17"
      }
    }
  ]
}
