{"type":"FeatureCollection","metadata":{"source":"Natural Earth 1:50m Admin 0 Countries","source_url":"https://www.naturalearthdata.com/downloads/50m-cultural-vectors/50m-admin-0-countries-2/","license":"Public domain","monitored_countries":["Mali","Niger","Burkina Faso","Mauritanie","Tchad"]},"features":[{"type":"Feature","properties":{"name":"Togo","iso_a3":"TGO","monitored":false,"focus":false},"geometry":{"type":"Polygon","coordinates":[[[0.900488,10.993262],[0.874805,10.885742],[0.821875,10.752588],[0.7875,10.710254],[0.763379,10.38667],[0.77998,10.35957],[0.792188,10.351562],[0.958301,10.242041],[1.176172,10.098389],[1.330078,9.996973],[1.342871,9.962939],[1.345117,9.750195],[1.34707,9.567529],[1.378906,9.462988],[1.385742,9.36167],[1.424316,9.28501],[1.566309,9.137256],[1.600195,9.050049],[1.603809,8.770996],[1.606641,8.559277],[1.624609,8.270996],[1.624609,8.030225],[1.624609,7.725879],[1.624707,7.369189],[1.624707,6.997314],[1.530957,6.992432],[1.582031,6.877002],[1.59082,6.772266],[1.60293,6.738086],[1.577539,6.687402],[1.598535,6.610205],[1.639258,6.581543],[1.743164,6.42627],[1.77793,6.294629],[1.610938,6.25083],[1.622656,6.216797],[1.310645,6.146875],[1.187207,6.089404],[1.185059,6.14502],[1.139648,6.155029],[1.084473,6.173779],[1.049902,6.202637],[1.002148,6.268555],[0.984961,6.320312],[0.912207,6.328564],[0.822461,6.386377],[0.736914,6.452588],[0.707227,6.51875],[0.71543,6.549316],[0.702246,6.580762],[0.672754,6.592529],[0.595703,6.742188],[0.548047,6.80249],[0.525586,6.850928],[0.533398,6.88833],[0.523047,6.938867],[0.538086,6.979687],[0.579492,7.004102],[0.59248,7.033984],[0.596191,7.096631],[0.619531,7.226562],[0.634766,7.353662],[0.591016,7.388818],[0.537305,7.39873],[0.50957,7.435107],[0.498926,7.495117],[0.5,7.546875],[0.605176,7.728223],[0.583594,8.145801],[0.599219,8.20957],[0.64707,8.253467],[0.688086,8.304248],[0.686328,8.354883],[0.616211,8.479639],[0.483301,8.575293],[0.415332,8.652734],[0.378613,8.722021],[0.372559,8.759277],[0.453125,8.81377],[0.48877,8.851465],[0.493262,8.894922],[0.460352,8.974219],[0.466113,9.115332],[0.497168,9.22124],[0.529004,9.358301],[0.525684,9.398486],[0.447559,9.480273],[0.405273,9.491455],[0.370996,9.485547],[0.289355,9.431836],[0.259961,9.426025],[0.241504,9.441895],[0.233398,9.463525],[0.261914,9.495605],[0.251563,9.535645],[0.275488,9.570605],[0.327344,9.586572],[0.342578,9.60415],[0.272754,9.620947],[0.264551,9.644727],[0.269531,9.66792],[0.289648,9.672314],[0.311719,9.670996],[0.323926,9.687598],[0.33457,9.803955],[0.343066,9.84458],[0.351855,9.924902],[0.362695,10.236475],[0.378613,10.268555],[0.380859,10.291846],[0.331836,10.306934],[0.216016,10.390527],[0.148242,10.454785],[0.089258,10.520605],[0.039453,10.563867],[-0.057715,10.630615],[-0.086328,10.673047],[-0.090186,10.715527],[-0.060596,10.800586],[-0.013867,10.891357],[0.009424,11.020996],[-0.004736,11.055566],[-0.068604,11.115625],[0.159277,11.069629],[0.48418,10.991992],[0.490723,10.978174],[0.492676,10.95498],[0.549121,10.95542],[0.642969,10.983057],[0.900488,10.993262]]]}},{"type":"Feature","properties":{"name":"Soudan","iso_a3":"SDN","monitored":false,"focus":false},"geometry":{"type":"Polygon","coordinates":[[[34.078125,9.461523],[34.076758,9.461523],[33.890918,9.462207],[33.887891,9.463525],[33.884863,9.466406],[33.882129,9.471191],[33.878809,9.477734],[33.871484,9.506152],[33.867773,9.550342],[33.874023,9.626758],[33.894922,9.717627],[33.95918,9.845264],[33.9625,9.855811],[33.963281,9.861768],[33.963281,9.868701],[33.957324,9.891455],[33.949902,9.911133],[33.946191,9.940918],[33.957324,10.007178],[33.958398,10.027734],[33.956836,10.054199],[33.951855,10.070947],[33.907031,10.181445],[33.892188,10.198975],[33.459082,10.55083],[33.379883,10.646191],[33.371387,10.652734],[33.360742,10.657812],[33.14082,10.737891],[33.130078,10.745947],[33.131445,10.757715],[33.138281,10.772949],[33.164746,10.819189],[33.168457,10.831445],[33.172168,10.850146],[33.073047,11.591504],[33.07334,11.606104],[33.077832,11.615771],[33.081543,11.621729],[33.094629,11.6375],[33.106055,11.653857],[33.119141,11.682422],[33.122461,11.693164],[33.136133,11.825586],[33.135059,11.941602],[33.193066,12.13501],[33.199316,12.217285],[32.721875,12.223096],[32.718945,12.218848],[32.718555,12.21377],[32.719824,12.208008],[32.720508,12.201807],[32.720117,12.188818],[32.716309,12.164844],[32.715332,12.152197],[32.71582,12.139258],[32.723047,12.09292],[32.735645,12.058057],[32.737695,12.046436],[32.738281,12.03374],[32.736719,12.009668],[32.072266,12.006738],[32.335352,11.716016],[32.338477,11.710107],[32.343066,11.694287],[32.344922,11.682715],[32.349902,11.58042],[32.335742,11.418555],[32.338867,11.314502],[32.354199,11.246924],[32.425391,11.113965],[32.420801,11.089111],[32.404102,11.057764],[31.933008,10.6625],[31.919922,10.643848],[31.854297,10.479053],[31.791992,10.383154],[31.764258,10.355713],[31.654883,10.221143],[31.224902,9.799268],[31.154492,9.770947],[30.940332,9.759375],[30.827051,9.756299],[30.81416,9.753125],[30.794922,9.74585],[30.783105,9.734961],[30.769141,9.726807],[30.755371,9.731201],[30.739355,9.742676],[30.474609,9.978955],[30.003027,10.277393],[29.95791,10.250244],[29.691016,10.121924],[29.635938,10.088623],[29.605469,10.065088],[29.603906,9.921387],[29.557422,9.848291],[29.473145,9.768604],[29.242383,9.718066],[29.122363,9.674658],[28.999609,9.610156],[28.97959,9.593994],[28.97959,9.594189],[28.932324,9.549463],[28.839453,9.459082],[28.829395,9.388818],[28.844531,9.326074],[28.048926,9.328613],[27.996289,9.378809],[27.88584,9.599658],[27.880859,9.601611],[27.799805,9.587891],[27.074219,9.613818],[26.970508,9.590625],[26.763184,9.499219],[26.658691,9.484131],[26.551367,9.52583],[26.169531,9.965918],[26.087012,10.018457],[26.057031,10.046777],[26.000586,10.123437],[25.919141,10.169336],[25.891504,10.202734],[25.882812,10.249609],[25.885254,10.346094],[25.858203,10.406494],[25.798047,10.420508],[25.285156,10.318506],[25.211719,10.329932],[25.104004,10.311816],[25.066992,10.293799],[25.023633,10.235791],[25.014844,10.175879],[25.016211,10.115234],[25.00293,10.055273],[24.963867,9.988867],[24.817676,9.8396],[24.785254,9.774658],[24.792188,9.610303],[24.782617,9.527344],[24.760352,9.488916],[24.69668,9.425684],[24.673633,9.389307],[24.662891,9.338135],[24.659375,9.229932],[24.648047,9.179102],[24.568262,9.051709],[24.549414,9.006787],[24.544824,8.914844],[24.531934,8.886914],[24.300195,8.814258],[24.213574,8.767822],[24.160449,8.696289],[24.147363,8.665625],[24.048145,8.691309],[23.921973,8.709717],[23.679297,8.732471],[23.583203,8.76582],[23.537305,8.81582],[23.551855,8.943213],[23.528027,8.970605],[23.489063,8.993311],[23.462793,9.048486],[23.468262,9.114746],[23.596094,9.261914],[23.622656,9.340625],[23.642773,9.613916],[23.65625,9.710352],[23.646289,9.8229],[23.54502,10.030078],[23.456641,10.174268],[23.312305,10.387939],[23.255859,10.457812],[22.964355,10.751807],[22.930762,10.795312],[22.860059,10.919678],[22.894824,11.029004],[22.937695,11.192041],[22.942773,11.267187],[22.922656,11.344873],[22.849023,11.403271],[22.783398,11.409961],[22.754004,11.439844],[22.697363,11.482666],[22.641016,11.515918],[22.591113,11.579883],[22.556348,11.669531],[22.580957,11.990137],[22.564355,12.032959],[22.489844,12.044727],[22.472461,12.067773],[22.475488,12.129248],[22.435254,12.311914],[22.390234,12.462988],[22.414453,12.546387],[22.352344,12.660449],[22.233398,12.709473],[22.121191,12.69458],[22.000684,12.671875],[21.928125,12.678125],[21.878125,12.699365],[21.843359,12.741211],[21.825293,12.790527],[21.841797,12.864746],[21.907715,13.000977],[21.990234,13.113086],[22.158008,13.215039],[22.202637,13.269336],[22.228125,13.32959],[22.232617,13.398779],[22.221387,13.471631],[22.202344,13.538086],[22.15293,13.626416],[22.107617,13.730322],[22.106445,13.799805],[22.128223,13.850146],[22.173145,13.910596],[22.262109,13.978711],[22.283496,13.992334],[22.339355,14.028857],[22.388184,14.055518],[22.509961,14.127441],[22.538574,14.161865],[22.528223,14.203223],[22.49834,14.237061],[22.449316,14.284229],[22.439355,14.342139],[22.425,14.441211],[22.399707,14.504199],[22.381543,14.550488],[22.416211,14.585205],[22.467773,14.63335],[22.532031,14.662744],[22.631836,14.688086],[22.670898,14.722461],[22.682422,14.788623],[22.679199,14.851465],[22.714941,14.898389],[22.763281,14.998682],[22.802148,15.044434],[22.867188,15.096631],[22.932324,15.162109],[22.961328,15.238135],[22.969531,15.311328],[22.933887,15.533105],[23.00918,15.62583],[23.105176,15.702539],[23.243457,15.697217],[23.458008,15.713965],[23.604004,15.745996],[23.708203,15.744971],[23.945996,15.703516],[23.965234,15.713428],[23.970801,15.721533],[23.983398,15.780176],[23.983301,15.928125],[23.98291,16.374219],[23.98252,16.820264],[23.982227,17.266357],[23.981836,17.712402],[23.981445,18.158496],[23.981055,18.604541],[23.980664,19.050586],[23.980273,19.496631],[23.980273,19.621484],[23.980273,19.746289],[23.980273,19.871094],[23.980273,19.995947],[24.226953,19.99585],[24.473633,19.995703],[24.72041,19.995557],[24.966992,19.995459],[24.970215,19.997266],[24.973242,19.999023],[24.976367,20.000781],[24.979492,20.002588],[24.979688,20.500928],[24.979883,20.999219],[24.980078,21.497559],[24.980273,21.99585],[25.362305,21.995801],[25.744336,21.995752],[26.126367,21.995654],[26.508398,21.995605],[26.89043,21.995557],[27.272461,21.995508],[27.654492,21.995459],[28.036426,21.995361],[28.418555,21.995312],[28.800586,21.995264],[29.18252,21.995215],[29.564551,21.995117],[29.94668,21.995117],[30.328613,21.99502],[30.710645,21.994922],[31.092676,21.994873],[31.20918,21.994873],[31.260645,22.002295],[31.358496,22.188623],[31.400293,22.202441],[31.464258,22.191504],[31.486133,22.147803],[31.466406,22.084668],[31.434473,21.99585],[31.62168,21.99585],[31.949805,21.995898],[32.277832,21.995996],[32.606055,21.995996],[32.934082,21.996094],[33.262207,21.996143],[33.590332,21.996191],[33.918457,21.99624],[34.246484,21.996289],[34.574609,21.996338],[34.902734,21.996387],[35.230859,21.996436],[35.558984,21.996484],[35.887012,21.996533],[36.215234,21.996582],[36.543262,21.996631],[36.871387,21.996729],[36.882617,21.768799],[36.926953,21.586523],[37.081152,21.326025],[37.211719,21.18584],[37.258594,21.108545],[37.263184,21.072656],[37.257227,21.039404],[37.21748,21.077637],[37.150586,21.10376],[37.141113,20.981787],[37.156836,20.894922],[37.172656,20.731982],[37.227539,20.556738],[37.187891,20.394922],[37.193164,20.120703],[37.262598,19.791895],[37.248438,19.581885],[37.361523,19.091992],[37.471289,18.820117],[37.531641,18.753125],[37.599414,18.717432],[37.729785,18.694336],[37.921875,18.555908],[38.074023,18.409766],[38.128125,18.333301],[38.201758,18.249414],[38.252148,18.264404],[38.283105,18.286719],[38.33291,18.219043],[38.574023,18.072949],[38.609473,18.005078],[38.522852,17.938525],[38.422461,17.823926],[38.397168,17.778369],[38.385547,17.75127],[38.37373,17.717334],[38.347363,17.683594],[38.289844,17.637012],[38.267285,17.616699],[38.253516,17.584766],[38.219043,17.563965],[38.181543,17.562842],[38.148535,17.548535],[38.098926,17.526465],[38.025293,17.537793],[37.950098,17.517676],[37.922559,17.492334],[37.862988,17.470264],[37.80332,17.465527],[37.782422,17.458008],[37.725977,17.420508],[37.656738,17.368262],[37.575977,17.33501],[37.547461,17.324121],[37.510156,17.288135],[37.45293,17.108691],[37.411035,17.061719],[37.34043,17.05708],[37.248828,17.056885],[37.169531,17.041406],[37.061523,17.061279],[37.008984,17.058887],[36.995215,17.020557],[36.975781,16.866553],[36.978711,16.800586],[36.935742,16.722363],[36.887793,16.624658],[36.905469,16.459521],[36.91377,16.296191],[36.825879,16.050293],[36.813477,15.993945],[36.724512,15.798877],[36.679199,15.726367],[36.566016,15.362109],[36.521777,15.250146],[36.426758,15.13208],[36.448145,14.940088],[36.470801,14.736475],[36.492285,14.544336],[36.524316,14.256836],[36.443945,13.988428],[36.44707,13.842041],[36.390625,13.626074],[36.346289,13.52627],[36.306836,13.466846],[36.273535,13.405762],[36.212207,13.271094],[36.160156,13.093311],[36.137109,12.911133],[36.135352,12.805322],[36.125195,12.757031],[36.10752,12.726465],[35.987598,12.706299],[35.820605,12.684863],[35.730566,12.661035],[35.670215,12.62373],[35.596094,12.537305],[35.449609,12.300586],[35.372754,12.155566],[35.252441,11.957031],[35.112305,11.816553],[35.082715,11.748291],[35.059668,11.621045],[35.00791,11.419873],[34.960742,11.276758],[34.969141,11.161768],[34.924902,10.962109],[34.931445,10.864795],[34.882324,10.810547],[34.816211,10.75918],[34.771289,10.746191],[34.675,10.804932],[34.601758,10.864551],[34.571875,10.880176],[34.508008,10.842871],[34.431445,10.787842],[34.343945,10.658643],[34.275684,10.528125],[34.314844,10.251562],[34.31123,10.190869],[34.291504,10.124756],[34.185254,9.918555],[34.159082,9.853418],[34.120313,9.729687],[34.079297,9.513477],[34.078125,9.461523]]]}},{"type":"Feature","properties":{"name":"Sierra Leone","iso_a3":"SLE","monitored":false,"focus":false},"geometry":{"type":"MultiPolygon","coordinates":[[[[-10.283203,8.485156],[-10.285742,8.454102],[-10.314648,8.31084],[-10.359814,8.187939],[-10.389551,8.157617],[-10.516748,8.125293],[-10.57085,8.071143],[-10.617578,7.896436],[-10.647461,7.759375],[-10.691309,7.736426],[-10.878076,7.538232],[-11.000244,7.463037],[-11.0854,7.398584],[-11.166113,7.314404],[-11.267676,7.232617],[-11.37666,7.094678],[-11.454541,6.951221],[-11.50752,6.906543],[-11.54751,6.946973],[-11.733447,7.088574],[-11.929199,7.183545],[-12.346631,7.341797],[-12.485645,7.386279],[-12.480664,7.44248],[-12.432715,7.54502],[-12.510449,7.665723],[-12.480273,7.753271],[-12.510449,7.753369],[-12.570215,7.700586],[-12.697607,7.715869],[-12.781934,7.791113],[-12.850879,7.818701],[-12.880957,7.856641],[-12.925146,8.055176],[-12.956934,8.145312],[-13.020801,8.200928],[-13.148975,8.2146],[-13.201758,8.33584],[-13.272754,8.429736],[-13.26123,8.487598],[-13.20332,8.484277],[-13.157959,8.442285],[-13.08501,8.424756],[-12.994238,8.526465],[-12.912939,8.581543],[-12.894092,8.629785],[-12.904004,8.65625],[-12.953369,8.615137],[-13.088232,8.625732],[-13.121631,8.58877],[-13.181836,8.576904],[-13.228418,8.695898],[-13.226172,8.765967],[-13.206934,8.843115],[-13.071045,8.856348],[-13.059473,8.881152],[-13.153711,8.897705],[-13.271631,8.987402],[-13.292676,9.049219],[-13.234229,9.070117],[-13.178369,9.060889],[-13.129883,9.047559],[-13.077295,9.069629],[-13.028027,9.103564],[-12.998633,9.146924],[-12.958789,9.26333],[-12.831104,9.302246],[-12.755859,9.373584],[-12.684424,9.48418],[-12.65166,9.561914],[-12.622168,9.600635],[-12.603613,9.634229],[-12.589844,9.671143],[-12.557861,9.70498],[-12.524365,9.787207],[-12.501465,9.862158],[-12.427979,9.898145],[-12.277734,9.929785],[-12.142334,9.875391],[-11.922754,9.922754],[-11.911084,9.993018],[-11.710059,9.994189],[-11.471924,9.995459],[-11.273633,9.996533],[-11.205664,9.977734],[-11.180859,9.925342],[-11.115674,9.843164],[-11.047461,9.786328],[-10.963086,9.661621],[-10.864795,9.516455],[-10.758594,9.385352],[-10.690527,9.314258],[-10.682715,9.289355],[-10.687646,9.261133],[-10.72124,9.194482],[-10.749951,9.122363],[-10.747021,9.095264],[-10.726855,9.081689],[-10.615967,9.05918],[-10.605762,8.978809],[-10.605615,8.867578],[-10.551758,8.76377],[-10.500537,8.687549],[-10.503125,8.660303],[-10.628467,8.52998],[-10.677344,8.400586],[-10.702148,8.364209],[-10.712109,8.335254],[-10.686963,8.32168],[-10.652637,8.330273],[-10.604004,8.319482],[-10.557715,8.315674],[-10.496436,8.362109],[-10.394434,8.480957],[-10.360059,8.495508],[-10.283203,8.485156]]],[[[-12.526074,7.436328],[-12.540625,7.410254],[-12.607178,7.474512],[-12.951611,7.57085],[-12.854395,7.622021],[-12.615234,7.637207],[-12.544189,7.607373],[-12.5125,7.582422],[-12.500635,7.535107],[-12.526074,7.436328]]]]}},{"type":"Feature","properties":{"name":"Sénégal","iso_a3":"SEN","monitored":false,"focus":false},"geometry":{"type":"Polygon","coordinates":[[[-12.280615,14.809033],[-12.186523,14.648145],[-12.206836,14.571143],[-12.228418,14.458594],[-12.175244,14.37666],[-12.112891,14.323291],[-12.068359,14.274219],[-12.019189,14.206494],[-12.011182,14.071826],[-12.020117,13.974658],[-11.988086,13.930762],[-11.960889,13.875293],[-11.966357,13.828955],[-11.98418,13.788086],[-12.044141,13.733887],[-12.054199,13.633057],[-11.95708,13.510889],[-11.89458,13.444434],[-11.895215,13.406299],[-11.877783,13.364551],[-11.831689,13.31582],[-11.803369,13.327295],[-11.772217,13.36709],[-11.758252,13.394531],[-11.674463,13.382373],[-11.634961,13.369873],[-11.581348,13.290039],[-11.56167,13.236963],[-11.548779,13.170264],[-11.492822,13.086963],[-11.444141,13.028223],[-11.433936,12.991602],[-11.390381,12.941992],[-11.417432,12.831885],[-11.414355,12.775488],[-11.444092,12.627588],[-11.450586,12.557715],[-11.448779,12.531934],[-11.382422,12.479248],[-11.389404,12.404395],[-11.456738,12.417578],[-11.573682,12.426318],[-11.808105,12.387305],[-11.888574,12.40332],[-12.042383,12.398047],[-12.151953,12.376611],[-12.291211,12.328027],[-12.399072,12.340088],[-12.457373,12.378369],[-12.534229,12.375781],[-12.620801,12.396191],[-12.713037,12.433154],[-12.797314,12.451904],[-12.888184,12.52002],[-12.930713,12.532275],[-12.960547,12.514355],[-12.985645,12.49165],[-13.011914,12.477637],[-13.061279,12.48999],[-13.079834,12.536279],[-13.064404,12.581055],[-13.059766,12.615039],[-13.08291,12.633545],[-13.138477,12.639746],[-13.228076,12.6396],[-13.372559,12.653613],[-13.405762,12.662256],[-13.729248,12.673926],[-14.064844,12.675293],[-14.349219,12.676416],[-14.708154,12.677979],[-14.960596,12.678955],[-15.196094,12.679932],[-15.37793,12.588965],[-15.574805,12.490381],[-15.839551,12.437891],[-16.144189,12.457422],[-16.241504,12.443311],[-16.342285,12.399512],[-16.416309,12.367676],[-16.521338,12.348633],[-16.656934,12.364355],[-16.711816,12.354834],[-16.74585,12.399707],[-16.784863,12.47251],[-16.760303,12.525781],[-16.677637,12.560059],[-16.553223,12.604883],[-16.488086,12.581836],[-16.449951,12.580713],[-16.442871,12.609473],[-16.455029,12.624805],[-16.548828,12.663818],[-16.597656,12.715283],[-16.637842,12.685156],[-16.672559,12.622021],[-16.701416,12.603174],[-16.743896,12.585449],[-16.767969,12.628418],[-16.778418,12.670166],[-16.758984,12.702344],[-16.768945,12.883301],[-16.757373,12.979785],[-16.76333,13.06416],[-16.704541,13.119727],[-16.648779,13.15415],[-16.430859,13.157324],[-16.22832,13.160303],[-16.033057,13.15835],[-15.834277,13.156445],[-15.814404,13.325146],[-15.751562,13.338379],[-15.657324,13.355811],[-15.481836,13.376367],[-15.28623,13.395996],[-15.244531,13.429102],[-15.212109,13.485059],[-15.191602,13.535254],[-15.151123,13.556494],[-15.096387,13.539648],[-15.024609,13.51333],[-14.950293,13.472607],[-14.865039,13.434863],[-14.808252,13.411133],[-14.671924,13.351709],[-14.438574,13.268896],[-14.246777,13.23584],[-14.014893,13.296387],[-13.84751,13.335303],[-13.826709,13.407812],[-13.852832,13.478564],[-13.977393,13.543457],[-14.146973,13.536133],[-14.199023,13.51875],[-14.278027,13.497168],[-14.325537,13.488574],[-14.405469,13.503711],[-14.506982,13.559717],[-14.57085,13.616162],[-14.660156,13.642627],[-14.766016,13.669092],[-14.935791,13.785205],[-15.024463,13.806006],[-15.10835,13.812109],[-15.269531,13.789111],[-15.426855,13.727002],[-15.509668,13.58623],[-15.667187,13.588281],[-16.001611,13.592773],[-16.30874,13.596875],[-16.562305,13.587305],[-16.587793,13.689551],[-16.647852,13.770996],[-16.74541,13.84043],[-16.766943,13.904932],[-16.733887,13.961182],[-16.6396,14.007471],[-16.618115,14.040527],[-16.66748,14.035596],[-16.742139,14.005811],[-16.791748,14.00415],[-16.797754,14.093262],[-16.880518,14.20835],[-16.973828,14.403223],[-17.079395,14.483057],[-17.168066,14.640625],[-17.260645,14.701074],[-17.345801,14.729297],[-17.418457,14.723486],[-17.44502,14.651611],[-17.535645,14.755127],[-17.411816,14.792187],[-17.147168,14.922021],[-16.843408,15.293994],[-16.570752,15.734424],[-16.535254,15.838379],[-16.502051,15.917334],[-16.480078,16.097217],[-16.441016,16.204541],[-16.404346,16.224902],[-16.358105,16.307178],[-16.302295,16.451318],[-16.239014,16.531299],[-16.168359,16.54707],[-16.113281,16.540137],[-16.074023,16.510449],[-15.958984,16.492139],[-15.768213,16.485107],[-15.620801,16.506592],[-15.516699,16.556592],[-15.37998,16.581982],[-15.210547,16.582617],[-15.121436,16.603613],[-15.112646,16.644922],[-15.090576,16.657373],[-15.055225,16.640967],[-15.021924,16.647461],[-14.990625,16.676904],[-14.959521,16.678906],[-14.928613,16.653516],[-14.786719,16.645898],[-14.53374,16.655957],[-14.300098,16.580273],[-14.085645,16.418848],[-13.975049,16.311133],[-13.968164,16.257227],[-13.932617,16.202881],[-13.868457,16.148145],[-13.809814,16.138037],[-13.756641,16.17251],[-13.714941,16.168799],[-13.684668,16.126904],[-13.623535,16.118311],[-13.555518,16.144043],[-13.506982,16.135205],[-13.498145,16.110303],[-13.486963,16.097021],[-13.454102,16.091113],[-13.409668,16.05918],[-13.347559,15.973486],[-13.297021,15.853857],[-13.258008,15.700391],[-13.206445,15.616895],[-13.142383,15.60332],[-13.105273,15.571777],[-13.0979,15.535254],[-13.079297,15.510449],[-13.048535,15.496631],[-12.994336,15.504883],[-12.930859,15.453027],[-12.862695,15.34043],[-12.851904,15.289648],[-12.862646,15.262402],[-12.858496,15.242529],[-12.813184,15.223535],[-12.770312,15.18667],[-12.735254,15.13125],[-12.659619,15.08208],[-12.543555,15.039014],[-12.459863,14.974658],[-12.408691,14.889014],[-12.302539,14.816992],[-12.280615,14.809033]]]}},{"type":"Feature","properties":{"name":"Nigeria","iso_a3":"NGA","monitored":false,"focus":false},"geometry":{"type":"MultiPolygon","coordinates":[[[[7.300781,4.418164],[7.203906,4.387646],[7.14043,4.395117],[7.227344,4.527344],[7.271387,4.498926],[7.32793,4.487207],[7.300781,4.418164]]],[[[13.606348,13.70459],[13.763477,13.489551],[13.932324,13.258496],[14.063965,13.078516],[14.160059,12.612793],[14.170313,12.524072],[14.177637,12.484082],[14.184863,12.447217],[14.197461,12.383789],[14.272852,12.356494],[14.41543,12.344141],[14.518945,12.298242],[14.580957,12.22207],[14.587012,12.209424],[14.619727,12.150977],[14.627148,12.108691],[14.618164,11.986621],[14.597363,11.829834],[14.561816,11.728711],[14.581641,11.591162],[14.575391,11.532422],[14.559766,11.492285],[14.496094,11.446143],[14.409473,11.401172],[14.202344,11.268164],[14.143262,11.248535],[14.056738,11.24502],[13.981445,11.211865],[13.89209,11.140088],[13.699902,10.873145],[13.535352,10.605078],[13.478516,10.383252],[13.414551,10.171436],[13.269922,10.036182],[13.249805,9.960059],[13.24375,9.915918],[13.23877,9.814014],[13.221191,9.645166],[13.19873,9.56377],[13.175488,9.539648],[13.019434,9.48833],[12.929492,9.42627],[12.875684,9.303516],[12.855957,9.170752],[12.824414,9.019434],[12.806543,8.886621],[12.782227,8.817871],[12.731152,8.745654],[12.651563,8.667773],[12.582715,8.624121],[12.403516,8.595557],[12.311328,8.419727],[12.233398,8.282324],[12.231152,8.227393],[12.155957,7.94248],[12.025195,7.727783],[12.016602,7.652002],[12.016016,7.589746],[11.852441,7.400732],[11.80918,7.345068],[11.767383,7.272266],[11.808594,7.201953],[11.854785,7.137988],[11.861426,7.116406],[11.787012,7.056201],[11.65752,6.951562],[11.580078,6.888867],[11.562988,6.854639],[11.55166,6.697266],[11.529102,6.655029],[11.477539,6.597412],[11.401758,6.533936],[11.324609,6.484668],[11.237305,6.450537],[11.15332,6.437939],[11.106445,6.457715],[11.079688,6.505518],[11.03252,6.6979],[11.008691,6.739111],[10.954199,6.776562],[10.846484,6.881787],[10.737598,6.988281],[10.60625,7.063086],[10.578125,7.057715],[10.556348,7.037451],[10.519043,6.930469],[10.482324,6.89126],[10.413184,6.877734],[10.293066,6.876758],[10.205469,6.891602],[10.185547,6.912793],[10.167773,6.95918],[10.143555,6.996436],[10.038867,6.921387],[9.874219,6.803271],[9.820703,6.783936],[9.779883,6.760156],[9.725586,6.65],[9.659961,6.531982],[9.574023,6.47041],[9.490234,6.418652],[9.442188,6.373389],[9.37334,6.319629],[9.23877,6.186133],[9.060156,6.009082],[8.997168,5.917725],[8.935059,5.781006],[8.898828,5.629687],[8.85918,5.46377],[8.800977,5.197461],[8.715625,5.046875],[8.640527,4.927002],[8.585156,4.832812],[8.555859,4.755225],[8.54375,4.757812],[8.514844,4.724707],[8.431348,4.74624],[8.393652,4.81377],[8.34209,4.824756],[8.252734,4.923975],[8.233789,4.907471],[8.328027,4.656104],[8.293066,4.557617],[8.028516,4.555371],[7.800781,4.522266],[7.644238,4.525342],[7.565625,4.560937],[7.530762,4.655176],[7.517383,4.645459],[7.509473,4.594922],[7.459863,4.555225],[7.284375,4.547656],[7.206738,4.612061],[7.143848,4.684082],[7.076563,4.716162],[7.086914,4.68584],[7.16416,4.615576],[7.154688,4.514404],[7.013379,4.397314],[6.923242,4.390674],[6.867871,4.441113],[6.83916,4.523486],[6.824707,4.645264],[6.787598,4.724707],[6.767676,4.724707],[6.786035,4.652002],[6.792188,4.592627],[6.793066,4.469141],[6.860352,4.37334],[6.757031,4.343555],[6.715137,4.342432],[6.633008,4.340234],[6.617285,4.375781],[6.601562,4.455176],[6.57998,4.475977],[6.55459,4.341406],[6.5,4.331934],[6.462109,4.333154],[6.299805,4.303857],[6.263672,4.309424],[6.255957,4.334473],[6.275293,4.37168],[6.270996,4.432129],[6.214648,4.385498],[6.205566,4.292285],[6.17334,4.277393],[6.076563,4.290625],[5.970703,4.338574],[5.906445,4.387744],[5.798633,4.455957],[5.587793,4.647217],[5.553613,4.733203],[5.493262,4.83877],[5.448145,4.94585],[5.383301,5.129004],[5.403223,5.142285],[5.452148,5.126562],[5.475977,5.153857],[5.388281,5.173779],[5.37002,5.19502],[5.36416,5.259277],[5.367969,5.337744],[5.439258,5.365332],[5.500879,5.378613],[5.531836,5.426367],[5.549707,5.474219],[5.38584,5.401758],[5.232422,5.483789],[5.199219,5.533545],[5.21582,5.57168],[5.289062,5.57749],[5.393848,5.574512],[5.456641,5.611719],[5.418066,5.624707],[5.350293,5.623291],[5.325293,5.647949],[5.327344,5.70752],[5.305371,5.694336],[5.27627,5.641553],[5.172852,5.602734],[5.112402,5.641553],[5.10625,5.728125],[5.093066,5.76709],[5.04209,5.79751],[4.861035,6.026318],[4.633594,6.217187],[4.431348,6.348584],[4.125879,6.411377],[3.486621,6.408936],[3.450781,6.427051],[3.489941,6.457275],[3.546094,6.477441],[3.75166,6.583838],[3.716992,6.597949],[3.50332,6.531348],[3.430176,6.525],[3.335547,6.396924],[2.772461,6.375732],[2.706445,6.369238],[2.708008,6.427686],[2.735645,6.595703],[2.753711,6.661768],[2.774609,6.711719],[2.75293,6.771631],[2.731738,6.852832],[2.721387,6.980273],[2.747754,7.019824],[2.756738,7.06792],[2.750586,7.143213],[2.750488,7.395068],[2.76582,7.42251],[2.783984,7.443408],[2.785156,7.476855],[2.750977,7.541895],[2.719336,7.61626],[2.72041,7.723096],[2.707715,7.826611],[2.686035,7.87373],[2.702344,8.049805],[2.711523,8.272998],[2.703125,8.371826],[2.723633,8.441895],[2.734668,8.614014],[2.73291,8.78252],[2.774805,9.048535],[2.898047,9.061377],[3.044922,9.083838],[3.110449,9.188281],[3.148047,9.320605],[3.136133,9.451611],[3.164648,9.494678],[3.223438,9.565625],[3.329492,9.667041],[3.325195,9.778467],[3.354492,9.812793],[3.404785,9.838623],[3.476758,9.851904],[3.557227,9.907324],[3.602051,10.004541],[3.645898,10.160156],[3.576563,10.268359],[3.57793,10.29248],[3.604102,10.350684],[3.646582,10.408984],[3.680273,10.427783],[3.758496,10.412695],[3.771777,10.417627],[3.783789,10.435889],[3.834473,10.607422],[3.829688,10.65376],[3.756836,10.76875],[3.744922,10.850439],[3.73418,10.971924],[3.716406,11.07959],[3.695312,11.120312],[3.65625,11.15459],[3.638867,11.176855],[3.487793,11.39541],[3.490527,11.499219],[3.553906,11.631885],[3.59541,11.696289],[3.653125,11.731836],[3.664746,11.762451],[3.647363,11.799658],[3.618457,11.827734],[3.611816,11.887305],[3.620117,11.926953],[3.640625,11.970361],[3.63252,12.061572],[3.63418,12.201611],[3.643848,12.405273],[3.64668,12.52998],[3.769238,12.622168],[3.947852,12.775049],[4.03877,12.934668],[4.087402,13.055469],[4.147559,13.457715],[4.19082,13.482129],[4.242188,13.501074],[4.421387,13.64751],[4.559473,13.701807],[4.664844,13.733203],[4.82334,13.759766],[4.92168,13.749121],[5.100879,13.742725],[5.241895,13.757227],[5.361621,13.836865],[5.41582,13.85918],[5.491992,13.872852],[5.838184,13.765381],[6.184277,13.663672],[6.247168,13.672998],[6.299805,13.658789],[6.386328,13.603613],[6.514063,13.4854],[6.589941,13.409131],[6.626563,13.364258],[6.804297,13.107666],[6.870605,13.043262],[6.937207,13.008203],[7.005078,12.995557],[7.056738,13.000195],[7.106055,13.029102],[7.173047,13.086328],[7.274707,13.112256],[7.357813,13.107178],[7.788672,13.337891],[7.830469,13.340918],[7.955762,13.322754],[8.09502,13.291162],[8.456055,13.059668],[8.750586,12.908154],[8.957617,12.857471],[9.201563,12.821484],[9.615918,12.810645],[9.929297,13.135254],[10.045117,13.206152],[10.184668,13.270117],[10.22959,13.281006],[10.475879,13.330225],[10.958887,13.371533],[11.411914,13.353613],[11.501074,13.340527],[11.693359,13.297705],[11.990039,13.191797],[12.117969,13.09043],[12.319043,13.073682],[12.463184,13.09375],[12.510156,13.194336],[12.654785,13.326562],[12.759961,13.380371],[12.87168,13.449023],[13.048438,13.534521],[13.193848,13.573047],[13.323828,13.67085],[13.426953,13.701758],[13.606348,13.70459]]]]}},{"type":"Feature","properties":{"name":"Niger","iso_a3":"NER","monitored":true,"focus":false},"geometry":{"type":"Polygon","coordinates":[[[13.606348,13.70459],[13.426953,13.701758],[13.323828,13.67085],[13.193848,13.573047],[13.048438,13.534521],[12.87168,13.449023],[12.759961,13.380371],[12.654785,13.326562],[12.510156,13.194336],[12.463184,13.09375],[12.319043,13.073682],[12.117969,13.09043],[11.990039,13.191797],[11.693359,13.297705],[11.501074,13.340527],[11.411914,13.353613],[10.958887,13.371533],[10.475879,13.330225],[10.22959,13.281006],[10.184668,13.270117],[10.045117,13.206152],[9.929297,13.135254],[9.615918,12.810645],[9.201563,12.821484],[8.957617,12.857471],[8.750586,12.908154],[8.456055,13.059668],[8.09502,13.291162],[7.955762,13.322754],[7.830469,13.340918],[7.788672,13.337891],[7.357813,13.107178],[7.274707,13.112256],[7.173047,13.086328],[7.106055,13.029102],[7.056738,13.000195],[7.005078,12.995557],[6.937207,13.008203],[6.870605,13.043262],[6.804297,13.107666],[6.626563,13.364258],[6.589941,13.409131],[6.514063,13.4854],[6.386328,13.603613],[6.299805,13.658789],[6.247168,13.672998],[6.184277,13.663672],[5.838184,13.765381],[5.491992,13.872852],[5.41582,13.85918],[5.361621,13.836865],[5.241895,13.757227],[5.100879,13.742725],[4.92168,13.749121],[4.82334,13.759766],[4.664844,13.733203],[4.559473,13.701807],[4.421387,13.64751],[4.242188,13.501074],[4.19082,13.482129],[4.147559,13.457715],[4.087402,13.055469],[4.03877,12.934668],[3.947852,12.775049],[3.769238,12.622168],[3.64668,12.52998],[3.643848,12.405273],[3.63418,12.201611],[3.63252,12.061572],[3.640625,11.970361],[3.620117,11.926953],[3.611816,11.887305],[3.618457,11.827734],[3.647363,11.799658],[3.664746,11.762451],[3.653125,11.731836],[3.59541,11.696289],[3.531738,11.787451],[3.449805,11.851953],[3.359961,11.880469],[3.299121,11.927148],[3.267383,11.991895],[3.149609,12.118066],[2.878125,12.367725],[2.850195,12.373682],[2.805273,12.383838],[2.728516,12.353613],[2.681348,12.312793],[2.648438,12.296777],[2.598438,12.294336],[2.469336,12.262793],[2.366016,12.221924],[2.363281,12.188428],[2.412695,11.999316],[2.38916,11.89707],[2.343359,11.945996],[2.194434,12.136475],[2.091406,12.277979],[2.072949,12.309375],[2.058398,12.357959],[2.068555,12.37915],[2.109375,12.393848],[2.203809,12.412598],[2.221387,12.427246],[2.22627,12.466064],[2.211523,12.538428],[2.159766,12.636426],[2.10459,12.70127],[2.073828,12.713965],[2.017383,12.716211],[1.956152,12.707422],[1.840918,12.627881],[1.789844,12.613281],[1.671094,12.619824],[1.564941,12.6354],[1.500488,12.676465],[1.308691,12.834277],[1.096777,13.001123],[1.00791,13.024805],[0.987305,13.041895],[0.973047,13.170361],[0.976758,13.324512],[0.988477,13.364844],[1.076855,13.340771],[1.170898,13.32959],[1.201172,13.35752],[1.125977,13.412354],[1.017871,13.467871],[0.977734,13.551953],[0.946582,13.581152],[0.897949,13.610937],[0.842285,13.626416],[0.786035,13.650049],[0.747754,13.674512],[0.68457,13.6854],[0.618164,13.703418],[0.522363,13.839746],[0.429199,13.972119],[0.374023,14.076367],[0.354883,14.139014],[0.38252,14.245801],[0.35459,14.288037],[0.250586,14.396436],[0.163867,14.497217],[0.185059,14.65293],[0.202734,14.782812],[0.203809,14.865039],[0.21748,14.911475],[0.228711,14.963672],[0.28623,14.980176],[0.433008,14.979004],[0.718652,14.954883],[0.947461,14.982129],[0.960059,14.986914],[1.121289,15.126123],[1.300195,15.272266],[1.569141,15.286475],[1.859375,15.301709],[2.088184,15.309375],[2.420801,15.32041],[2.689648,15.329883],[3.001074,15.340967],[3.010547,15.408301],[3.029395,15.424854],[3.060156,15.427197],[3.289062,15.391113],[3.504297,15.356348],[3.520508,15.483105],[3.70957,15.641699],[3.816504,15.674023],[3.842969,15.701709],[3.876953,15.755273],[3.897949,15.837988],[3.907227,15.896826],[3.94707,15.945654],[3.976172,16.035547],[4.014844,16.192725],[4.121289,16.357715],[4.182129,16.581787],[4.191211,16.798193],[4.20293,16.962695],[4.234668,16.996387],[4.233691,17.288428],[4.232715,17.582178],[4.231934,17.830518],[4.230859,18.139453],[4.22998,18.410596],[4.229004,18.704346],[4.228223,18.968066],[4.227637,19.142773],[4.445703,19.184521],[4.671289,19.227783],[5.001367,19.291064],[5.358691,19.359521],[5.74834,19.434229],[5.836621,19.47915],[6.130664,19.731982],[6.263379,19.846143],[6.527051,20.072949],[6.730664,20.248047],[6.989355,20.470508],[7.263379,20.694482],[7.481738,20.873096],[7.825195,21.075586],[8.343066,21.380859],[8.860938,21.686133],[9.378711,21.991406],[9.896484,22.296729],[10.414355,22.602002],[10.932227,22.907275],[11.45,23.212598],[11.967871,23.517871],[12.48877,23.40166],[12.983594,23.29126],[13.48125,23.180176],[13.598633,23.119531],[13.862695,22.9021],[14.200684,22.62373],[14.215527,22.619678],[14.230762,22.618457],[14.555664,22.78252],[14.978906,22.996289],[14.979004,22.996191],[15.088965,22.418359],[15.172266,21.92207],[15.177832,21.605811],[15.181836,21.523389],[15.21582,21.467432],[15.293652,21.411523],[15.607324,20.954395],[15.540332,20.874902],[15.587109,20.733301],[15.668457,20.672363],[15.929297,20.399854],[15.963184,20.346191],[15.948828,20.303174],[15.766211,19.982568],[15.735059,19.904053],[15.698633,19.495215],[15.672949,19.206787],[15.637598,18.81084],[15.595508,18.337061],[15.561523,17.937256],[15.516699,17.408496],[15.474316,16.908398],[15.212109,16.633887],[14.74668,16.146631],[14.367969,15.750146],[14.178223,15.484766],[13.807129,14.966113],[13.642383,14.630762],[13.513672,14.455518],[13.448242,14.380664],[13.505762,14.134424],[13.606348,13.70459]]]}},{"type":"Feature","properties":{"name":"Maroc","iso_a3":"MAR","monitored":false,"focus":false},"geometry":{"type":"Polygon","coordinates":[[[-2.219629,35.104199],[-2.190771,35.029785],[-2.131787,34.97085],[-1.920898,34.835547],[-1.795605,34.751904],[-1.792187,34.723193],[-1.832422,34.654639],[-1.849658,34.607324],[-1.816602,34.55708],[-1.739453,34.496094],[-1.733301,34.467041],[-1.751855,34.433252],[-1.791797,34.36792],[-1.706934,34.176074],[-1.692676,33.990283],[-1.714697,33.858203],[-1.714111,33.781836],[-1.702979,33.716846],[-1.63125,33.566748],[-1.679199,33.318652],[-1.625098,33.18335],[-1.550732,33.073584],[-1.51001,32.877637],[-1.45,32.784814],[-1.352148,32.703369],[-1.296387,32.675684],[-1.188232,32.608496],[-1.111035,32.552295],[-1.065527,32.468311],[-1.162598,32.39917],[-1.240332,32.337598],[-1.262109,32.271143],[-1.225928,32.164551],[-1.225928,32.107227],[-1.275342,32.089014],[-1.477051,32.094873],[-1.635156,32.099561],[-1.816992,32.104785],[-2.072803,32.115039],[-2.23125,32.121338],[-2.448389,32.12998],[-2.523242,32.125684],[-2.722607,32.095752],[-2.863428,32.074707],[-2.887207,32.068848],[-2.930859,32.042529],[-2.961133,31.963965],[-2.988232,31.874219],[-3.017383,31.834277],[-3.439795,31.704541],[-3.60459,31.686768],[-3.700244,31.700098],[-3.768164,31.689551],[-3.826758,31.661914],[-3.84668,31.619873],[-3.849561,31.566406],[-3.837109,31.512354],[-3.796436,31.437109],[-3.78916,31.361816],[-3.815137,31.308838],[-3.821387,31.255469],[-3.833398,31.197803],[-3.811816,31.166602],[-3.770996,31.161816],[-3.730176,31.1354],[-3.67251,31.111377],[-3.624512,31.065771],[-3.626904,31.000928],[-3.666797,30.964014],[-3.702002,30.944482],[-3.860059,30.927246],[-3.985352,30.913525],[-4.148779,30.80957],[-4.322852,30.698877],[-4.52915,30.625537],[-4.619629,30.604785],[-4.778516,30.552393],[-4.968262,30.465381],[-5.061914,30.326416],[-5.180127,30.166162],[-5.293652,30.058643],[-5.448779,29.956934],[-5.593311,29.917969],[-5.775,29.869043],[-6.004297,29.83125],[-6.166504,29.818945],[-6.214795,29.810693],[-6.357617,29.808301],[-6.427637,29.816113],[-6.479736,29.820361],[-6.500879,29.809131],[-6.50791,29.783789],[-6.510693,29.726025],[-6.520557,29.659863],[-6.565674,29.603857],[-6.597754,29.578955],[-6.635352,29.568799],[-6.755127,29.583838],[-6.855566,29.601611],[-7.094922,29.625195],[-7.142432,29.61958],[-7.160205,29.612646],[-7.234912,29.574902],[-7.349756,29.494727],[-7.427686,29.425],[-7.485742,29.392236],[-7.624609,29.375195],[-7.685156,29.349512],[-7.943848,29.174756],[-7.998926,29.132422],[-8.265186,28.980518],[-8.340479,28.930176],[-8.399316,28.880176],[-8.55835,28.767871],[-8.659912,28.718604],[-8.678418,28.689404],[-8.68335,28.620752],[-8.68335,28.469238],[-8.68335,28.323682],[-8.68335,28.112012],[-8.68335,27.900391],[-8.68335,27.656445],[-8.817822,27.656445],[-8.817773,27.655908],[-8.813916,27.613867],[-8.78457,27.530859],[-8.774365,27.460547],[-8.788965,27.416553],[-8.802686,27.360937],[-8.796826,27.308203],[-8.774365,27.250586],[-8.753857,27.191016],[-8.753857,27.150977],[-8.794873,27.120703],[-8.889062,27.104102],[-9.001904,27.09043],[-9.084424,27.09043],[-9.208447,27.100195],[-9.285596,27.098242],[-9.352979,27.098242],[-9.413037,27.088477],[-9.487305,27.050391],[-9.569824,26.99082],[-9.67334,26.910742],[-9.735352,26.860937],[-9.817871,26.850195],[-9.900342,26.850195],[-9.980908,26.890234],[-10.032715,26.910742],[-10.066846,26.908789],[-10.123047,26.880469],[-10.189453,26.860937],[-10.251465,26.860937],[-10.354932,26.900977],[-10.478955,26.960547],[-10.55127,26.99082],[-10.654248,27.000586],[-10.757764,27.020117],[-10.830078,27.010352],[-10.922803,27.010352],[-11.046826,26.970312],[-11.150342,26.941016],[-11.263623,26.910742],[-11.392578,26.883398],[-11.361279,26.793555],[-11.316846,26.744727],[-11.316846,26.68418],[-11.337891,26.633398],[-11.399902,26.583594],[-11.470703,26.520117],[-11.51167,26.470312],[-11.553174,26.400977],[-11.583984,26.360937],[-11.637207,26.295508],[-11.684521,26.213477],[-11.699219,26.162695],[-11.718213,26.104102],[-11.754883,26.086523],[-11.880859,26.070898],[-11.960889,26.050391],[-12.030762,26.030859],[-12.056787,25.996338],[-12.060986,25.99082],[-12.081055,25.920508],[-12.081055,25.870703],[-12.101025,25.830664],[-12.130859,25.731055],[-12.17085,25.640234],[-12.201123,25.520117],[-12.230957,25.420508],[-12.270947,25.260303],[-12.310986,25.110937],[-12.36084,24.970312],[-12.400879,24.880469],[-12.431152,24.830664],[-12.500977,24.770117],[-12.561035,24.731055],[-12.630811,24.680273],[-12.710938,24.630469],[-12.820752,24.570898],[-12.911133,24.520117],[-12.947852,24.497266],[-12.991162,24.470312],[-13.061035,24.400977],[-13.121094,24.300391],[-13.161133,24.220312],[-13.230957,24.09043],[-13.280762,24.020117],[-13.310986,23.981055],[-13.391113,23.941016],[-13.480957,23.910742],[-13.581055,23.870703],[-13.661084,23.830664],[-13.770947,23.790625],[-13.840771,23.750586],[-13.891113,23.691016],[-13.931104,23.620703],[-13.980908,23.520117],[-14.020996,23.410742],[-14.040967,23.34043],[-14.101074,23.100195],[-14.121094,22.960547],[-14.141064,22.870703],[-14.170898,22.760352],[-14.190869,22.59043],[-14.190869,22.450781],[-14.210938,22.370703],[-14.221191,22.310156],[-14.270996,22.24082],[-14.311035,22.191016],[-14.380811,22.120703],[-14.440918,22.080664],[-14.460889,22.040625],[-14.520996,21.990869],[-14.581006,21.910742],[-14.630859,21.860937],[-14.621094,21.820898],[-14.610791,21.750586],[-14.641113,21.680273],[-14.67085,21.600195],[-14.750977,21.500586],[-14.84082,21.450781],[-14.971143,21.441016],[-15.150879,21.441016],[-15.290967,21.450781],[-15.460938,21.450781],[-15.610791,21.470312],[-15.750928,21.49082],[-15.92085,21.500586],[-16.041016,21.500586],[-16.190869,21.481055],[-16.581006,21.481055],[-16.730957,21.470312],[-16.951123,21.430273],[-17.002979,21.420752],[-17.003076,21.420703],[-16.930859,21.9],[-16.793262,22.159717],[-16.683984,22.274365],[-16.514404,22.333496],[-16.35874,22.594531],[-16.304297,22.834814],[-16.201855,22.945361],[-16.169727,23.031934],[-16.210254,23.0979],[-16.113672,23.227539],[-15.996729,23.425488],[-15.942627,23.552637],[-15.805957,23.749512],[-15.789258,23.792871],[-15.80166,23.842236],[-15.855176,23.800342],[-15.912549,23.727588],[-15.980713,23.670312],[-15.952832,23.74082],[-15.899316,23.844434],[-15.777783,23.95293],[-15.586328,24.072754],[-15.188623,24.478809],[-15.038867,24.548828],[-14.904297,24.719775],[-14.856055,24.871582],[-14.84292,25.220117],[-14.794922,25.40415],[-14.707031,25.547705],[-14.602295,25.808545],[-14.522754,25.925244],[-14.470557,26.163037],[-14.413867,26.253711],[-14.312451,26.296729],[-14.168359,26.41543],[-13.9521,26.48877],[-13.695898,26.64292],[-13.575781,26.735107],[-13.495752,26.872656],[-13.409814,27.146631],[-13.256152,27.434619],[-13.177393,27.651855],[-13.175977,27.655713],[-13.040723,27.769824],[-12.948926,27.91416],[-12.793652,27.978418],[-12.468896,28.009424],[-11.986084,28.129297],[-11.552686,28.310107],[-11.430176,28.382031],[-11.299072,28.526074],[-11.080957,28.71377],[-10.673828,28.939209],[-10.486475,29.064941],[-10.200586,29.380371],[-10.010498,29.641406],[-9.852637,29.809229],[-9.743457,29.958203],[-9.66709,30.109277],[-9.623828,30.352637],[-9.65293,30.447559],[-9.773145,30.603125],[-9.853906,30.64458],[-9.875488,30.71792],[-9.832422,30.847266],[-9.83335,31.069629],[-9.808691,31.424609],[-9.674951,31.710986],[-9.347461,32.086377],[-9.286572,32.240576],[-9.249121,32.48584],[-9.24585,32.572461],[-8.83623,32.920459],[-8.596289,33.187158],[-8.512842,33.252441],[-8.301172,33.374365],[-7.562354,33.640283],[-7.144678,33.830322],[-6.900977,33.969043],[-6.755762,34.13291],[-6.353125,34.776074],[-5.957568,35.681152],[-5.924805,35.785791],[-5.747949,35.815967],[-5.622852,35.828906],[-5.522266,35.862012],[-5.397363,35.929883],[-5.277832,35.902734],[-5.337646,35.856543],[-5.337646,35.745215],[-5.252686,35.614746],[-5.105371,35.467773],[-4.837207,35.281299],[-4.62832,35.206396],[-4.32998,35.161475],[-3.982422,35.243408],[-3.787988,35.244922],[-3.693262,35.27998],[-3.590625,35.22832],[-3.394727,35.211816],[-3.206006,35.239111],[-3.063086,35.317236],[-2.972217,35.407275],[-2.957959,35.363086],[-2.953613,35.315137],[-2.925977,35.287109],[-2.869531,35.172656],[-2.839941,35.127832],[-2.731396,35.135205],[-2.636816,35.112695],[-2.42373,35.123486],[-2.219629,35.104199]]]}},{"type":"Feature","properties":{"name":"Mauritanie","iso_a3":"MRT","monitored":true,"focus":false},"geometry":{"type":"MultiPolygon","coordinates":[[[[-16.37334,19.706445],[-16.437549,19.609277],[-16.465967,19.646387],[-16.477002,19.710352],[-16.420166,19.801953],[-16.393262,19.849268],[-16.343652,19.866211],[-16.37334,19.706445]]],[[[-12.280615,14.809033],[-12.302539,14.816992],[-12.408691,14.889014],[-12.459863,14.974658],[-12.543555,15.039014],[-12.659619,15.08208],[-12.735254,15.13125],[-12.770312,15.18667],[-12.813184,15.223535],[-12.858496,15.242529],[-12.862646,15.262402],[-12.851904,15.289648],[-12.862695,15.34043],[-12.930859,15.453027],[-12.994336,15.504883],[-13.048535,15.496631],[-13.079297,15.510449],[-13.0979,15.535254],[-13.105273,15.571777],[-13.142383,15.60332],[-13.206445,15.616895],[-13.258008,15.700391],[-13.297021,15.853857],[-13.347559,15.973486],[-13.409668,16.05918],[-13.454102,16.091113],[-13.486963,16.097021],[-13.498145,16.110303],[-13.506982,16.135205],[-13.555518,16.144043],[-13.623535,16.118311],[-13.684668,16.126904],[-13.714941,16.168799],[-13.756641,16.17251],[-13.809814,16.138037],[-13.868457,16.148145],[-13.932617,16.202881],[-13.968164,16.257227],[-13.975049,16.311133],[-14.085645,16.418848],[-14.300098,16.580273],[-14.53374,16.655957],[-14.786719,16.645898],[-14.928613,16.653516],[-14.959521,16.678906],[-14.990625,16.676904],[-15.021924,16.647461],[-15.055225,16.640967],[-15.090576,16.657373],[-15.112646,16.644922],[-15.121436,16.603613],[-15.210547,16.582617],[-15.37998,16.581982],[-15.516699,16.556592],[-15.620801,16.506592],[-15.768213,16.485107],[-15.958984,16.492139],[-16.074023,16.510449],[-16.113281,16.540137],[-16.168359,16.54707],[-16.239014,16.531299],[-16.302295,16.451318],[-16.358105,16.307178],[-16.404346,16.224902],[-16.441016,16.204541],[-16.480078,16.097217],[-16.502051,15.917334],[-16.535254,15.838379],[-16.535742,16.286816],[-16.481299,16.454248],[-16.463623,16.601514],[-16.34668,16.926416],[-16.207471,17.192578],[-16.078906,17.54585],[-16.030322,17.887939],[-16.046729,18.223145],[-16.084961,18.521191],[-16.150098,18.718164],[-16.213086,19.00332],[-16.305908,19.153809],[-16.476172,19.285059],[-16.514453,19.361963],[-16.474805,19.390625],[-16.371289,19.410254],[-16.305273,19.512646],[-16.444873,19.473145],[-16.283398,19.787158],[-16.233203,20.000977],[-16.241162,20.14126],[-16.210449,20.22793],[-16.33374,20.415869],[-16.429785,20.652344],[-16.479199,20.689795],[-16.53042,20.709521],[-16.534912,20.654004],[-16.562695,20.60415],[-16.62251,20.63418],[-16.728369,20.806152],[-16.876074,21.086133],[-16.92793,21.114795],[-16.971143,21.076465],[-16.998242,21.039697],[-17.048047,20.806152],[-17.063965,20.898828],[-17.042383,21.008008],[-17.005908,21.142432],[-16.964551,21.329248],[-16.836328,21.329395],[-16.607031,21.329639],[-16.377734,21.329932],[-16.148438,21.330225],[-15.919141,21.330469],[-15.689795,21.330762],[-15.460547,21.331055],[-15.231201,21.331299],[-15.001904,21.331592],[-14.772607,21.331885],[-14.543262,21.332129],[-14.313965,21.332422],[-14.084668,21.332715],[-13.855371,21.332959],[-13.626025,21.333252],[-13.396729,21.333545],[-13.167432,21.333789],[-13.016211,21.333936],[-13.025098,21.466797],[-13.032227,21.57207],[-13.041748,21.713818],[-13.051221,21.854785],[-13.060645,21.995752],[-13.06958,22.128174],[-13.078467,22.260449],[-13.086768,22.383252],[-13.094336,22.495996],[-13.107324,22.560742],[-13.155957,22.689307],[-13.166504,22.753223],[-13.153271,22.820508],[-13.120898,22.884082],[-13.031494,23.000244],[-12.895996,23.089551],[-12.7396,23.192725],[-12.62041,23.271338],[-12.559375,23.29082],[-12.3729,23.318018],[-12.226172,23.37749],[-12.08335,23.435449],[-12.023438,23.467578],[-12.016309,23.576465],[-12.016309,23.6979],[-12.016309,23.834033],[-12.016309,23.970215],[-12.016309,24.106348],[-12.016309,24.24248],[-12.016309,24.378662],[-12.016309,24.514795],[-12.016309,24.650977],[-12.016309,24.787109],[-12.016309,24.923242],[-12.016309,25.059375],[-12.016309,25.195557],[-12.016309,25.331689],[-12.016309,25.467871],[-12.016309,25.604004],[-12.016309,25.740137],[-12.016309,25.876318],[-12.016309,25.99541],[-11.86665,25.99541],[-11.680371,25.99541],[-11.494043,25.99541],[-11.307715,25.99541],[-11.121387,25.995459],[-10.935107,25.995459],[-10.748779,25.995459],[-10.562451,25.995459],[-10.376123,25.995459],[-10.189795,25.995459],[-10.003516,25.995459],[-9.817187,25.995459],[-9.630859,25.995508],[-9.444531,25.995508],[-9.258203,25.995508],[-9.071924,25.995508],[-8.885645,25.995508],[-8.682227,25.995508],[-8.682129,26.109473],[-8.682129,26.273193],[-8.682324,26.497705],[-8.682617,26.723145],[-8.682861,26.921338],[-8.683105,27.119287],[-8.68335,27.285937],[-8.495312,27.175342],[-8.307275,27.064746],[-8.119238,26.95415],[-7.931152,26.843555],[-7.743115,26.732959],[-7.555078,26.622363],[-7.366992,26.511768],[-7.178906,26.401172],[-6.990869,26.290576],[-6.802832,26.17998],[-6.614746,26.069434],[-6.426709,25.958789],[-6.238672,25.848193],[-6.050586,25.737598],[-5.862549,25.627002],[-5.674512,25.516406],[-5.516943,25.423779],[-5.275,25.274512],[-5.049512,25.135449],[-4.822607,24.995605],[-5.1729,24.99541],[-5.640771,24.995166],[-5.959814,24.994971],[-6.287207,24.994824],[-6.594092,24.994629],[-6.567383,24.766797],[-6.538965,24.518164],[-6.510449,24.269482],[-6.482031,24.020801],[-6.453516,23.772168],[-6.425049,23.523486],[-6.396582,23.274805],[-6.368115,23.026123],[-6.339648,22.77749],[-6.311133,22.528857],[-6.282715,22.280176],[-6.254199,22.031543],[-6.225732,21.782861],[-6.197266,21.53418],[-6.168799,21.285547],[-6.140332,21.036865],[-6.111816,20.788184],[-6.083398,20.539502],[-6.054883,20.290869],[-6.026416,20.042187],[-5.997949,19.793506],[-5.969482,19.544873],[-5.941016,19.296191],[-5.9125,19.04751],[-5.884082,18.798877],[-5.855566,18.550244],[-5.8271,18.301563],[-5.798633,18.05293],[-5.770166,17.804248],[-5.741699,17.555566],[-5.713184,17.306885],[-5.684766,17.058252],[-5.65625,16.80957],[-5.628662,16.568652],[-5.509619,16.442041],[-5.359912,16.282861],[-5.403564,16.05791],[-5.455615,15.789404],[-5.5125,15.496289],[-5.723877,15.496289],[-5.927832,15.496289],[-6.131787,15.49624],[-6.335742,15.496191],[-6.539648,15.496191],[-6.743604,15.496191],[-6.947559,15.496191],[-7.151514,15.496191],[-7.355469,15.496191],[-7.559375,15.496143],[-7.763379,15.496143],[-7.967285,15.496143],[-8.17124,15.496143],[-8.375195,15.496143],[-8.57915,15.496143],[-8.783105,15.496094],[-8.987061,15.496094],[-9.176807,15.496094],[-9.293701,15.502832],[-9.335449,15.525684],[-9.350586,15.677393],[-9.385352,15.667627],[-9.426562,15.623047],[-9.447705,15.574854],[-9.440332,15.51167],[-9.446924,15.458203],[-9.577832,15.437256],[-9.755078,15.401465],[-9.941406,15.373779],[-10.129541,15.383691],[-10.19375,15.396045],[-10.262109,15.416016],[-10.411816,15.437939],[-10.493164,15.439795],[-10.586572,15.434863],[-10.696582,15.422656],[-10.731982,15.394922],[-10.815088,15.281738],[-10.895605,15.150488],[-10.948242,15.151123],[-11.007422,15.2229],[-11.169336,15.358643],[-11.365625,15.536768],[-11.455225,15.625391],[-11.502686,15.636816],[-11.596729,15.573242],[-11.675879,15.512061],[-11.760156,15.425537],[-11.798437,15.342725],[-11.82876,15.244873],[-11.842236,15.129395],[-11.872852,14.995166],[-11.940918,14.886914],[-12.021582,14.804932],[-12.081543,14.766357],[-12.104687,14.745361],[-12.280615,14.809033]]]]}},{"type":"Feature","properties":{"name":"Mali","iso_a3":"MLI","monitored":true,"focus":true},"geometry":{"type":"Polygon","coordinates":[[[-11.389404,12.404395],[-11.382422,12.479248],[-11.448779,12.531934],[-11.450586,12.557715],[-11.444092,12.627588],[-11.414355,12.775488],[-11.417432,12.831885],[-11.390381,12.941992],[-11.433936,12.991602],[-11.444141,13.028223],[-11.492822,13.086963],[-11.548779,13.170264],[-11.56167,13.236963],[-11.581348,13.290039],[-11.634961,13.369873],[-11.674463,13.382373],[-11.758252,13.394531],[-11.772217,13.36709],[-11.803369,13.327295],[-11.831689,13.31582],[-11.877783,13.364551],[-11.895215,13.406299],[-11.89458,13.444434],[-11.95708,13.510889],[-12.054199,13.633057],[-12.044141,13.733887],[-11.98418,13.788086],[-11.966357,13.828955],[-11.960889,13.875293],[-11.988086,13.930762],[-12.020117,13.974658],[-12.011182,14.071826],[-12.019189,14.206494],[-12.068359,14.274219],[-12.112891,14.323291],[-12.175244,14.37666],[-12.228418,14.458594],[-12.206836,14.571143],[-12.186523,14.648145],[-12.280615,14.809033],[-12.104687,14.745361],[-12.081543,14.766357],[-12.021582,14.804932],[-11.940918,14.886914],[-11.872852,14.995166],[-11.842236,15.129395],[-11.82876,15.244873],[-11.798437,15.342725],[-11.760156,15.425537],[-11.675879,15.512061],[-11.596729,15.573242],[-11.502686,15.636816],[-11.455225,15.625391],[-11.365625,15.536768],[-11.169336,15.358643],[-11.007422,15.2229],[-10.948242,15.151123],[-10.895605,15.150488],[-10.815088,15.281738],[-10.731982,15.394922],[-10.696582,15.422656],[-10.586572,15.434863],[-10.493164,15.439795],[-10.411816,15.437939],[-10.262109,15.416016],[-10.19375,15.396045],[-10.129541,15.383691],[-9.941406,15.373779],[-9.755078,15.401465],[-9.577832,15.437256],[-9.446924,15.458203],[-9.440332,15.51167],[-9.447705,15.574854],[-9.426562,15.623047],[-9.385352,15.667627],[-9.350586,15.677393],[-9.335449,15.525684],[-9.293701,15.502832],[-9.176807,15.496094],[-8.987061,15.496094],[-8.783105,15.496094],[-8.57915,15.496143],[-8.375195,15.496143],[-8.17124,15.496143],[-7.967285,15.496143],[-7.763379,15.496143],[-7.559375,15.496143],[-7.355469,15.496191],[-7.151514,15.496191],[-6.947559,15.496191],[-6.743604,15.496191],[-6.539648,15.496191],[-6.335742,15.496191],[-6.131787,15.49624],[-5.927832,15.496289],[-5.723877,15.496289],[-5.5125,15.496289],[-5.455615,15.789404],[-5.403564,16.05791],[-5.359912,16.282861],[-5.509619,16.442041],[-5.628662,16.568652],[-5.65625,16.80957],[-5.684766,17.058252],[-5.713184,17.306885],[-5.741699,17.555566],[-5.770166,17.804248],[-5.798633,18.05293],[-5.8271,18.301563],[-5.855566,18.550244],[-5.884082,18.798877],[-5.9125,19.04751],[-5.941016,19.296191],[-5.969482,19.544873],[-5.997949,19.793506],[-6.026416,20.042187],[-6.054883,20.290869],[-6.083398,20.539502],[-6.111816,20.788184],[-6.140332,21.036865],[-6.168799,21.285547],[-6.197266,21.53418],[-6.225732,21.782861],[-6.254199,22.031543],[-6.282715,22.280176],[-6.311133,22.528857],[-6.339648,22.77749],[-6.368115,23.026123],[-6.396582,23.274805],[-6.425049,23.523486],[-6.453516,23.772168],[-6.482031,24.020801],[-6.510449,24.269482],[-6.538965,24.518164],[-6.567383,24.766797],[-6.594092,24.994629],[-6.287207,24.994824],[-5.959814,24.994971],[-5.640771,24.995166],[-5.1729,24.99541],[-4.822607,24.995605],[-4.516992,24.804492],[-4.240332,24.623535],[-3.912793,24.409473],[-3.585352,24.195361],[-3.257861,23.98125],[-2.930371,23.767139],[-2.60293,23.553027],[-2.275391,23.338867],[-1.9479,23.124805],[-1.62041,22.910645],[-1.292969,22.696533],[-0.965479,22.482471],[-0.637988,22.268311],[-0.310547,22.054199],[0.016992,21.840137],[0.344434,21.625977],[0.671875,21.411865],[0.999414,21.197754],[1.145508,21.102246],[1.15918,21.0625],[1.172754,20.981982],[1.164062,20.891309],[1.165723,20.817432],[1.208887,20.767285],[1.290234,20.713574],[1.610645,20.555566],[1.636035,20.524365],[1.647363,20.458838],[1.685449,20.378369],[1.753223,20.331592],[1.832422,20.296875],[1.928809,20.272705],[2.219336,20.247803],[2.280859,20.210303],[2.406152,20.063867],[2.474219,20.03501],[2.667773,19.99292],[2.80791,19.969434],[2.865723,19.955957],[2.99248,19.916602],[3.130273,19.850195],[3.203711,19.789697],[3.203418,19.770752],[3.202734,19.718311],[3.20166,19.5604],[3.227051,19.473584],[3.255859,19.410938],[3.254395,19.372607],[3.219629,19.34541],[3.192383,19.312061],[3.177246,19.268164],[3.137891,19.212158],[3.106055,19.150098],[3.119727,19.103174],[3.174219,19.0729],[3.255957,19.013281],[3.323438,18.988379],[3.356445,18.986621],[3.400879,18.988428],[3.43877,18.996143],[3.683496,19.041602],[3.910156,19.08374],[4.227637,19.142773],[4.228223,18.968066],[4.229004,18.704346],[4.22998,18.410596],[4.230859,18.139453],[4.231934,17.830518],[4.232715,17.582178],[4.233691,17.288428],[4.234668,16.996387],[4.20293,16.962695],[4.191211,16.798193],[4.182129,16.581787],[4.121289,16.357715],[4.014844,16.192725],[3.976172,16.035547],[3.94707,15.945654],[3.907227,15.896826],[3.897949,15.837988],[3.876953,15.755273],[3.842969,15.701709],[3.816504,15.674023],[3.70957,15.641699],[3.520508,15.483105],[3.504297,15.356348],[3.289062,15.391113],[3.060156,15.427197],[3.029395,15.424854],[3.010547,15.408301],[3.001074,15.340967],[2.689648,15.329883],[2.420801,15.32041],[2.088184,15.309375],[1.859375,15.301709],[1.569141,15.286475],[1.300195,15.272266],[1.121289,15.126123],[0.960059,14.986914],[0.947461,14.982129],[0.718652,14.954883],[0.433008,14.979004],[0.28623,14.980176],[0.228711,14.963672],[0.21748,14.911475],[0.007324,14.984814],[-0.235889,15.059424],[-0.40542,15.0125],[-0.432275,15.028516],[-0.454492,15.059668],[-0.536523,15.077881],[-0.666455,15.069775],[-0.760449,15.047754],[-0.907959,14.937402],[-1.019189,14.841357],[-1.049561,14.819531],[-1.20498,14.761523],[-1.493652,14.626074],[-1.657324,14.526807],[-1.695068,14.508496],[-1.767773,14.486035],[-1.879785,14.481494],[-1.973047,14.456543],[-2.057129,14.194629],[-2.113232,14.168457],[-2.457227,14.274121],[-2.526904,14.258301],[-2.586719,14.227588],[-2.778857,14.07373],[-2.873926,13.950732],[-2.925879,13.786768],[-2.918506,13.736377],[-2.91709,13.679492],[-2.95083,13.648438],[-2.997217,13.637109],[-3.038672,13.639111],[-3.198437,13.672852],[-3.248633,13.65835],[-3.270166,13.577441],[-3.266748,13.400781],[-3.301758,13.280762],[-3.396729,13.243701],[-3.469922,13.196387],[-3.527637,13.182715],[-3.575781,13.194189],[-3.853467,13.373535],[-3.947314,13.402197],[-4.051172,13.382422],[-4.151025,13.306201],[-4.196191,13.256152],[-4.258691,13.197314],[-4.328711,13.119043],[-4.310254,13.05249],[-4.260645,12.975342],[-4.225244,12.879492],[-4.2271,12.793701],[-4.480615,12.672217],[-4.459863,12.630371],[-4.421924,12.581592],[-4.421582,12.493066],[-4.428711,12.337598],[-4.479883,12.281787],[-4.546045,12.226465],[-4.586914,12.155029],[-4.627246,12.120215],[-4.699316,12.076172],[-4.797949,12.032129],[-4.968994,11.993311],[-5.105908,11.967529],[-5.15752,11.942383],[-5.230176,11.890283],[-5.288135,11.82793],[-5.302002,11.760449],[-5.290527,11.683301],[-5.270312,11.619873],[-5.244775,11.576758],[-5.229395,11.522461],[-5.250244,11.375781],[-5.299854,11.205957],[-5.347412,11.130273],[-5.424219,11.088721],[-5.490479,11.042383],[-5.468555,10.931055],[-5.45708,10.771387],[-5.475684,10.643945],[-5.479004,10.565088],[-5.507031,10.483447],[-5.523535,10.426025],[-5.556592,10.439941],[-5.694287,10.433203],[-5.843848,10.389551],[-5.896191,10.354736],[-5.907568,10.307227],[-5.940674,10.275098],[-5.988672,10.239111],[-6.03457,10.194824],[-6.117188,10.201904],[-6.196875,10.232129],[-6.238379,10.261621],[-6.241309,10.279199],[-6.21499,10.322363],[-6.192627,10.369434],[-6.190674,10.400293],[-6.217773,10.47627],[-6.239746,10.558105],[-6.230664,10.59751],[-6.250244,10.71792],[-6.261133,10.724072],[-6.365625,10.692822],[-6.40415,10.685107],[-6.425879,10.671777],[-6.432617,10.64873],[-6.40752,10.572363],[-6.423926,10.559131],[-6.482617,10.56123],[-6.5646,10.586426],[-6.65415,10.656445],[-6.676367,10.633789],[-6.686133,10.578027],[-6.691992,10.512012],[-6.669336,10.392187],[-6.693262,10.349463],[-6.753223,10.357129],[-6.833643,10.356982],[-6.903809,10.345068],[-6.950342,10.342334],[-6.979492,10.299561],[-6.991748,10.251855],[-6.963818,10.19873],[-6.968164,10.176221],[-6.989453,10.155664],[-7.01709,10.143262],[-7.039746,10.144775],[-7.104883,10.203516],[-7.182324,10.225684],[-7.363184,10.259375],[-7.385059,10.340137],[-7.414795,10.341309],[-7.456543,10.383936],[-7.497949,10.439795],[-7.532812,10.436816],[-7.562109,10.42124],[-7.661133,10.427441],[-7.749072,10.342285],[-7.814209,10.236572],[-7.884082,10.185742],[-7.960938,10.163477],[-7.990625,10.1625],[-7.974463,10.229541],[-7.985693,10.278418],[-8.007275,10.321875],[-8.231494,10.437988],[-8.26665,10.485986],[-8.301562,10.617578],[-8.324121,10.749512],[-8.32168,10.826953],[-8.306348,10.896094],[-8.312744,10.949756],[-8.337402,10.990625],[-8.404492,11.029932],[-8.474707,11.048389],[-8.563525,10.99668],[-8.606201,10.986963],[-8.646191,10.990479],[-8.666699,11.009473],[-8.663916,11.03584],[-8.567285,11.177002],[-8.520312,11.235937],[-8.463525,11.280713],[-8.425293,11.304736],[-8.400684,11.339404],[-8.398535,11.366553],[-8.407471,11.386279],[-8.470703,11.412207],[-8.56875,11.478076],[-8.621143,11.485107],[-8.664941,11.51499],[-8.711426,11.617773],[-8.733105,11.6375],[-8.779736,11.648242],[-8.822021,11.673242],[-8.820068,11.807129],[-8.818311,11.92251],[-8.913867,12.108545],[-8.95083,12.225586],[-8.998926,12.345898],[-9.043066,12.402344],[-9.120459,12.449951],[-9.215527,12.482861],[-9.3,12.490283],[-9.365186,12.479297],[-9.395361,12.464648],[-9.393652,12.442236],[-9.34082,12.366016],[-9.331543,12.32373],[-9.340186,12.282764],[-9.358105,12.25542],[-9.40498,12.252441],[-9.486816,12.228662],[-9.587744,12.182471],[-9.658301,12.143115],[-9.714746,12.04248],[-9.754004,12.029932],[-9.820703,12.04248],[-10.010645,12.116455],[-10.16709,12.177441],[-10.274854,12.212646],[-10.339893,12.190283],[-10.372754,12.179541],[-10.46582,12.138672],[-10.589502,11.990283],[-10.618994,11.941211],[-10.643701,11.925537],[-10.677344,11.899414],[-10.709229,11.89873],[-10.734912,11.916455],[-10.743018,11.927246],[-10.806494,12.034277],[-10.876172,12.151855],[-10.933203,12.205176],[-11.004541,12.20752],[-11.06582,12.170801],[-11.129248,12.09502],[-11.209668,12.024854],[-11.260693,12.004053],[-11.305176,12.01543],[-11.414648,12.104004],[-11.492432,12.166943],[-11.502197,12.198633],[-11.474561,12.247168],[-11.447559,12.319238],[-11.418066,12.377686],[-11.389404,12.404395]]]}},{"type":"Feature","properties":{"name":"Libye","iso_a3":"LBY","monitored":false,"focus":false},"geometry":{"type":"Polygon","coordinates":[[[9.51875,30.229395],[9.637988,30.282324],[9.807422,30.342236],[9.89502,30.387305],[9.93252,30.425342],[10.059766,30.580078],[10.125977,30.665967],[10.216406,30.783203],[10.256055,30.864941],[10.257031,30.94082],[10.243359,31.032129],[10.172656,31.250977],[10.114941,31.46377],[10.159863,31.545801],[10.195996,31.585107],[10.274609,31.684961],[10.306055,31.704834],[10.475781,31.736035],[10.543652,31.802539],[10.595508,31.885742],[10.608887,31.929541],[10.683008,31.975391],[10.771582,32.021191],[10.826367,32.080664],[11.005176,32.172705],[11.168262,32.256738],[11.358008,32.345215],[11.50498,32.413672],[11.535938,32.47334],[11.533789,32.524951],[11.453906,32.642578],[11.453906,32.781689],[11.45918,32.897363],[11.467188,32.965723],[11.502441,33.155566],[11.50459,33.181934],[11.657129,33.118896],[11.813477,33.093701],[12.279883,32.858545],[12.427051,32.829102],[12.753516,32.801074],[13.138086,32.897363],[13.283496,32.914648],[13.536328,32.824268],[13.647754,32.798828],[13.835352,32.791797],[14.155664,32.709766],[14.237109,32.68125],[14.423828,32.550293],[14.513379,32.511084],[15.176563,32.391162],[15.266895,32.31167],[15.359082,32.159668],[15.363086,31.971191],[15.414062,31.834229],[15.496387,31.656787],[15.595801,31.531104],[15.705957,31.426416],[15.832227,31.360986],[16.123047,31.264453],[16.450977,31.227295],[16.781543,31.214746],[17.349219,31.081494],[17.830469,30.927588],[17.949316,30.851904],[18.19043,30.777295],[18.669824,30.415674],[18.936426,30.29043],[19.12373,30.266113],[19.291699,30.288086],[19.589844,30.41377],[19.713281,30.488379],[20.013184,30.800684],[20.111523,30.963721],[20.150977,31.078613],[20.141113,31.195508],[20.103809,31.300537],[20.02002,31.410645],[19.96123,31.556006],[19.926367,31.817529],[19.973438,31.999072],[20.030957,32.107861],[20.121484,32.21875],[20.370605,32.430762],[20.621094,32.580176],[21.062305,32.775537],[21.31875,32.777686],[21.424707,32.79917],[21.635938,32.937305],[21.721387,32.94248],[21.839453,32.908643],[22.187402,32.918262],[22.340625,32.879883],[22.523438,32.793945],[22.754102,32.740527],[22.916895,32.687158],[23.090625,32.61875],[23.129688,32.448145],[23.110449,32.397412],[23.10625,32.331445],[23.286328,32.213818],[23.797656,32.158691],[23.898438,32.127197],[24.038965,32.037012],[24.129688,32.009229],[24.479785,31.996533],[24.683887,32.015967],[24.878516,31.984277],[24.950684,31.953711],[25.025,31.88335],[25.115039,31.712305],[25.150488,31.65498],[25.112012,31.626904],[25.057227,31.567187],[25.022656,31.514014],[24.92998,31.42749],[24.852734,31.334814],[24.859961,31.19917],[24.877539,31.06123],[24.929492,30.926465],[24.973926,30.776562],[24.961426,30.678516],[24.923047,30.558008],[24.877539,30.45752],[24.726465,30.250586],[24.703223,30.201074],[24.711621,30.131543],[24.803711,29.886035],[24.81084,29.80874],[24.865918,29.570264],[24.916113,29.37627],[24.97168,29.223828],[24.980273,29.181885],[24.980273,28.957324],[24.980273,28.732764],[24.980273,28.508203],[24.980273,28.283643],[24.980273,28.059082],[24.980273,27.834521],[24.980273,27.609961],[24.980273,27.3854],[24.980273,27.16084],[24.980273,26.93623],[24.980273,26.71167],[24.980273,26.487109],[24.980273,26.262549],[24.980273,26.037988],[24.980273,25.813428],[24.980273,25.588867],[24.980273,25.364307],[24.980273,25.139746],[24.980273,24.915186],[24.980273,24.690625],[24.980273,24.466064],[24.980273,24.241504],[24.980273,24.016943],[24.980273,23.792383],[24.980273,23.567822],[24.980273,23.343213],[24.980273,23.118652],[24.980273,22.894092],[24.980273,22.669531],[24.980273,22.444971],[24.980273,22.22041],[24.980273,21.99585],[24.980078,21.497559],[24.979883,20.999219],[24.979688,20.500928],[24.979492,20.002588],[24.976367,20.000781],[24.973242,19.999023],[24.970215,19.997266],[24.966992,19.995459],[24.72041,19.995557],[24.473633,19.995703],[24.226953,19.99585],[23.980273,19.995947],[23.980273,19.871094],[23.980273,19.746289],[23.980273,19.621484],[23.980273,19.496631],[23.50127,19.733203],[23.022168,19.969775],[22.543066,20.206348],[22.064063,20.44292],[21.584961,20.679492],[21.105859,20.916113],[20.626758,21.152637],[20.147656,21.389258],[19.668555,21.62583],[19.189453,21.862402],[18.710449,22.098975],[18.231348,22.335547],[17.752246,22.572119],[17.273242,22.808691],[16.794141,23.045264],[16.315039,23.281836],[15.984082,23.445215],[15.627148,23.285742],[15.347461,23.160693],[14.979004,22.996191],[14.978906,22.996289],[14.555664,22.78252],[14.230762,22.618457],[14.215527,22.619678],[14.200684,22.62373],[13.862695,22.9021],[13.598633,23.119531],[13.48125,23.180176],[12.983594,23.29126],[12.48877,23.40166],[11.967871,23.517871],[11.873047,23.694824],[11.766992,23.892578],[11.624219,24.139697],[11.536914,24.29082],[11.507617,24.314355],[11.108203,24.434033],[10.686133,24.551367],[10.438965,24.480225],[10.395898,24.485596],[10.325781,24.530225],[10.255859,24.591016],[10.218652,24.676221],[10.119531,24.790234],[10.028125,25.051025],[10.019043,25.258545],[10.000684,25.33208],[9.781055,25.624268],[9.58125,25.890137],[9.448242,26.067139],[9.422363,26.14707],[9.437891,26.245508],[9.491406,26.33374],[9.684961,26.438232],[9.859375,26.551953],[9.883203,26.630811],[9.894434,26.847949],[9.837109,26.91582],[9.79541,27.044775],[9.752539,27.219336],[9.747559,27.330859],[9.825293,27.552979],[9.916016,27.785693],[9.858203,28.043311],[9.815625,28.560205],[9.842578,28.966992],[9.820703,29.114795],[9.805273,29.176953],[9.745898,29.368945],[9.672656,29.566992],[9.640137,29.636426],[9.546191,29.795947],[9.391016,29.993652],[9.310254,30.115234],[9.420996,30.179297],[9.51875,30.229395]]]}},{"type":"Feature","properties":{"name":"Liberia","iso_a3":"LBR","monitored":false,"focus":false},"geometry":{"type":"Polygon","coordinates":[[[-11.50752,6.906543],[-11.454541,6.951221],[-11.37666,7.094678],[-11.267676,7.232617],[-11.166113,7.314404],[-11.0854,7.398584],[-11.000244,7.463037],[-10.878076,7.538232],[-10.691309,7.736426],[-10.647461,7.759375],[-10.617578,7.896436],[-10.57085,8.071143],[-10.516748,8.125293],[-10.389551,8.157617],[-10.359814,8.187939],[-10.314648,8.31084],[-10.285742,8.454102],[-10.283203,8.485156],[-10.233057,8.488818],[-10.147412,8.519727],[-10.097656,8.505859],[-10.075684,8.4646],[-10.064355,8.429883],[-9.804736,8.519189],[-9.781982,8.537695],[-9.768262,8.53457],[-9.735596,8.453955],[-9.716895,8.458887],[-9.701172,8.482178],[-9.683887,8.484424],[-9.663574,8.473535],[-9.643213,8.436035],[-9.610156,8.402344],[-9.553906,8.378613],[-9.518262,8.346094],[-9.522217,8.26001],[-9.508496,8.17627],[-9.484131,8.156982],[-9.471143,8.106982],[-9.464551,8.0521],[-9.451123,8.023242],[-9.441553,7.96792],[-9.446387,7.908496],[-9.436328,7.866699],[-9.394922,7.794629],[-9.369141,7.703809],[-9.368945,7.639551],[-9.383984,7.571875],[-9.411475,7.509961],[-9.459766,7.442529],[-9.463818,7.415869],[-9.435107,7.398438],[-9.39165,7.394922],[-9.355322,7.408691],[-9.263281,7.377734],[-9.215186,7.333301],[-9.172852,7.278418],[-9.134814,7.250586],[-9.117578,7.215918],[-9.052344,7.225488],[-8.976562,7.258887],[-8.960986,7.274609],[-8.938428,7.266162],[-8.889648,7.262695],[-8.855518,7.322803],[-8.82793,7.391943],[-8.769141,7.466797],[-8.740234,7.495703],[-8.732617,7.543555],[-8.729443,7.605273],[-8.708301,7.658887],[-8.659766,7.688379],[-8.607324,7.687939],[-8.578857,7.677051],[-8.564404,7.625098],[-8.522266,7.585547],[-8.486426,7.558496],[-8.467285,7.547021],[-8.437158,7.516406],[-8.40874,7.411816],[-8.296631,7.074023],[-8.302344,6.980957],[-8.324512,6.92002],[-8.325098,6.8604],[-8.332568,6.801562],[-8.401221,6.705127],[-8.603564,6.507812],[-8.587891,6.490527],[-8.539551,6.468066],[-8.490332,6.456396],[-8.449902,6.4625],[-8.399316,6.413184],[-8.344873,6.35127],[-8.287109,6.319043],[-8.203857,6.290723],[-8.131006,6.287549],[-8.068945,6.298389],[-7.981592,6.286133],[-7.888623,6.234863],[-7.855518,6.150146],[-7.833252,6.076367],[-7.800928,6.038916],[-7.796533,5.975098],[-7.730371,5.919043],[-7.636133,5.907715],[-7.513916,5.842041],[-7.482812,5.845508],[-7.469434,5.853711],[-7.454395,5.841309],[-7.42373,5.651318],[-7.399902,5.550586],[-7.412451,5.509912],[-7.428906,5.477881],[-7.429834,5.324512],[-7.485205,5.236426],[-7.494141,5.139795],[-7.509766,5.108496],[-7.568896,5.080664],[-7.569336,5.006445],[-7.585059,4.916748],[-7.591211,4.821533],[-7.574658,4.572314],[-7.571582,4.386426],[-7.544971,4.351318],[-7.66001,4.366797],[-7.998242,4.508691],[-8.259033,4.58999],[-9.132178,5.054639],[-9.374756,5.241064],[-9.654395,5.518701],[-10.276367,6.077637],[-10.418164,6.167334],[-10.59707,6.210938],[-10.707617,6.258496],[-10.785596,6.310156],[-10.849023,6.465088],[-11.004541,6.557373],[-11.291602,6.688232],[-11.50752,6.906543]]]}},{"type":"Feature","properties":{"name":"Guinée-Bissau","iso_a3":"GNB","monitored":false,"focus":false},"geometry":{"type":"MultiPolygon","coordinates":[[[[-16.711816,12.354834],[-16.656934,12.364355],[-16.521338,12.348633],[-16.416309,12.367676],[-16.342285,12.399512],[-16.241504,12.443311],[-16.144189,12.457422],[-15.839551,12.437891],[-15.574805,12.490381],[-15.37793,12.588965],[-15.196094,12.679932],[-14.960596,12.678955],[-14.708154,12.677979],[-14.349219,12.676416],[-14.064844,12.675293],[-13.729248,12.673926],[-13.732617,12.592822],[-13.673535,12.478516],[-13.682373,12.393408],[-13.70791,12.312695],[-13.730078,12.280811],[-13.759766,12.262354],[-13.849463,12.262988],[-13.8875,12.246875],[-13.947314,12.215234],[-13.948877,12.178174],[-13.901172,12.142871],[-13.861914,12.093311],[-13.816309,12.054492],[-13.737988,12.009668],[-13.730664,11.959863],[-13.728564,11.834131],[-13.732764,11.736035],[-13.953223,11.6646],[-14.122314,11.651953],[-14.265576,11.659912],[-14.327832,11.629785],[-14.452441,11.556201],[-14.604785,11.511621],[-14.682959,11.508496],[-14.720264,11.481934],[-14.779297,11.405518],[-14.944434,11.072168],[-14.999023,10.992188],[-15.043018,10.940137],[-15.09375,11.011035],[-15.05459,11.141943],[-15.096777,11.140039],[-15.181055,11.034229],[-15.222119,11.030908],[-15.216699,11.15625],[-15.263379,11.160889],[-15.31748,11.152002],[-15.393115,11.217236],[-15.400586,11.266211],[-15.394531,11.334473],[-15.348437,11.378076],[-15.354687,11.396338],[-15.39917,11.401465],[-15.448975,11.389746],[-15.479492,11.410303],[-15.429102,11.498877],[-15.252588,11.573291],[-15.16377,11.580957],[-15.072656,11.597803],[-15.122412,11.661572],[-15.230371,11.686768],[-15.316699,11.669189],[-15.359668,11.6229],[-15.412988,11.615234],[-15.501904,11.723779],[-15.500244,11.778369],[-15.467187,11.842822],[-15.415723,11.871777],[-15.21084,11.870947],[-15.133105,11.907324],[-15.101709,11.913965],[-15.071973,11.947021],[-15.078271,11.968994],[-15.111523,11.970264],[-15.188086,11.927295],[-15.434766,11.943555],[-15.513477,11.917578],[-15.650684,11.818359],[-15.819385,11.763477],[-15.941748,11.786621],[-15.902734,11.919678],[-15.920215,11.937793],[-15.958789,11.959619],[-16.138428,11.917285],[-16.274316,11.978125],[-16.328076,12.051611],[-16.318848,12.14375],[-16.254736,12.206055],[-16.24458,12.237109],[-16.312305,12.243018],[-16.436816,12.20415],[-16.711816,12.354834]]],[[[-16.114502,11.059424],[-16.194531,11.04458],[-16.231006,11.094238],[-16.236426,11.113428],[-16.194629,11.130127],[-16.175879,11.130811],[-16.144043,11.166846],[-16.104785,11.191016],[-16.087451,11.198779],[-16.067334,11.197217],[-16.052783,11.117529],[-16.072217,11.084082],[-16.114502,11.059424]]],[[[-15.895898,11.082471],[-15.905176,11.054736],[-15.963965,11.058984],[-15.950635,11.087109],[-15.963477,11.095312],[-15.946484,11.179736],[-15.937695,11.192773],[-15.909131,11.161328],[-15.905273,11.14834],[-15.895898,11.082471]]],[[[-15.725146,11.215479],[-15.725146,11.174512],[-15.76748,11.182275],[-15.779785,11.194531],[-15.754687,11.268701],[-15.71748,11.301758],[-15.671924,11.296484],[-15.65835,11.286475],[-15.667187,11.257861],[-15.687109,11.234326],[-15.725146,11.215479]]],[[[-15.553418,11.537012],[-15.562793,11.51377],[-15.619629,11.533496],[-15.536572,11.617627],[-15.482471,11.632324],[-15.484424,11.567529],[-15.526221,11.553857],[-15.553418,11.537012]]],[[[-15.901807,11.46582],[-15.94873,11.434424],[-15.997217,11.44917],[-16.023193,11.477148],[-16.019336,11.527295],[-15.964551,11.598291],[-15.915332,11.589111],[-15.901807,11.46582]]],[[[-15.986426,11.882031],[-16.03833,11.759717],[-16.102441,11.773193],[-16.147363,11.845996],[-16.152441,11.876807],[-16.021875,11.88667],[-15.986426,11.882031]]]]}},{"type":"Feature","properties":{"name":"Guinée","iso_a3":"GIN","monitored":false,"focus":false},"geometry":{"type":"Polygon","coordinates":[[[-10.283203,8.485156],[-10.360059,8.495508],[-10.394434,8.480957],[-10.496436,8.362109],[-10.557715,8.315674],[-10.604004,8.319482],[-10.652637,8.330273],[-10.686963,8.32168],[-10.712109,8.335254],[-10.702148,8.364209],[-10.677344,8.400586],[-10.628467,8.52998],[-10.503125,8.660303],[-10.500537,8.687549],[-10.551758,8.76377],[-10.605615,8.867578],[-10.605762,8.978809],[-10.615967,9.05918],[-10.726855,9.081689],[-10.747021,9.095264],[-10.749951,9.122363],[-10.72124,9.194482],[-10.687646,9.261133],[-10.682715,9.289355],[-10.690527,9.314258],[-10.758594,9.385352],[-10.864795,9.516455],[-10.963086,9.661621],[-11.047461,9.786328],[-11.115674,9.843164],[-11.180859,9.925342],[-11.205664,9.977734],[-11.273633,9.996533],[-11.471924,9.995459],[-11.710059,9.994189],[-11.911084,9.993018],[-11.922754,9.922754],[-12.142334,9.875391],[-12.277734,9.929785],[-12.427979,9.898145],[-12.501465,9.862158],[-12.524365,9.787207],[-12.557861,9.70498],[-12.589844,9.671143],[-12.603613,9.634229],[-12.622168,9.600635],[-12.65166,9.561914],[-12.684424,9.48418],[-12.755859,9.373584],[-12.831104,9.302246],[-12.958789,9.26333],[-12.998633,9.146924],[-13.028027,9.103564],[-13.077295,9.069629],[-13.129883,9.047559],[-13.178369,9.060889],[-13.234229,9.070117],[-13.292676,9.049219],[-13.302637,9.078369],[-13.269482,9.170557],[-13.295898,9.218506],[-13.396094,9.314307],[-13.405566,9.360645],[-13.436279,9.420312],[-13.568262,9.543408],[-13.691357,9.535791],[-13.657129,9.639111],[-13.658691,9.776367],[-13.700488,9.85127],[-13.689795,9.927783],[-13.712646,9.922949],[-13.753711,9.870264],[-13.820117,9.887207],[-13.954639,9.968701],[-14.021875,10.047852],[-14.029932,10.115137],[-14.04502,10.14126],[-14.086279,10.127246],[-14.17041,10.128613],[-14.426904,10.24834],[-14.60957,10.549854],[-14.613623,10.617822],[-14.587402,10.734912],[-14.593506,10.766699],[-14.677344,10.688965],[-14.693359,10.741016],[-14.757373,10.862061],[-14.775928,10.931641],[-14.837451,10.962549],[-14.886719,10.968066],[-14.924805,10.944922],[-14.975,10.803418],[-15.012402,10.804346],[-15.051221,10.83457],[-15.043018,10.940137],[-14.999023,10.992188],[-14.944434,11.072168],[-14.779297,11.405518],[-14.720264,11.481934],[-14.682959,11.508496],[-14.604785,11.511621],[-14.452441,11.556201],[-14.327832,11.629785],[-14.265576,11.659912],[-14.122314,11.651953],[-13.953223,11.6646],[-13.732764,11.736035],[-13.728564,11.834131],[-13.730664,11.959863],[-13.737988,12.009668],[-13.816309,12.054492],[-13.861914,12.093311],[-13.901172,12.142871],[-13.948877,12.178174],[-13.947314,12.215234],[-13.8875,12.246875],[-13.849463,12.262988],[-13.759766,12.262354],[-13.730078,12.280811],[-13.70791,12.312695],[-13.682373,12.393408],[-13.673535,12.478516],[-13.732617,12.592822],[-13.729248,12.673926],[-13.405762,12.662256],[-13.372559,12.653613],[-13.228076,12.6396],[-13.138477,12.639746],[-13.08291,12.633545],[-13.059766,12.615039],[-13.064404,12.581055],[-13.079834,12.536279],[-13.061279,12.48999],[-13.011914,12.477637],[-12.985645,12.49165],[-12.960547,12.514355],[-12.930713,12.532275],[-12.888184,12.52002],[-12.797314,12.451904],[-12.713037,12.433154],[-12.620801,12.396191],[-12.534229,12.375781],[-12.457373,12.378369],[-12.399072,12.340088],[-12.291211,12.328027],[-12.151953,12.376611],[-12.042383,12.398047],[-11.888574,12.40332],[-11.808105,12.387305],[-11.573682,12.426318],[-11.456738,12.417578],[-11.389404,12.404395],[-11.418066,12.377686],[-11.447559,12.319238],[-11.474561,12.247168],[-11.502197,12.198633],[-11.492432,12.166943],[-11.414648,12.104004],[-11.305176,12.01543],[-11.260693,12.004053],[-11.209668,12.024854],[-11.129248,12.09502],[-11.06582,12.170801],[-11.004541,12.20752],[-10.933203,12.205176],[-10.876172,12.151855],[-10.806494,12.034277],[-10.743018,11.927246],[-10.734912,11.916455],[-10.709229,11.89873],[-10.677344,11.899414],[-10.643701,11.925537],[-10.618994,11.941211],[-10.589502,11.990283],[-10.46582,12.138672],[-10.372754,12.179541],[-10.339893,12.190283],[-10.274854,12.212646],[-10.16709,12.177441],[-10.010645,12.116455],[-9.820703,12.04248],[-9.754004,12.029932],[-9.714746,12.04248],[-9.658301,12.143115],[-9.587744,12.182471],[-9.486816,12.228662],[-9.40498,12.252441],[-9.358105,12.25542],[-9.340186,12.282764],[-9.331543,12.32373],[-9.34082,12.366016],[-9.393652,12.442236],[-9.395361,12.464648],[-9.365186,12.479297],[-9.3,12.490283],[-9.215527,12.482861],[-9.120459,12.449951],[-9.043066,12.402344],[-8.998926,12.345898],[-8.95083,12.225586],[-8.913867,12.108545],[-8.818311,11.92251],[-8.820068,11.807129],[-8.822021,11.673242],[-8.779736,11.648242],[-8.733105,11.6375],[-8.711426,11.617773],[-8.664941,11.51499],[-8.621143,11.485107],[-8.56875,11.478076],[-8.470703,11.412207],[-8.407471,11.386279],[-8.398535,11.366553],[-8.400684,11.339404],[-8.425293,11.304736],[-8.463525,11.280713],[-8.520312,11.235937],[-8.567285,11.177002],[-8.663916,11.03584],[-8.666699,11.009473],[-8.646191,10.990479],[-8.606201,10.986963],[-8.563525,10.99668],[-8.474707,11.048389],[-8.404492,11.029932],[-8.337402,10.990625],[-8.312744,10.949756],[-8.306348,10.896094],[-8.32168,10.826953],[-8.324121,10.749512],[-8.301562,10.617578],[-8.26665,10.485986],[-8.231494,10.437988],[-8.007275,10.321875],[-7.985693,10.278418],[-7.974463,10.229541],[-7.990625,10.1625],[-8.013525,10.125293],[-8.077832,10.06709],[-8.136621,10.02207],[-8.155176,9.973193],[-8.14585,9.881738],[-8.146045,9.674805],[-8.136963,9.495703],[-8.088672,9.430664],[-8.031006,9.397656],[-7.962695,9.403857],[-7.896191,9.415869],[-7.9,9.308691],[-7.918066,9.188525],[-7.839404,9.151611],[-7.799805,9.115039],[-7.777979,9.080859],[-7.9021,9.01709],[-7.938184,8.979785],[-7.95498,8.879443],[-7.950977,8.786816],[-7.784033,8.720605],[-7.71958,8.643018],[-7.690967,8.5625],[-7.681201,8.410352],[-7.696094,8.375586],[-7.738965,8.375244],[-7.787402,8.421973],[-7.823584,8.467676],[-7.86875,8.467529],[-7.953125,8.477734],[-8.049121,8.495312],[-8.167773,8.490674],[-8.209961,8.483252],[-8.236963,8.455664],[-8.244141,8.40791],[-8.256104,8.253711],[-8.217139,8.219678],[-8.140625,8.181445],[-8.090527,8.165137],[-8.048584,8.169727],[-8.016748,8.144922],[-8.009863,8.078516],[-8.031738,8.029736],[-8.073828,7.984424],[-8.126855,7.867725],[-8.117822,7.824023],[-8.11543,7.760742],[-8.205957,7.590234],[-8.231885,7.556738],[-8.351758,7.590576],[-8.42998,7.601855],[-8.486426,7.558496],[-8.522266,7.585547],[-8.564404,7.625098],[-8.578857,7.677051],[-8.607324,7.687939],[-8.659766,7.688379],[-8.708301,7.658887],[-8.729443,7.605273],[-8.732617,7.543555],[-8.740234,7.495703],[-8.769141,7.466797],[-8.82793,7.391943],[-8.855518,7.322803],[-8.889648,7.262695],[-8.938428,7.266162],[-8.960986,7.274609],[-8.976562,7.258887],[-9.052344,7.225488],[-9.117578,7.215918],[-9.134814,7.250586],[-9.172852,7.278418],[-9.215186,7.333301],[-9.263281,7.377734],[-9.355322,7.408691],[-9.39165,7.394922],[-9.435107,7.398438],[-9.463818,7.415869],[-9.459766,7.442529],[-9.411475,7.509961],[-9.383984,7.571875],[-9.368945,7.639551],[-9.369141,7.703809],[-9.394922,7.794629],[-9.436328,7.866699],[-9.446387,7.908496],[-9.441553,7.96792],[-9.451123,8.023242],[-9.464551,8.0521],[-9.471143,8.106982],[-9.484131,8.156982],[-9.508496,8.17627],[-9.522217,8.26001],[-9.518262,8.346094],[-9.553906,8.378613],[-9.610156,8.402344],[-9.643213,8.436035],[-9.663574,8.473535],[-9.683887,8.484424],[-9.701172,8.482178],[-9.716895,8.458887],[-9.735596,8.453955],[-9.768262,8.53457],[-9.781982,8.537695],[-9.804736,8.519189],[-10.064355,8.429883],[-10.075684,8.4646],[-10.097656,8.505859],[-10.147412,8.519727],[-10.233057,8.488818],[-10.283203,8.485156]]]}},{"type":"Feature","properties":{"name":"Ghana","iso_a3":"GHA","monitored":false,"focus":false},"geometry":{"type":"Polygon","coordinates":[[[-0.068604,11.115625],[-0.004736,11.055566],[0.009424,11.020996],[-0.013867,10.891357],[-0.060596,10.800586],[-0.090186,10.715527],[-0.086328,10.673047],[-0.057715,10.630615],[0.039453,10.563867],[0.089258,10.520605],[0.148242,10.454785],[0.216016,10.390527],[0.331836,10.306934],[0.380859,10.291846],[0.378613,10.268555],[0.362695,10.236475],[0.351855,9.924902],[0.343066,9.84458],[0.33457,9.803955],[0.323926,9.687598],[0.311719,9.670996],[0.289648,9.672314],[0.269531,9.66792],[0.264551,9.644727],[0.272754,9.620947],[0.342578,9.60415],[0.327344,9.586572],[0.275488,9.570605],[0.251563,9.535645],[0.261914,9.495605],[0.233398,9.463525],[0.241504,9.441895],[0.259961,9.426025],[0.289355,9.431836],[0.370996,9.485547],[0.405273,9.491455],[0.447559,9.480273],[0.525684,9.398486],[0.529004,9.358301],[0.497168,9.22124],[0.466113,9.115332],[0.460352,8.974219],[0.493262,8.894922],[0.48877,8.851465],[0.453125,8.81377],[0.372559,8.759277],[0.378613,8.722021],[0.415332,8.652734],[0.483301,8.575293],[0.616211,8.479639],[0.686328,8.354883],[0.688086,8.304248],[0.64707,8.253467],[0.599219,8.20957],[0.583594,8.145801],[0.605176,7.728223],[0.5,7.546875],[0.498926,7.495117],[0.50957,7.435107],[0.537305,7.39873],[0.591016,7.388818],[0.634766,7.353662],[0.619531,7.226562],[0.596191,7.096631],[0.59248,7.033984],[0.579492,7.004102],[0.538086,6.979687],[0.523047,6.938867],[0.533398,6.88833],[0.525586,6.850928],[0.548047,6.80249],[0.595703,6.742188],[0.672754,6.592529],[0.702246,6.580762],[0.71543,6.549316],[0.707227,6.51875],[0.736914,6.452588],[0.822461,6.386377],[0.912207,6.328564],[0.984961,6.320312],[1.002148,6.268555],[1.049902,6.202637],[1.084473,6.173779],[1.139648,6.155029],[1.185059,6.14502],[1.187207,6.089404],[1.105566,6.051367],[1.050293,5.993994],[1.008008,5.906396],[0.949707,5.810254],[0.748828,5.760107],[0.671875,5.759717],[0.259668,5.757324],[-0.126514,5.568164],[-0.34873,5.500781],[-0.485449,5.394238],[-0.669434,5.318555],[-0.797705,5.226709],[-1.064307,5.182666],[-1.50166,5.037988],[-1.638477,4.980859],[-1.776855,4.880371],[-2.001855,4.762451],[-2.090186,4.764062],[-2.266406,4.874072],[-2.398926,4.929346],[-2.723047,5.013721],[-2.96499,5.046289],[-3.081885,5.082471],[-3.114014,5.088672],[-3.086719,5.12832],[-3.019141,5.130811],[-2.94834,5.118848],[-2.894727,5.149023],[-2.815674,5.153027],[-2.795215,5.184521],[-2.788672,5.264111],[-2.7896,5.328223],[-2.761914,5.356934],[-2.75498,5.43252],[-2.793652,5.600098],[-2.821191,5.619189],[-2.962256,5.643018],[-2.972803,5.67627],[-2.998291,5.711328],[-3.025293,5.797754],[-3.056152,5.92627],[-3.105566,6.085645],[-3.200586,6.348242],[-3.224023,6.441064],[-3.240283,6.535645],[-3.243896,6.648682],[-3.224121,6.690771],[-3.227148,6.749121],[-3.235791,6.807227],[-3.168896,6.940967],[-3.037695,7.10459],[-3.010156,7.16377],[-2.985791,7.204883],[-2.982324,7.263623],[-2.959082,7.454541],[-2.896338,7.68501],[-2.856885,7.77207],[-2.830127,7.819043],[-2.798145,7.895996],[-2.789746,7.931934],[-2.668848,8.022217],[-2.613379,8.04668],[-2.600977,8.082227],[-2.619971,8.121094],[-2.611719,8.147559],[-2.582764,8.160791],[-2.538281,8.171631],[-2.505859,8.20874],[-2.556885,8.493018],[-2.597998,8.776367],[-2.600391,8.800439],[-2.624902,8.8396],[-2.649219,8.956592],[-2.689893,9.025098],[-2.746924,9.045117],[-2.74668,9.109619],[-2.689209,9.218604],[-2.674219,9.282617],[-2.701807,9.30166],[-2.705762,9.351367],[-2.686133,9.431738],[-2.69585,9.481348],[-2.706201,9.533936],[-2.765967,9.658057],[-2.780518,9.74585],[-2.749805,9.797217],[-2.750732,9.909668],[-2.783203,10.083105],[-2.788477,10.192578],[-2.766504,10.238184],[-2.7771,10.281592],[-2.820312,10.322852],[-2.823437,10.362939],[-2.786621,10.401904],[-2.791162,10.432422],[-2.837207,10.454639],[-2.878418,10.507959],[-2.914893,10.592334],[-2.907324,10.727979],[-2.838574,10.97749],[-2.829932,10.998389],[-2.7521,10.996973],[-2.75166,10.986377],[-2.50918,10.988721],[-2.231934,10.991406],[-1.900635,10.994678],[-1.599658,10.997656],[-1.586475,11.008887],[-1.536768,11.022656],[-1.232617,10.997217],[-1.04248,11.010059],[-0.961816,11.001709],[-0.90293,10.984717],[-0.771582,10.995264],[-0.701416,10.988965],[-0.648535,10.926758],[-0.627148,10.927393],[-0.597656,10.953662],[-0.545215,10.983691],[-0.491699,11.007617],[-0.453516,11.056299],[-0.430322,11.093262],[-0.395605,11.085693],[-0.345752,11.087939],[-0.312549,11.118896],[-0.299463,11.166895],[-0.068604,11.115625]]]}},{"type":"Feature","properties":{"name":"Gambie","iso_a3":"GMB","monitored":false,"focus":false},"geometry":{"type":"Polygon","coordinates":[[[-16.562305,13.587305],[-16.30874,13.596875],[-16.001611,13.592773],[-15.667187,13.588281],[-15.509668,13.58623],[-15.426855,13.727002],[-15.269531,13.789111],[-15.10835,13.812109],[-15.024463,13.806006],[-14.935791,13.785205],[-14.766016,13.669092],[-14.660156,13.642627],[-14.57085,13.616162],[-14.506982,13.559717],[-14.405469,13.503711],[-14.325537,13.488574],[-14.278027,13.497168],[-14.199023,13.51875],[-14.146973,13.536133],[-13.977393,13.543457],[-13.852832,13.478564],[-13.826709,13.407812],[-13.84751,13.335303],[-14.014893,13.296387],[-14.246777,13.23584],[-14.438574,13.268896],[-14.671924,13.351709],[-14.808252,13.411133],[-14.865039,13.434863],[-14.950293,13.472607],[-15.024609,13.51333],[-15.096387,13.539648],[-15.151123,13.556494],[-15.191602,13.535254],[-15.212109,13.485059],[-15.244531,13.429102],[-15.28623,13.395996],[-15.481836,13.376367],[-15.657324,13.355811],[-15.751562,13.338379],[-15.814404,13.325146],[-15.834277,13.156445],[-16.033057,13.15835],[-16.22832,13.160303],[-16.430859,13.157324],[-16.648779,13.15415],[-16.704541,13.119727],[-16.76333,13.06416],[-16.769336,13.148486],[-16.824805,13.341064],[-16.750391,13.425391],[-16.669336,13.475],[-16.614795,13.435303],[-16.59834,13.356836],[-16.556445,13.303223],[-16.413379,13.269727],[-16.27168,13.293799],[-16.185059,13.282715],[-16.187891,13.326172],[-16.158398,13.384033],[-15.986426,13.408838],[-15.804492,13.425391],[-15.617676,13.460107],[-15.471289,13.458643],[-15.42749,13.468359],[-15.438135,13.483203],[-15.569531,13.499854],[-15.849902,13.459961],[-16.135449,13.448242],[-16.351807,13.343359],[-16.440527,13.353174],[-16.530078,13.457959],[-16.562305,13.587305]]]}},{"type":"Feature","properties":{"name":"Côte d\u0027Ivoire","iso_a3":"CIV","monitored":false,"focus":false},"geometry":{"type":"MultiPolygon","coordinates":[[[[-3.086719,5.12832],[-3.114014,5.088672],[-3.246387,5.114062],[-3.214893,5.147217],[-3.086719,5.12832]]],[[[-7.990625,10.1625],[-7.960938,10.163477],[-7.884082,10.185742],[-7.814209,10.236572],[-7.749072,10.342285],[-7.661133,10.427441],[-7.562109,10.42124],[-7.532812,10.436816],[-7.497949,10.439795],[-7.456543,10.383936],[-7.414795,10.341309],[-7.385059,10.340137],[-7.363184,10.259375],[-7.182324,10.225684],[-7.104883,10.203516],[-7.039746,10.144775],[-7.01709,10.143262],[-6.989453,10.155664],[-6.968164,10.176221],[-6.963818,10.19873],[-6.991748,10.251855],[-6.979492,10.299561],[-6.950342,10.342334],[-6.903809,10.345068],[-6.833643,10.356982],[-6.753223,10.357129],[-6.693262,10.349463],[-6.669336,10.392187],[-6.691992,10.512012],[-6.686133,10.578027],[-6.676367,10.633789],[-6.65415,10.656445],[-6.5646,10.586426],[-6.482617,10.56123],[-6.423926,10.559131],[-6.40752,10.572363],[-6.432617,10.64873],[-6.425879,10.671777],[-6.40415,10.685107],[-6.365625,10.692822],[-6.261133,10.724072],[-6.250244,10.71792],[-6.230664,10.59751],[-6.239746,10.558105],[-6.217773,10.47627],[-6.190674,10.400293],[-6.192627,10.369434],[-6.21499,10.322363],[-6.241309,10.279199],[-6.238379,10.261621],[-6.196875,10.232129],[-6.117188,10.201904],[-6.03457,10.194824],[-5.988672,10.239111],[-5.940674,10.275098],[-5.907568,10.307227],[-5.896191,10.354736],[-5.843848,10.389551],[-5.694287,10.433203],[-5.556592,10.439941],[-5.523535,10.426025],[-5.461279,10.35957],[-5.382275,10.314014],[-5.262305,10.319678],[-5.175293,10.292627],[-5.099854,10.241602],[-5.049316,10.12832],[-4.994043,10.046484],[-4.969922,9.930078],[-4.882715,9.868945],[-4.814453,9.841162],[-4.721777,9.756543],[-4.62583,9.713574],[-4.526611,9.723486],[-4.480273,9.679248],[-4.406201,9.647998],[-4.332227,9.645703],[-4.267187,9.743262],[-4.181152,9.781738],[-3.963477,9.859619],[-3.877637,9.894922],[-3.790625,9.917187],[-3.581152,9.924316],[-3.386279,9.900293],[-3.289697,9.882227],[-3.223535,9.895459],[-3.160693,9.84917],[-3.095801,9.7521],[-3.042627,9.720898],[-2.988281,9.687354],[-2.948145,9.610742],[-2.900879,9.534619],[-2.875146,9.500928],[-2.816748,9.42583],[-2.766602,9.424707],[-2.717187,9.457129],[-2.69585,9.481348],[-2.686133,9.431738],[-2.705762,9.351367],[-2.701807,9.30166],[-2.674219,9.282617],[-2.689209,9.218604],[-2.74668,9.109619],[-2.746924,9.045117],[-2.689893,9.025098],[-2.649219,8.956592],[-2.624902,8.8396],[-2.600391,8.800439],[-2.597998,8.776367],[-2.556885,8.493018],[-2.505859,8.20874],[-2.538281,8.171631],[-2.582764,8.160791],[-2.611719,8.147559],[-2.619971,8.121094],[-2.600977,8.082227],[-2.613379,8.04668],[-2.668848,8.022217],[-2.789746,7.931934],[-2.798145,7.895996],[-2.830127,7.819043],[-2.856885,7.77207],[-2.896338,7.68501],[-2.959082,7.454541],[-2.982324,7.263623],[-2.985791,7.204883],[-3.010156,7.16377],[-3.037695,7.10459],[-3.168896,6.940967],[-3.235791,6.807227],[-3.227148,6.749121],[-3.224121,6.690771],[-3.243896,6.648682],[-3.240283,6.535645],[-3.224023,6.441064],[-3.200586,6.348242],[-3.105566,6.085645],[-3.056152,5.92627],[-3.025293,5.797754],[-2.998291,5.711328],[-2.972803,5.67627],[-2.962256,5.643018],[-2.821191,5.619189],[-2.793652,5.600098],[-2.75498,5.43252],[-2.761914,5.356934],[-2.7896,5.328223],[-2.788672,5.264111],[-2.795215,5.184521],[-2.815674,5.153027],[-2.894727,5.149023],[-2.94834,5.118848],[-3.019141,5.130811],[-3.025879,5.150537],[-3.063965,5.157715],[-3.168701,5.203027],[-3.151416,5.348291],[-3.199951,5.354492],[-3.237598,5.3354],[-3.312012,5.160791],[-3.347559,5.130664],[-3.870605,5.220703],[-3.98418,5.293164],[-4.120166,5.309717],[-4.357275,5.301416],[-4.552832,5.279883],[-4.608887,5.235889],[-4.115186,5.261621],[-4.062061,5.256641],[-4.037207,5.230127],[-4.661523,5.172559],[-4.899707,5.13833],[-4.970117,5.147754],[-5.023682,5.203613],[-5.282373,5.210254],[-5.335449,5.191992],[-5.367529,5.150781],[-5.265771,5.159717],[-5.104883,5.162158],[-5.061816,5.130664],[-5.564746,5.089453],[-5.91377,5.010937],[-6.061719,4.952832],[-6.548437,4.761768],[-6.845166,4.671484],[-6.9229,4.63833],[-7.057959,4.544727],[-7.231396,4.485986],[-7.426074,4.376025],[-7.544971,4.351318],[-7.571582,4.386426],[-7.574658,4.572314],[-7.591211,4.821533],[-7.585059,4.916748],[-7.569336,5.006445],[-7.568896,5.080664],[-7.509766,5.108496],[-7.494141,5.139795],[-7.485205,5.236426],[-7.429834,5.324512],[-7.428906,5.477881],[-7.412451,5.509912],[-7.399902,5.550586],[-7.42373,5.651318],[-7.454395,5.841309],[-7.469434,5.853711],[-7.482812,5.845508],[-7.513916,5.842041],[-7.636133,5.907715],[-7.730371,5.919043],[-7.796533,5.975098],[-7.800928,6.038916],[-7.833252,6.076367],[-7.855518,6.150146],[-7.888623,6.234863],[-7.981592,6.286133],[-8.068945,6.298389],[-8.131006,6.287549],[-8.203857,6.290723],[-8.287109,6.319043],[-8.344873,6.35127],[-8.399316,6.413184],[-8.449902,6.4625],[-8.490332,6.456396],[-8.539551,6.468066],[-8.587891,6.490527],[-8.603564,6.507812],[-8.401221,6.705127],[-8.332568,6.801562],[-8.325098,6.8604],[-8.324512,6.92002],[-8.302344,6.980957],[-8.296631,7.074023],[-8.40874,7.411816],[-8.437158,7.516406],[-8.467285,7.547021],[-8.486426,7.558496],[-8.42998,7.601855],[-8.351758,7.590576],[-8.231885,7.556738],[-8.205957,7.590234],[-8.11543,7.760742],[-8.117822,7.824023],[-8.126855,7.867725],[-8.073828,7.984424],[-8.031738,8.029736],[-8.009863,8.078516],[-8.016748,8.144922],[-8.048584,8.169727],[-8.090527,8.165137],[-8.140625,8.181445],[-8.217139,8.219678],[-8.256104,8.253711],[-8.244141,8.40791],[-8.236963,8.455664],[-8.209961,8.483252],[-8.167773,8.490674],[-8.049121,8.495312],[-7.953125,8.477734],[-7.86875,8.467529],[-7.823584,8.467676],[-7.787402,8.421973],[-7.738965,8.375244],[-7.696094,8.375586],[-7.681201,8.410352],[-7.690967,8.5625],[-7.71958,8.643018],[-7.784033,8.720605],[-7.950977,8.786816],[-7.95498,8.879443],[-7.938184,8.979785],[-7.9021,9.01709],[-7.777979,9.080859],[-7.799805,9.115039],[-7.839404,9.151611],[-7.918066,9.188525],[-7.9,9.308691],[-7.896191,9.415869],[-7.962695,9.403857],[-8.031006,9.397656],[-8.088672,9.430664],[-8.136963,9.495703],[-8.146045,9.674805],[-8.14585,9.881738],[-8.155176,9.973193],[-8.136621,10.02207],[-8.077832,10.06709],[-8.013525,10.125293],[-7.990625,10.1625]]]]}},{"type":"Feature","properties":{"name":"Tchad","iso_a3":"TCD","monitored":true,"focus":false},"geometry":{"type":"Polygon","coordinates":[[[23.980273,19.496631],[23.980664,19.050586],[23.981055,18.604541],[23.981445,18.158496],[23.981836,17.712402],[23.982227,17.266357],[23.98252,16.820264],[23.98291,16.374219],[23.983301,15.928125],[23.983398,15.780176],[23.970801,15.721533],[23.965234,15.713428],[23.945996,15.703516],[23.708203,15.744971],[23.604004,15.745996],[23.458008,15.713965],[23.243457,15.697217],[23.105176,15.702539],[23.00918,15.62583],[22.933887,15.533105],[22.969531,15.311328],[22.961328,15.238135],[22.932324,15.162109],[22.867188,15.096631],[22.802148,15.044434],[22.763281,14.998682],[22.714941,14.898389],[22.679199,14.851465],[22.682422,14.788623],[22.670898,14.722461],[22.631836,14.688086],[22.532031,14.662744],[22.467773,14.63335],[22.416211,14.585205],[22.381543,14.550488],[22.399707,14.504199],[22.425,14.441211],[22.439355,14.342139],[22.449316,14.284229],[22.49834,14.237061],[22.528223,14.203223],[22.538574,14.161865],[22.509961,14.127441],[22.388184,14.055518],[22.339355,14.028857],[22.283496,13.992334],[22.262109,13.978711],[22.173145,13.910596],[22.128223,13.850146],[22.106445,13.799805],[22.107617,13.730322],[22.15293,13.626416],[22.202344,13.538086],[22.221387,13.471631],[22.232617,13.398779],[22.228125,13.32959],[22.202637,13.269336],[22.158008,13.215039],[21.990234,13.113086],[21.907715,13.000977],[21.841797,12.864746],[21.825293,12.790527],[21.843359,12.741211],[21.878125,12.699365],[21.928125,12.678125],[22.000684,12.671875],[22.121191,12.69458],[22.233398,12.709473],[22.352344,12.660449],[22.414453,12.546387],[22.390234,12.462988],[22.435254,12.311914],[22.475488,12.129248],[22.472461,12.067773],[22.489844,12.044727],[22.564355,12.032959],[22.580957,11.990137],[22.556348,11.669531],[22.591113,11.579883],[22.641016,11.515918],[22.697363,11.482666],[22.754004,11.439844],[22.783398,11.409961],[22.849023,11.403271],[22.922656,11.344873],[22.942773,11.267187],[22.937695,11.192041],[22.894824,11.029004],[22.860059,10.919678],[22.817383,10.927197],[22.730176,10.954053],[22.624023,10.977344],[22.493848,10.99624],[22.369824,10.951514],[22.235938,10.894141],[22.193652,10.851367],[22.15625,10.826074],[22.097168,10.830078],[22.043164,10.822705],[22.01377,10.782031],[21.964844,10.73667],[21.771484,10.642822],[21.730664,10.608691],[21.706543,10.574805],[21.706543,10.537891],[21.726172,10.461621],[21.725781,10.366553],[21.682715,10.289844],[21.632715,10.238281],[21.575781,10.218555],[21.528027,10.207812],[21.496875,10.175684],[21.395996,10.001367],[21.352441,9.969141],[21.263867,9.974609],[21.009473,9.713232],[20.98418,9.636279],[20.891016,9.527148],[20.773242,9.405664],[20.668164,9.347119],[20.659668,9.324512],[20.631445,9.301367],[20.566895,9.274951],[20.34209,9.1271],[20.072656,9.133203],[19.953516,9.075146],[19.837695,9.049365],[19.668359,9.020898],[19.61748,9.023584],[19.400293,9.011621],[19.145508,9.015967],[19.047852,8.99502],[18.95625,8.938867],[18.888281,8.889746],[18.87832,8.873193],[18.888574,8.85249],[18.886035,8.836035],[19.06416,8.71543],[19.108691,8.656152],[19.063867,8.598828],[19.042383,8.590283],[19.039844,8.586914],[19.01084,8.541211],[18.906445,8.405078],[18.747461,8.243799],[18.666211,8.197705],[18.633594,8.167725],[18.591602,8.060791],[18.56416,8.045898],[18.455078,8.032031],[18.238867,8.020361],[17.940137,7.985449],[17.76084,7.973828],[17.649414,7.983594],[17.492676,7.909814],[17.436426,7.890918],[17.402148,7.88457],[17.246973,7.812988],[17.117969,7.701904],[17.071973,7.680811],[16.890332,7.633691],[16.818164,7.557324],[16.784766,7.550977],[16.668359,7.651758],[16.588965,7.743359],[16.550195,7.835889],[16.545313,7.865479],[16.523242,7.859961],[16.459375,7.818994],[16.404395,7.772363],[16.378906,7.683545],[16.191113,7.623437],[16.030664,7.572119],[15.957617,7.507568],[15.84502,7.475293],[15.70127,7.488428],[15.589258,7.515039],[15.480078,7.523779],[15.532422,7.604395],[15.552637,7.664502],[15.557813,7.738037],[15.549805,7.787891],[15.484473,7.812744],[15.442969,7.851855],[15.349023,8.083838],[15.252344,8.322363],[15.116211,8.557324],[14.967969,8.707275],[14.860742,8.798633],[14.82627,8.810303],[14.771289,8.83916],[14.732813,8.865674],[14.536133,9.025244],[14.332324,9.203516],[14.280078,9.285059],[14.17793,9.406494],[14.06416,9.531738],[14.00498,9.588721],[13.977246,9.691553],[14.055957,9.784375],[14.139746,9.901807],[14.243262,9.979736],[14.377246,9.985059],[14.597949,9.953076],[14.83584,9.941699],[15.071582,9.965967],[15.132715,9.982861],[15.193164,9.981494],[15.32002,9.954297],[15.540918,9.960303],[15.654883,10.007812],[15.531934,10.088477],[15.399902,10.216895],[15.276074,10.357373],[15.200977,10.484521],[15.132227,10.648486],[15.068652,10.851074],[15.029883,11.113672],[15.035742,11.2625],[15.055469,11.368555],[15.121973,11.54126],[15.078027,11.642578],[15.087695,11.724365],[15.08125,11.845508],[15.059863,11.907129],[14.973828,12.10835],[14.956738,12.130371],[14.880664,12.269385],[14.84707,12.5021],[14.76123,12.655615],[14.623242,12.729932],[14.544727,12.820215],[14.516211,12.979736],[14.461719,13.021777],[14.244824,13.077344],[14.063965,13.078516],[13.932324,13.258496],[13.763477,13.489551],[13.606348,13.70459],[13.505762,14.134424],[13.448242,14.380664],[13.513672,14.455518],[13.642383,14.630762],[13.807129,14.966113],[14.178223,15.484766],[14.367969,15.750146],[14.74668,16.146631],[15.212109,16.633887],[15.474316,16.908398],[15.516699,17.408496],[15.561523,17.937256],[15.595508,18.337061],[15.637598,18.81084],[15.672949,19.206787],[15.698633,19.495215],[15.735059,19.904053],[15.766211,19.982568],[15.948828,20.303174],[15.963184,20.346191],[15.929297,20.399854],[15.668457,20.672363],[15.587109,20.733301],[15.540332,20.874902],[15.607324,20.954395],[15.293652,21.411523],[15.21582,21.467432],[15.181836,21.523389],[15.177832,21.605811],[15.172266,21.92207],[15.088965,22.418359],[14.979004,22.996191],[15.347461,23.160693],[15.627148,23.285742],[15.984082,23.445215],[16.315039,23.281836],[16.794141,23.045264],[17.273242,22.808691],[17.752246,22.572119],[18.231348,22.335547],[18.710449,22.098975],[19.189453,21.862402],[19.668555,21.62583],[20.147656,21.389258],[20.626758,21.152637],[21.105859,20.916113],[21.584961,20.679492],[22.064063,20.44292],[22.543066,20.206348],[23.022168,19.969775],[23.50127,19.733203],[23.980273,19.496631]]]}},{"type":"Feature","properties":{"name":"République centrafricaine","iso_a3":"CAF","monitored":false,"focus":false},"geometry":{"type":"Polygon","coordinates":[[[24.147363,8.665625],[24.194824,8.653369],[24.220898,8.608252],[24.17998,8.461133],[24.208398,8.369141],[24.291406,8.291406],[24.375488,8.258447],[24.456055,8.239453],[24.736719,8.191553],[24.85332,8.137549],[25.007227,7.964844],[25.200391,7.80791],[25.247363,7.724561],[25.238672,7.648975],[25.181348,7.557227],[25.190137,7.519336],[25.278906,7.42749],[25.380664,7.333398],[25.566602,7.228711],[25.888965,7.064941],[26.036523,6.955225],[26.086914,6.872119],[26.169336,6.781738],[26.28457,6.699023],[26.361816,6.635303],[26.308594,6.455322],[26.324609,6.39624],[26.35332,6.344922],[26.420508,6.27417],[26.447461,6.183008],[26.514258,6.069238],[26.593652,6.017529],[26.726367,5.998242],[26.796484,5.945508],[26.942285,5.854932],[27.083398,5.776855],[27.143945,5.722949],[27.18125,5.675146],[27.213379,5.618799],[27.229102,5.5625],[27.23252,5.440771],[27.256738,5.289648],[27.332422,5.186328],[27.40332,5.10918],[27.114941,5.197852],[27.071875,5.199756],[27.020605,5.184375],[26.870117,5.075684],[26.82207,5.062402],[26.767578,5.071924],[26.632617,5.085205],[26.173535,5.171143],[25.819922,5.253711],[25.713867,5.283691],[25.525098,5.312109],[25.400195,5.255908],[25.283105,5.062695],[25.249316,5.024561],[25.065234,4.967432],[24.978418,4.982959],[24.765527,4.930078],[24.437109,5.009961],[24.319824,4.994141],[24.227734,4.953857],[23.991699,4.86626],[23.848438,4.816357],[23.681836,4.770801],[23.523633,4.70127],[23.417188,4.663135],[23.312891,4.663525],[23.218848,4.702979],[23.115918,4.736914],[22.992871,4.743848],[22.864551,4.723877],[22.755762,4.64668],[22.711719,4.591748],[22.617188,4.445557],[22.505664,4.207666],[22.461816,4.159766],[22.449707,4.155127],[22.422168,4.134961],[21.908203,4.253906],[21.687012,4.281396],[21.537598,4.244824],[21.350195,4.311377],[21.268359,4.323096],[21.229785,4.302197],[21.125586,4.332178],[20.955762,4.413135],[20.792969,4.447314],[20.647461,4.435645],[20.558105,4.462695],[20.486523,4.541553],[20.393555,4.686182],[20.226367,4.829639],[20.002344,4.944727],[19.8625,5.031299],[19.806543,5.089307],[19.686035,5.121387],[19.500977,5.12749],[19.323438,5.070752],[19.068555,4.891406],[18.831738,4.523438],[18.699902,4.382617],[18.594141,4.34624],[18.56748,4.257568],[18.619922,4.116602],[18.633691,3.954297],[18.59668,3.678711],[18.610352,3.478418],[18.553809,3.510205],[18.499805,3.604102],[18.474414,3.622998],[18.318164,3.580811],[18.237109,3.542676],[18.193945,3.50542],[18.160938,3.499805],[18.111328,3.551074],[18.072266,3.560303],[18.010742,3.55083],[17.947949,3.551758],[17.907129,3.558398],[17.880371,3.553857],[17.806641,3.58418],[17.537695,3.661621],[17.491602,3.687305],[17.437988,3.684619],[17.298438,3.617188],[17.224707,3.598437],[17.002539,3.556689],[16.764355,3.536279],[16.67334,3.535205],[16.610742,3.505371],[16.57041,3.463086],[16.543066,3.369531],[16.496289,3.208838],[16.476758,3.165137],[16.480078,3.100977],[16.466211,2.993213],[16.45957,2.896533],[16.468555,2.831738],[16.40127,2.701025],[16.319629,2.542773],[16.251758,2.406787],[16.183398,2.270068],[16.136133,2.36377],[16.106738,2.473486],[16.095508,2.599219],[16.101855,2.632666],[16.083496,2.67002],[16.082129,2.678174],[16.059277,2.772998],[16.082422,2.839111],[16.063477,2.908594],[16.008203,2.97666],[15.958008,3.028711],[15.928711,3.075781],[15.904883,3.09585],[15.849316,3.103076],[15.775,3.127197],[15.676563,3.229687],[15.580859,3.329297],[15.458398,3.456836],[15.360156,3.567139],[15.239844,3.702148],[15.128711,3.826904],[15.062109,3.947217],[15.034863,4.016357],[15.067383,4.022949],[15.11543,4.024463],[15.13584,4.036914],[15.136914,4.069141],[15.0875,4.163965],[15.063574,4.284863],[15.022754,4.358545],[14.893555,4.471875],[14.77041,4.558105],[14.73125,4.602393],[14.708984,4.665576],[14.661719,5.065527],[14.640625,5.179053],[14.601758,5.228809],[14.573535,5.251709],[14.562988,5.279932],[14.568066,5.351074],[14.584375,5.414746],[14.583594,5.439648],[14.616895,5.495508],[14.616895,5.865137],[14.598828,5.883984],[14.577246,5.916016],[14.54248,5.913574],[14.503125,5.916895],[14.463867,5.970703],[14.431152,6.038721],[14.440723,6.086719],[14.475,6.126807],[14.512109,6.161914],[14.559375,6.191211],[14.699512,6.250244],[14.739258,6.279785],[14.764063,6.316357],[14.780371,6.365723],[14.861914,6.555713],[14.982715,6.745312],[15.03457,6.784424],[15.086328,6.909912],[15.157129,7.063574],[15.18584,7.134912],[15.206738,7.206152],[15.245898,7.263574],[15.379102,7.358154],[15.480078,7.523779],[15.589258,7.515039],[15.70127,7.488428],[15.84502,7.475293],[15.957617,7.507568],[16.030664,7.572119],[16.191113,7.623437],[16.378906,7.683545],[16.404395,7.772363],[16.459375,7.818994],[16.523242,7.859961],[16.545313,7.865479],[16.550195,7.835889],[16.588965,7.743359],[16.668359,7.651758],[16.784766,7.550977],[16.818164,7.557324],[16.890332,7.633691],[17.071973,7.680811],[17.117969,7.701904],[17.246973,7.812988],[17.402148,7.88457],[17.436426,7.890918],[17.492676,7.909814],[17.649414,7.983594],[17.76084,7.973828],[17.940137,7.985449],[18.238867,8.020361],[18.455078,8.032031],[18.56416,8.045898],[18.591602,8.060791],[18.633594,8.167725],[18.666211,8.197705],[18.747461,8.243799],[18.906445,8.405078],[19.01084,8.541211],[19.039844,8.586914],[19.042383,8.590283],[19.063867,8.598828],[19.108691,8.656152],[19.06416,8.71543],[18.886035,8.836035],[18.888574,8.85249],[18.87832,8.873193],[18.888281,8.889746],[18.95625,8.938867],[19.047852,8.99502],[19.145508,9.015967],[19.400293,9.011621],[19.61748,9.023584],[19.668359,9.020898],[19.837695,9.049365],[19.953516,9.075146],[20.072656,9.133203],[20.34209,9.1271],[20.566895,9.274951],[20.631445,9.301367],[20.659668,9.324512],[20.668164,9.347119],[20.773242,9.405664],[20.891016,9.527148],[20.98418,9.636279],[21.009473,9.713232],[21.263867,9.974609],[21.352441,9.969141],[21.395996,10.001367],[21.496875,10.175684],[21.528027,10.207812],[21.575781,10.218555],[21.632715,10.238281],[21.682715,10.289844],[21.725781,10.366553],[21.726172,10.461621],[21.706543,10.537891],[21.706543,10.574805],[21.730664,10.608691],[21.771484,10.642822],[21.964844,10.73667],[22.01377,10.782031],[22.043164,10.822705],[22.097168,10.830078],[22.15625,10.826074],[22.193652,10.851367],[22.235938,10.894141],[22.369824,10.951514],[22.493848,10.99624],[22.624023,10.977344],[22.730176,10.954053],[22.817383,10.927197],[22.860059,10.919678],[22.930762,10.795312],[22.964355,10.751807],[23.255859,10.457812],[23.312305,10.387939],[23.456641,10.174268],[23.54502,10.030078],[23.646289,9.8229],[23.65625,9.710352],[23.642773,9.613916],[23.622656,9.340625],[23.596094,9.261914],[23.468262,9.114746],[23.462793,9.048486],[23.489063,8.993311],[23.528027,8.970605],[23.551855,8.943213],[23.537305,8.81582],[23.583203,8.76582],[23.679297,8.732471],[23.921973,8.709717],[24.048145,8.691309],[24.147363,8.665625]]]}},{"type":"Feature","properties":{"name":"Cameroun","iso_a3":"CMR","monitored":false,"focus":false},"geometry":{"type":"Polygon","coordinates":[[[8.555859,4.755225],[8.585156,4.832812],[8.640527,4.927002],[8.715625,5.046875],[8.800977,5.197461],[8.85918,5.46377],[8.898828,5.629687],[8.935059,5.781006],[8.997168,5.917725],[9.060156,6.009082],[9.23877,6.186133],[9.37334,6.319629],[9.442188,6.373389],[9.490234,6.418652],[9.574023,6.47041],[9.659961,6.531982],[9.725586,6.65],[9.779883,6.760156],[9.820703,6.783936],[9.874219,6.803271],[10.038867,6.921387],[10.143555,6.996436],[10.167773,6.95918],[10.185547,6.912793],[10.205469,6.891602],[10.293066,6.876758],[10.413184,6.877734],[10.482324,6.89126],[10.519043,6.930469],[10.556348,7.037451],[10.578125,7.057715],[10.60625,7.063086],[10.737598,6.988281],[10.846484,6.881787],[10.954199,6.776562],[11.008691,6.739111],[11.03252,6.6979],[11.079688,6.505518],[11.106445,6.457715],[11.15332,6.437939],[11.237305,6.450537],[11.324609,6.484668],[11.401758,6.533936],[11.477539,6.597412],[11.529102,6.655029],[11.55166,6.697266],[11.562988,6.854639],[11.580078,6.888867],[11.65752,6.951562],[11.787012,7.056201],[11.861426,7.116406],[11.854785,7.137988],[11.808594,7.201953],[11.767383,7.272266],[11.80918,7.345068],[11.852441,7.400732],[12.016016,7.589746],[12.016602,7.652002],[12.025195,7.727783],[12.155957,7.94248],[12.231152,8.227393],[12.233398,8.282324],[12.311328,8.419727],[12.403516,8.595557],[12.582715,8.624121],[12.651563,8.667773],[12.731152,8.745654],[12.782227,8.817871],[12.806543,8.886621],[12.824414,9.019434],[12.855957,9.170752],[12.875684,9.303516],[12.929492,9.42627],[13.019434,9.48833],[13.175488,9.539648],[13.19873,9.56377],[13.221191,9.645166],[13.23877,9.814014],[13.24375,9.915918],[13.249805,9.960059],[13.269922,10.036182],[13.414551,10.171436],[13.478516,10.383252],[13.535352,10.605078],[13.699902,10.873145],[13.89209,11.140088],[13.981445,11.211865],[14.056738,11.24502],[14.143262,11.248535],[14.202344,11.268164],[14.409473,11.401172],[14.496094,11.446143],[14.559766,11.492285],[14.575391,11.532422],[14.581641,11.591162],[14.561816,11.728711],[14.597363,11.829834],[14.618164,11.986621],[14.627148,12.108691],[14.619727,12.150977],[14.587012,12.209424],[14.580957,12.22207],[14.518945,12.298242],[14.41543,12.344141],[14.272852,12.356494],[14.197461,12.383789],[14.184863,12.447217],[14.177637,12.484082],[14.170313,12.524072],[14.160059,12.612793],[14.063965,13.078516],[14.244824,13.077344],[14.461719,13.021777],[14.516211,12.979736],[14.544727,12.820215],[14.623242,12.729932],[14.76123,12.655615],[14.84707,12.5021],[14.880664,12.269385],[14.956738,12.130371],[14.973828,12.10835],[15.059863,11.907129],[15.08125,11.845508],[15.087695,11.724365],[15.078027,11.642578],[15.121973,11.54126],[15.055469,11.368555],[15.035742,11.2625],[15.029883,11.113672],[15.068652,10.851074],[15.132227,10.648486],[15.200977,10.484521],[15.276074,10.357373],[15.399902,10.216895],[15.531934,10.088477],[15.654883,10.007812],[15.540918,9.960303],[15.32002,9.954297],[15.193164,9.981494],[15.132715,9.982861],[15.071582,9.965967],[14.83584,9.941699],[14.597949,9.953076],[14.377246,9.985059],[14.243262,9.979736],[14.139746,9.901807],[14.055957,9.784375],[13.977246,9.691553],[14.00498,9.588721],[14.06416,9.531738],[14.17793,9.406494],[14.280078,9.285059],[14.332324,9.203516],[14.536133,9.025244],[14.732813,8.865674],[14.771289,8.83916],[14.82627,8.810303],[14.860742,8.798633],[14.967969,8.707275],[15.116211,8.557324],[15.252344,8.322363],[15.349023,8.083838],[15.442969,7.851855],[15.484473,7.812744],[15.549805,7.787891],[15.557813,7.738037],[15.552637,7.664502],[15.532422,7.604395],[15.480078,7.523779],[15.379102,7.358154],[15.245898,7.263574],[15.206738,7.206152],[15.18584,7.134912],[15.157129,7.063574],[15.086328,6.909912],[15.03457,6.784424],[14.982715,6.745312],[14.861914,6.555713],[14.780371,6.365723],[14.764063,6.316357],[14.739258,6.279785],[14.699512,6.250244],[14.559375,6.191211],[14.512109,6.161914],[14.475,6.126807],[14.440723,6.086719],[14.431152,6.038721],[14.463867,5.970703],[14.503125,5.916895],[14.54248,5.913574],[14.577246,5.916016],[14.598828,5.883984],[14.616895,5.865137],[14.616895,5.495508],[14.583594,5.439648],[14.584375,5.414746],[14.568066,5.351074],[14.562988,5.279932],[14.573535,5.251709],[14.601758,5.228809],[14.640625,5.179053],[14.661719,5.065527],[14.708984,4.665576],[14.73125,4.602393],[14.77041,4.558105],[14.893555,4.471875],[15.022754,4.358545],[15.063574,4.284863],[15.0875,4.163965],[15.136914,4.069141],[15.13584,4.036914],[15.11543,4.024463],[15.067383,4.022949],[15.034863,4.016357],[15.062109,3.947217],[15.128711,3.826904],[15.239844,3.702148],[15.360156,3.567139],[15.458398,3.456836],[15.580859,3.329297],[15.676563,3.229687],[15.775,3.127197],[15.849316,3.103076],[15.904883,3.09585],[15.928711,3.075781],[15.958008,3.028711],[16.008203,2.97666],[16.063477,2.908594],[16.082422,2.839111],[16.059277,2.772998],[16.082129,2.678174],[16.083496,2.67002],[16.101855,2.632666],[16.095508,2.599219],[16.106738,2.473486],[16.136133,2.36377],[16.183398,2.270068],[16.182617,2.262451],[16.176563,2.204785],[16.115723,2.167822],[16.080078,2.106787],[16.069629,2.02168],[16.087891,1.918066],[16.134961,1.795947],[16.136133,1.724219],[16.119531,1.714111],[16.090332,1.69126],[16.059375,1.676221],[15.975195,1.76001],[15.881641,1.816602],[15.741602,1.91499],[15.600293,1.950391],[15.41748,1.956738],[15.33877,1.944727],[15.282422,1.981738],[15.203516,2.024463],[15.160059,2.035596],[15.099609,2.002344],[15.057813,2.000879],[15.006445,2.01377],[14.902441,2.012305],[14.892773,2.069336],[14.875,2.080469],[14.762891,2.075195],[14.72832,2.122412],[14.713281,2.117139],[14.669141,2.13208],[14.578906,2.199121],[14.484082,2.154736],[14.287012,2.160352],[14.034375,2.158887],[13.772754,2.157422],[13.533496,2.159521],[13.293555,2.161572],[13.269922,2.224219],[13.220313,2.256445],[13.130859,2.259424],[12.86748,2.246777],[12.665723,2.256787],[12.601367,2.265039],[12.529785,2.281348],[12.361328,2.295996],[12.153418,2.284375],[12.106152,2.2875],[11.939746,2.285156],[11.558984,2.302197],[11.348438,2.299707],[11.35332,2.261426],[11.339941,2.233838],[11.328711,2.167432],[11.096582,2.16748],[10.790918,2.167578],[10.502246,2.167627],[10.307031,2.167725],[9.979883,2.167773],[9.870117,2.213281],[9.836914,2.242383],[9.830371,2.275488],[9.826172,2.297803],[9.800781,2.304443],[9.821777,2.539258],[9.867578,2.734961],[9.885449,2.916553],[9.948438,3.079053],[9.915039,3.239648],[9.876172,3.309766],[9.67207,3.537598],[9.765723,3.623828],[9.642383,3.611768],[9.615918,3.696484],[9.556152,3.798047],[9.592773,3.814307],[9.628125,3.87002],[9.739648,3.85293],[9.736133,3.880127],[9.639941,3.965332],[9.649219,4.00835],[9.688867,4.056396],[9.669531,4.07666],[9.600391,4.026904],[9.550586,4.028418],[9.511816,4.060645],[9.483691,4.066113],[9.500781,4.000732],[9.462012,3.942529],[9.425293,3.922314],[9.362305,3.925732],[9.310938,3.940381],[9.297363,3.972949],[9.249121,3.997852],[9.113867,4.041064],[9.000098,4.091602],[8.977051,4.23042],[8.932031,4.290234],[8.913574,4.357812],[8.902832,4.435156],[8.918262,4.55376],[8.889453,4.572754],[8.856445,4.579248],[8.807129,4.573437],[8.761914,4.580029],[8.70791,4.645703],[8.660352,4.670996],[8.689648,4.550244],[8.65625,4.516357],[8.574414,4.526221],[8.539551,4.571875],[8.532813,4.605859],[8.570508,4.7521],[8.555859,4.755225]]]}},{"type":"Feature","properties":{"name":"Burkina Faso","iso_a3":"BFA","monitored":true,"focus":false},"geometry":{"type":"Polygon","coordinates":[[[0.900488,10.993262],[0.642969,10.983057],[0.549121,10.95542],[0.492676,10.95498],[0.490723,10.978174],[0.48418,10.991992],[0.159277,11.069629],[-0.068604,11.115625],[-0.299463,11.166895],[-0.312549,11.118896],[-0.345752,11.087939],[-0.395605,11.085693],[-0.430322,11.093262],[-0.453516,11.056299],[-0.491699,11.007617],[-0.545215,10.983691],[-0.597656,10.953662],[-0.627148,10.927393],[-0.648535,10.926758],[-0.701416,10.988965],[-0.771582,10.995264],[-0.90293,10.984717],[-0.961816,11.001709],[-1.04248,11.010059],[-1.232617,10.997217],[-1.536768,11.022656],[-1.586475,11.008887],[-1.599658,10.997656],[-1.900635,10.994678],[-2.231934,10.991406],[-2.50918,10.988721],[-2.75166,10.986377],[-2.7521,10.996973],[-2.829932,10.998389],[-2.838574,10.97749],[-2.907324,10.727979],[-2.914893,10.592334],[-2.878418,10.507959],[-2.837207,10.454639],[-2.791162,10.432422],[-2.786621,10.401904],[-2.823437,10.362939],[-2.820312,10.322852],[-2.7771,10.281592],[-2.766504,10.238184],[-2.788477,10.192578],[-2.783203,10.083105],[-2.750732,9.909668],[-2.749805,9.797217],[-2.780518,9.74585],[-2.765967,9.658057],[-2.706201,9.533936],[-2.69585,9.481348],[-2.717187,9.457129],[-2.766602,9.424707],[-2.816748,9.42583],[-2.875146,9.500928],[-2.900879,9.534619],[-2.948145,9.610742],[-2.988281,9.687354],[-3.042627,9.720898],[-3.095801,9.7521],[-3.160693,9.84917],[-3.223535,9.895459],[-3.289697,9.882227],[-3.386279,9.900293],[-3.581152,9.924316],[-3.790625,9.917187],[-3.877637,9.894922],[-3.963477,9.859619],[-4.181152,9.781738],[-4.267187,9.743262],[-4.332227,9.645703],[-4.406201,9.647998],[-4.480273,9.679248],[-4.526611,9.723486],[-4.62583,9.713574],[-4.721777,9.756543],[-4.814453,9.841162],[-4.882715,9.868945],[-4.969922,9.930078],[-4.994043,10.046484],[-5.049316,10.12832],[-5.099854,10.241602],[-5.175293,10.292627],[-5.262305,10.319678],[-5.382275,10.314014],[-5.461279,10.35957],[-5.523535,10.426025],[-5.507031,10.483447],[-5.479004,10.565088],[-5.475684,10.643945],[-5.45708,10.771387],[-5.468555,10.931055],[-5.490479,11.042383],[-5.424219,11.088721],[-5.347412,11.130273],[-5.299854,11.205957],[-5.250244,11.375781],[-5.229395,11.522461],[-5.244775,11.576758],[-5.270312,11.619873],[-5.290527,11.683301],[-5.302002,11.760449],[-5.288135,11.82793],[-5.230176,11.890283],[-5.15752,11.942383],[-5.105908,11.967529],[-4.968994,11.993311],[-4.797949,12.032129],[-4.699316,12.076172],[-4.627246,12.120215],[-4.586914,12.155029],[-4.546045,12.226465],[-4.479883,12.281787],[-4.428711,12.337598],[-4.421582,12.493066],[-4.421924,12.581592],[-4.459863,12.630371],[-4.480615,12.672217],[-4.2271,12.793701],[-4.225244,12.879492],[-4.260645,12.975342],[-4.310254,13.05249],[-4.328711,13.119043],[-4.258691,13.197314],[-4.196191,13.256152],[-4.151025,13.306201],[-4.051172,13.382422],[-3.947314,13.402197],[-3.853467,13.373535],[-3.575781,13.194189],[-3.527637,13.182715],[-3.469922,13.196387],[-3.396729,13.243701],[-3.301758,13.280762],[-3.266748,13.400781],[-3.270166,13.577441],[-3.248633,13.65835],[-3.198437,13.672852],[-3.038672,13.639111],[-2.997217,13.637109],[-2.95083,13.648438],[-2.91709,13.679492],[-2.918506,13.736377],[-2.925879,13.786768],[-2.873926,13.950732],[-2.778857,14.07373],[-2.586719,14.227588],[-2.526904,14.258301],[-2.457227,14.274121],[-2.113232,14.168457],[-2.057129,14.194629],[-1.973047,14.456543],[-1.879785,14.481494],[-1.767773,14.486035],[-1.695068,14.508496],[-1.657324,14.526807],[-1.493652,14.626074],[-1.20498,14.761523],[-1.049561,14.819531],[-1.019189,14.841357],[-0.907959,14.937402],[-0.760449,15.047754],[-0.666455,15.069775],[-0.536523,15.077881],[-0.454492,15.059668],[-0.432275,15.028516],[-0.40542,15.0125],[-0.235889,15.059424],[0.007324,14.984814],[0.21748,14.911475],[0.203809,14.865039],[0.202734,14.782812],[0.185059,14.65293],[0.163867,14.497217],[0.250586,14.396436],[0.35459,14.288037],[0.38252,14.245801],[0.354883,14.139014],[0.374023,14.076367],[0.429199,13.972119],[0.522363,13.839746],[0.618164,13.703418],[0.68457,13.6854],[0.747754,13.674512],[0.786035,13.650049],[0.842285,13.626416],[0.897949,13.610937],[0.946582,13.581152],[0.977734,13.551953],[1.017871,13.467871],[1.125977,13.412354],[1.201172,13.35752],[1.170898,13.32959],[1.076855,13.340771],[0.988477,13.364844],[0.976758,13.324512],[0.973047,13.170361],[0.987305,13.041895],[1.00791,13.024805],[1.096777,13.001123],[1.308691,12.834277],[1.500488,12.676465],[1.564941,12.6354],[1.671094,12.619824],[1.789844,12.613281],[1.840918,12.627881],[1.956152,12.707422],[2.017383,12.716211],[2.073828,12.713965],[2.10459,12.70127],[2.159766,12.636426],[2.211523,12.538428],[2.22627,12.466064],[2.221387,12.427246],[2.203809,12.412598],[2.109375,12.393848],[2.068555,12.37915],[2.058398,12.357959],[2.072949,12.309375],[2.091406,12.277979],[2.194434,12.136475],[2.343359,11.945996],[2.38916,11.89707],[2.363281,11.840088],[2.287207,11.69126],[2.230859,11.62915],[1.980371,11.418408],[1.857617,11.443359],[1.6,11.400635],[1.561426,11.449121],[1.501367,11.455566],[1.426758,11.447119],[1.399707,11.428711],[1.391504,11.408008],[1.364844,11.378906],[1.317383,11.295264],[1.280469,11.273975],[1.234668,11.261035],[1.178711,11.262744],[1.145801,11.251904],[1.145508,11.2104],[1.135547,11.174365],[1.097559,11.156348],[1.081543,11.116016],[1.08457,11.076367],[1.062305,11.058203],[1.013867,11.068115],[0.985059,11.079004],[0.958008,11.027783],[0.924609,10.992822],[0.900488,10.993262]]]}},{"type":"Feature","properties":{"name":"Bénin","iso_a3":"BEN","monitored":false,"focus":false},"geometry":{"type":"Polygon","coordinates":[[[1.622656,6.216797],[1.610938,6.25083],[1.77793,6.294629],[1.743164,6.42627],[1.639258,6.581543],[1.598535,6.610205],[1.577539,6.687402],[1.60293,6.738086],[1.59082,6.772266],[1.582031,6.877002],[1.530957,6.992432],[1.624707,6.997314],[1.624707,7.369189],[1.624609,7.725879],[1.624609,8.030225],[1.624609,8.270996],[1.606641,8.559277],[1.603809,8.770996],[1.600195,9.050049],[1.566309,9.137256],[1.424316,9.28501],[1.385742,9.36167],[1.378906,9.462988],[1.34707,9.567529],[1.345117,9.750195],[1.342871,9.962939],[1.330078,9.996973],[1.176172,10.098389],[0.958301,10.242041],[0.792188,10.351562],[0.77998,10.35957],[0.763379,10.38667],[0.7875,10.710254],[0.821875,10.752588],[0.874805,10.885742],[0.900488,10.993262],[0.924609,10.992822],[0.958008,11.027783],[0.985059,11.079004],[1.013867,11.068115],[1.062305,11.058203],[1.08457,11.076367],[1.081543,11.116016],[1.097559,11.156348],[1.135547,11.174365],[1.145508,11.2104],[1.145801,11.251904],[1.178711,11.262744],[1.234668,11.261035],[1.280469,11.273975],[1.317383,11.295264],[1.364844,11.378906],[1.391504,11.408008],[1.399707,11.428711],[1.426758,11.447119],[1.501367,11.455566],[1.561426,11.449121],[1.6,11.400635],[1.857617,11.443359],[1.980371,11.418408],[2.230859,11.62915],[2.287207,11.69126],[2.363281,11.840088],[2.38916,11.89707],[2.412695,11.999316],[2.363281,12.188428],[2.366016,12.221924],[2.469336,12.262793],[2.598438,12.294336],[2.648438,12.296777],[2.681348,12.312793],[2.728516,12.353613],[2.805273,12.383838],[2.850195,12.373682],[2.878125,12.367725],[3.149609,12.118066],[3.267383,11.991895],[3.299121,11.927148],[3.359961,11.880469],[3.449805,11.851953],[3.531738,11.787451],[3.59541,11.696289],[3.553906,11.631885],[3.490527,11.499219],[3.487793,11.39541],[3.638867,11.176855],[3.65625,11.15459],[3.695312,11.120312],[3.716406,11.07959],[3.73418,10.971924],[3.744922,10.850439],[3.756836,10.76875],[3.829688,10.65376],[3.834473,10.607422],[3.783789,10.435889],[3.771777,10.417627],[3.758496,10.412695],[3.680273,10.427783],[3.646582,10.408984],[3.604102,10.350684],[3.57793,10.29248],[3.576563,10.268359],[3.645898,10.160156],[3.602051,10.004541],[3.557227,9.907324],[3.476758,9.851904],[3.404785,9.838623],[3.354492,9.812793],[3.325195,9.778467],[3.329492,9.667041],[3.223438,9.565625],[3.164648,9.494678],[3.136133,9.451611],[3.148047,9.320605],[3.110449,9.188281],[3.044922,9.083838],[2.898047,9.061377],[2.774805,9.048535],[2.73291,8.78252],[2.734668,8.614014],[2.723633,8.441895],[2.703125,8.371826],[2.711523,8.272998],[2.702344,8.049805],[2.686035,7.87373],[2.707715,7.826611],[2.72041,7.723096],[2.719336,7.61626],[2.750977,7.541895],[2.785156,7.476855],[2.783984,7.443408],[2.76582,7.42251],[2.750488,7.395068],[2.750586,7.143213],[2.756738,7.06792],[2.747754,7.019824],[2.721387,6.980273],[2.731738,6.852832],[2.75293,6.771631],[2.774609,6.711719],[2.753711,6.661768],[2.735645,6.595703],[2.708008,6.427686],[2.706445,6.369238],[2.286914,6.328076],[1.818164,6.260645],[1.622656,6.216797]]]}},{"type":"Feature","properties":{"name":"Algérie","iso_a3":"DZA","monitored":false,"focus":false},"geometry":{"type":"Polygon","coordinates":[[[8.576563,36.937207],[8.597656,36.883887],[8.60127,36.833936],[8.506738,36.7875],[8.444238,36.760742],[8.369629,36.63252],[8.230762,36.545264],[8.207617,36.518945],[8.208789,36.495117],[8.302734,36.455615],[8.333984,36.418164],[8.34873,36.367969],[8.306738,36.18877],[8.280273,36.050977],[8.245703,35.870557],[8.24707,35.801807],[8.28291,35.719287],[8.318066,35.654932],[8.329004,35.582227],[8.316406,35.403125],[8.359863,35.299609],[8.394238,35.203857],[8.312109,35.084619],[8.276855,34.979492],[8.254688,34.828955],[8.245605,34.734082],[8.192773,34.646289],[8.123438,34.563916],[8.045605,34.512695],[7.949414,34.468701],[7.838281,34.410303],[7.748535,34.254492],[7.554492,34.125],[7.513867,34.080518],[7.495605,33.976514],[7.500195,33.832471],[7.534375,33.71792],[7.627539,33.548633],[7.70918,33.362305],[7.731348,33.268506],[7.762695,33.233105],[7.877246,33.172119],[8.075586,33.089062],[8.1125,33.055322],[8.210938,32.926709],[8.304199,32.696289],[8.333398,32.543604],[8.515137,32.422314],[8.68291,32.310449],[8.844043,32.212109],[9.018945,32.105371],[9.044043,32.072363],[9.102344,31.846143],[9.160254,31.621338],[9.224023,31.373682],[9.287891,31.125342],[9.363281,30.83291],[9.406055,30.666797],[9.458008,30.465381],[9.51875,30.229395],[9.420996,30.179297],[9.310254,30.115234],[9.391016,29.993652],[9.546191,29.795947],[9.640137,29.636426],[9.672656,29.566992],[9.745898,29.368945],[9.805273,29.176953],[9.820703,29.114795],[9.842578,28.966992],[9.815625,28.560205],[9.858203,28.043311],[9.916016,27.785693],[9.825293,27.552979],[9.747559,27.330859],[9.752539,27.219336],[9.79541,27.044775],[9.837109,26.91582],[9.894434,26.847949],[9.883203,26.630811],[9.859375,26.551953],[9.684961,26.438232],[9.491406,26.33374],[9.437891,26.245508],[9.422363,26.14707],[9.448242,26.067139],[9.58125,25.890137],[9.781055,25.624268],[10.000684,25.33208],[10.019043,25.258545],[10.028125,25.051025],[10.119531,24.790234],[10.218652,24.676221],[10.255859,24.591016],[10.325781,24.530225],[10.395898,24.485596],[10.438965,24.480225],[10.686133,24.551367],[11.108203,24.434033],[11.507617,24.314355],[11.536914,24.29082],[11.624219,24.139697],[11.766992,23.892578],[11.873047,23.694824],[11.967871,23.517871],[11.45,23.212598],[10.932227,22.907275],[10.414355,22.602002],[9.896484,22.296729],[9.378711,21.991406],[8.860938,21.686133],[8.343066,21.380859],[7.825195,21.075586],[7.481738,20.873096],[7.263379,20.694482],[6.989355,20.470508],[6.730664,20.248047],[6.527051,20.072949],[6.263379,19.846143],[6.130664,19.731982],[5.836621,19.47915],[5.74834,19.434229],[5.358691,19.359521],[5.001367,19.291064],[4.671289,19.227783],[4.445703,19.184521],[4.227637,19.142773],[3.910156,19.08374],[3.683496,19.041602],[3.43877,18.996143],[3.400879,18.988428],[3.356445,18.986621],[3.323438,18.988379],[3.255957,19.013281],[3.174219,19.0729],[3.119727,19.103174],[3.106055,19.150098],[3.137891,19.212158],[3.177246,19.268164],[3.192383,19.312061],[3.219629,19.34541],[3.254395,19.372607],[3.255859,19.410938],[3.227051,19.473584],[3.20166,19.5604],[3.202734,19.718311],[3.203418,19.770752],[3.203711,19.789697],[3.130273,19.850195],[2.99248,19.916602],[2.865723,19.955957],[2.80791,19.969434],[2.667773,19.99292],[2.474219,20.03501],[2.406152,20.063867],[2.280859,20.210303],[2.219336,20.247803],[1.928809,20.272705],[1.832422,20.296875],[1.753223,20.331592],[1.685449,20.378369],[1.647363,20.458838],[1.636035,20.524365],[1.610645,20.555566],[1.290234,20.713574],[1.208887,20.767285],[1.165723,20.817432],[1.164062,20.891309],[1.172754,20.981982],[1.15918,21.0625],[1.145508,21.102246],[0.999414,21.197754],[0.671875,21.411865],[0.344434,21.625977],[0.016992,21.840137],[-0.310547,22.054199],[-0.637988,22.268311],[-0.965479,22.482471],[-1.292969,22.696533],[-1.62041,22.910645],[-1.9479,23.124805],[-2.275391,23.338867],[-2.60293,23.553027],[-2.930371,23.767139],[-3.257861,23.98125],[-3.585352,24.195361],[-3.912793,24.409473],[-4.240332,24.623535],[-4.516992,24.804492],[-4.822607,24.995605],[-5.049512,25.135449],[-5.275,25.274512],[-5.516943,25.423779],[-5.674512,25.516406],[-5.862549,25.627002],[-6.050586,25.737598],[-6.238672,25.848193],[-6.426709,25.958789],[-6.614746,26.069434],[-6.802832,26.17998],[-6.990869,26.290576],[-7.178906,26.401172],[-7.366992,26.511768],[-7.555078,26.622363],[-7.743115,26.732959],[-7.931152,26.843555],[-8.119238,26.95415],[-8.307275,27.064746],[-8.495312,27.175342],[-8.68335,27.285937],[-8.68335,27.490234],[-8.68335,27.656445],[-8.68335,27.900391],[-8.68335,28.112012],[-8.68335,28.323682],[-8.68335,28.469238],[-8.68335,28.620752],[-8.678418,28.689404],[-8.659912,28.718604],[-8.55835,28.767871],[-8.399316,28.880176],[-8.340479,28.930176],[-8.265186,28.980518],[-7.998926,29.132422],[-7.943848,29.174756],[-7.685156,29.349512],[-7.624609,29.375195],[-7.485742,29.392236],[-7.427686,29.425],[-7.349756,29.494727],[-7.234912,29.574902],[-7.160205,29.612646],[-7.142432,29.61958],[-7.094922,29.625195],[-6.855566,29.601611],[-6.755127,29.583838],[-6.635352,29.568799],[-6.597754,29.578955],[-6.565674,29.603857],[-6.520557,29.659863],[-6.510693,29.726025],[-6.50791,29.783789],[-6.500879,29.809131],[-6.479736,29.820361],[-6.427637,29.816113],[-6.357617,29.808301],[-6.214795,29.810693],[-6.166504,29.818945],[-6.004297,29.83125],[-5.775,29.869043],[-5.593311,29.917969],[-5.448779,29.956934],[-5.293652,30.058643],[-5.180127,30.166162],[-5.061914,30.326416],[-4.968262,30.465381],[-4.778516,30.552393],[-4.619629,30.604785],[-4.52915,30.625537],[-4.322852,30.698877],[-4.148779,30.80957],[-3.985352,30.913525],[-3.860059,30.927246],[-3.702002,30.944482],[-3.666797,30.964014],[-3.626904,31.000928],[-3.624512,31.065771],[-3.67251,31.111377],[-3.730176,31.1354],[-3.770996,31.161816],[-3.811816,31.166602],[-3.833398,31.197803],[-3.821387,31.255469],[-3.815137,31.308838],[-3.78916,31.361816],[-3.796436,31.437109],[-3.837109,31.512354],[-3.849561,31.566406],[-3.84668,31.619873],[-3.826758,31.661914],[-3.768164,31.689551],[-3.700244,31.700098],[-3.60459,31.686768],[-3.439795,31.704541],[-3.017383,31.834277],[-2.988232,31.874219],[-2.961133,31.963965],[-2.930859,32.042529],[-2.887207,32.068848],[-2.863428,32.074707],[-2.722607,32.095752],[-2.523242,32.125684],[-2.448389,32.12998],[-2.23125,32.121338],[-2.072803,32.115039],[-1.816992,32.104785],[-1.635156,32.099561],[-1.477051,32.094873],[-1.275342,32.089014],[-1.225928,32.107227],[-1.225928,32.164551],[-1.262109,32.271143],[-1.240332,32.337598],[-1.162598,32.39917],[-1.065527,32.468311],[-1.111035,32.552295],[-1.188232,32.608496],[-1.296387,32.675684],[-1.352148,32.703369],[-1.45,32.784814],[-1.51001,32.877637],[-1.550732,33.073584],[-1.625098,33.18335],[-1.679199,33.318652],[-1.63125,33.566748],[-1.702979,33.716846],[-1.714111,33.781836],[-1.714697,33.858203],[-1.692676,33.990283],[-1.706934,34.176074],[-1.791797,34.36792],[-1.751855,34.433252],[-1.733301,34.467041],[-1.739453,34.496094],[-1.816602,34.55708],[-1.849658,34.607324],[-1.832422,34.654639],[-1.792187,34.723193],[-1.795605,34.751904],[-1.920898,34.835547],[-2.131787,34.97085],[-2.190771,35.029785],[-2.219629,35.104199],[-2.017773,35.085059],[-1.913281,35.094238],[-1.673633,35.183105],[-1.48374,35.303076],[-1.33584,35.364258],[-1.205371,35.495752],[-1.087695,35.578857],[-0.91748,35.668408],[-0.426123,35.861523],[-0.350781,35.863184],[-0.18916,35.819092],[-0.048242,35.832812],[0.047949,35.900537],[0.15166,36.063135],[0.312207,36.162354],[0.514941,36.261816],[0.79082,36.356543],[0.97168,36.443945],[1.257227,36.51958],[1.974512,36.567578],[2.342871,36.610303],[2.593359,36.600684],[2.846484,36.738867],[2.972852,36.784473],[3.520508,36.795117],[3.779004,36.896191],[4.758105,36.896338],[4.877832,36.862402],[4.99541,36.808057],[5.195605,36.676807],[5.29541,36.648242],[5.424609,36.675439],[5.725488,36.799609],[6.064746,36.864258],[6.249121,36.93833],[6.327832,37.046045],[6.486523,37.085742],[6.575879,37.003027],[6.927539,36.919434],[7.143457,36.943359],[7.238477,36.968506],[7.204297,37.092383],[7.432422,37.059277],[7.607715,36.999756],[7.791602,36.880273],[7.910449,36.856348],[8.127148,36.910352],[8.576563,36.937207]]]}}]}
