date,title,source_system,source,domain,language,matched_place,country,latitude,longitude,category,relevance_score,summary,url,status
2026-10-05,Mali : les FAMa ciblent plusieurs positions terroristes,Google Actualités — Mali,APAnews - Agence de Presse Africaine,news.google.com,fr,,Mali,,,autre,4,Mali : les FAMa ciblent plusieurs positions terroristes APAnews - Agence de Presse Africaine,https://news.google.com/rss/articles/CBMijgFBVV95cUxPY1pYM0tmX191LUVzdkhLTktTQ0VITEg1V3hYTVI3cl82RnJwekM5LTR5eDZsN25nM1BWNUhxTmxnaDdRSnpkWnVQTE9QSlF2N3MzZ2NWZXRoa21vcUJWUXUwUkR3eWhVX0ZXd05oX2hvN2QyM0k2QTA3NGJVc2tGTDlFUTBicmtibGFJd1hR?oc=5,embargo-delay
2026-10-05,Opération Dougoukoloko : les FAMa intensifient la surveillance et frappent plusieurs positions terroristes à travers le Mali,Bamada,Bamada,bamada.net,fr,Koutiala,Mali,12.387,-5.465,autre,5,"De Koutiala à Kidal, en passant par Anéfif et Djenné, les Forces armées maliennes poursuivent leurs opérations de sécurisation avec détermination. BAMAKO, 5 octobre 2026 – Les Forces armées maliennes (FAMa) poursuivent sans relâche leurs opérations de surveillance, de reconnaissance et de sécurisation du territoire national dans le cadre de...",https://bamada.net/operation-dougoukoloko-les-fama-frappent-plusieurs-positions-terroristes-de-koutiala-a-kidal,embargo-delay
2026-10-05,Mali : vers une offensive majeure des FAMa à Kidal face au FLA et JNIM,Google Actualités — Mali,La Nouvelle Tribune,news.google.com,fr,Kidal,Mali,18.443,1.409,autre,5,Mali : vers une offensive majeure des FAMa à Kidal face au FLA et JNIM La Nouvelle Tribune,https://news.google.com/rss/articles/CBMirAFBVV95cUxNZXotVUxDWTFSYjhMMlFmNzFnUVQ3OTN3VE1iakhnUDRKa0VGMzRRT0lBOXRSUUs3OGJYVTVKU21LdjdxVjRvRTkwY3pWWlUxZ1ZzSTJ0UE1PYTFBekRoaHJ0a1E3R0x6Yk5uVGxoUDJKX29HdEVoRk1kdHV6eVdqd0FzM3d6eklFS0xZRVFkSkFST1I2cFVOTV9icmFWNG1zbFFYSEt4b3g0NWhq?oc=5,embargo-delay
2026-10-05,Lutte contre le terrorisme : Quand Amnesty International considère les victoires des FAMa comme crimes de guerre,Bamada,Bamada,bamada.net,fr,,Mali,,,sécurité,6,"Le Mali ne lutte pas seulement contre le terrorisme. Il fait face aussi à des organisations dites de défense et de protection des droits de l’homme, un instrument de déstabilisation au service des puissances occidentales. La semaine dernière, Amnesty International s’est fendu d’un rapport sans tête ni queue pour salir...",https://bamada.net/lutte-contre-le-terrorisme-quand-amnesty-international-considere-les-victoires-des-fama-comme-crimes-de-guerre,embargo-delay
2026-10-05,De Koutiala à Kidal : les FAMa frappent sur quatre fronts en une seule journée,Google Actualités — Mali,Maliweb,news.google.com,fr,Koutiala,Mali,12.387,-5.465,autre,5,De Koutiala à Kidal : les FAMa frappent sur quatre fronts en une seule journée Maliweb,https://news.google.com/rss/articles/CBMitwFBVV95cUxOb3k0ODJtel9NRzlDMlB4Z0lFNU1CQ3ZZemNPV3NzalJQRUMwZ1hPMUJIRmFYQVZfakJXSTR5Sl9BMkJnakZUZUsyREFJT2NHTHVmd0F0QnZ3VTNwQ0NrMG95YTJZSTRiSWctU2N4S3c5UVNpUzVlNS0zMDQ5WFJhQTBSUjVUU1NZNFZyN3pNcmU5OThaWXNWdWxnY3licEZMUHNKSmtZNnBPYllmYVViRlUyRVFUR0E?oc=5,embargo-delay
2026-10-05,Arabie saoudite: arrêt de l'oléoduc Est-Ouest après une attaque dimanche,Google Actualités — Burkina Faso,Prix du baril,news.google.com,fr,,Burkina Faso,,,sécurité,5,Arabie saoudite: arrêt de l'oléoduc Est-Ouest après une attaque dimanche Prix du baril,https://news.google.com/rss/articles/CBMiuwFBVV95cUxPODI3dUZUVHRtcTlnX1BKV2FoMDdibGJTaG1udWRieGNKdGN4anBVRTRuY3ZoMkVvNDliT2dRUVVkOEdmbUdFeHZvVmQ5V2VnQTFRdWJDcWFfYmJXU20zWjQ0a0FYNFE3VlhPT3BBSXlJTWdsYUxPTzUtSmI0YzNTcEdfTXdWYzY0bnpac3Itcl9sUEZWM0IyWlN5cnhXdWJHeXFGSHZzQ2ZzRzE5WFpkQzBDcW5PMUR0MXBJ?oc=5,embargo-delay
2026-10-05,"Mauritanie: à Nouakchott, des parents face aux coûts de la rentrée scolaire",RFI Afrique,© RFI/Moussa Oumar Barry,www.rfi.fr,fr,Nouakchott,Mauritanie,18.086,-15.979,autre,4,"En Mauritanie, on ressort les cartables : c'est la rentrée des classes ce 5 octobre 2026. Des dizaines de milliers d'élèves retrouvent les bancs de l'école. Mais cette année, la rentrée rime avec cherté de la vie. Entre inscriptions et fournitures scolaires, les parents peinent en effet à joindre les deux bouts. Ambiance dans un marché de la capit…",https://www.rfi.fr/fr/afrique/20261005-mauritanie-%C3%A0-nouakchott-des-parents-face-aux-co%C3%BBts-de-la-rentr%C3%A9e-scolaire,embargo-delay
2026-10-05,"Mauritanie : À Nouakchott, la guerre des fuites pourrait accélérer le remaniement",Google Actualités — Mauritanie,Points Chauds Online,news.google.com,fr,Nouakchott,Mauritanie,18.086,-15.979,autre,4,"Mauritanie : À Nouakchott, la guerre des fuites pourrait accélérer le remaniement Points Chauds Online",https://news.google.com/rss/articles/CBMiqAFBVV95cUxPbG1EQmlSMG1CaUtMTUp3VThWUXVxdm5zTmZBd2I0M2toX0JKUHNsSVpYZ1hsOGVEb3VBLVpFUkZhYzZCOTV4VTFoaVZiNkpSYk15WUFfWEZkcU5LamJXVk9xUkwzSFJrR3R4SkdLVWxIZHh0NWp5YUplaTFzNF9yQXVPekVlWEZXdjIydUdVUkE1b0Q5ay1nOFo5ZW41S0NsYTF3cXpkVjk?oc=5,embargo-delay
2026-10-05,Tiris : la Mauritanie aux portes du marché mondial de l’uranium,Google Actualités — Mauritanie,Points Chauds Online,news.google.com,fr,,Mauritanie,,,autre,3,Tiris : la Mauritanie aux portes du marché mondial de l’uranium Points Chauds Online,https://news.google.com/rss/articles/CBMikAFBVV95cUxQdV9oWTdmNF9QRGkzQllZSFFUMFV0dXBJNUJKdDVEY0RwSlBuLVNXTFl2blRUN1pjNUFPSW1QbjBKeVROQ0FiRXVUMzBJZTNuYWxtV3l6VlZ1YTMzWEFhYk8tODI2ZWdQNWRLcUxPY2lwRE9HbUFWaGlEYWRiU2FuQzJMRlozcEdmdHdQMF8wclU?oc=5,embargo-delay
2026-10-05,Lutte contre Boko Haram : le BIR Lac Tchad doit dépasser 1 000 hommes dans le Logone-et-Chari,Google Actualités — Tchad,investiraucameroun.com,news.google.com,fr,,Tchad,,,autre,3,Lutte contre Boko Haram : le BIR Lac Tchad doit dépasser 1 000 hommes dans le Logone-et-Chari investiraucameroun.com,https://news.google.com/rss/articles/CBMi4wFBVV95cUxNTWNXenZQM0dSZ1c2RGlKYXFTOWVOU2xnOThDdEduR3lobWQ3QThsNEpoOS1PMXlVYUJxbGRjSnhud1RpWURDVDA5NXBvckszR3pTWFV5MzNqM3NBdG9sMXFyeC1qWm9HWlg2UkF5SVdqZkpfaUY4SGhHemtBTlJsZ1NDT3pFSkFFNGs0VVVOalU0TVg1cE5rbUM2eFBIWmF0NHp5SXpnQU1hQ20zZzl2ZVhFVFdncEFjMFIyeF9lR2ZkdTF1V2FSRGx5bFdaZ3J4bE5PWW9WOXZzNkhqNGZ3VUFlUdIB4wFBVV95cUxNTWNXenZQM0dSZ1c2RGlKYXFTOWVOU2xnOThDdEduR3lobWQ3QThsNEpoOS1PMXlVYUJxbGRjSnhud1RpWURDVDA5NXBvckszR3pTWFV5MzNqM3NBdG9sMXFyeC1qWm9HWlg2UkF5SVdqZkpfaUY4SGhHemtBTlJsZ1NDT3pFSkFFNGs0VVVOalU0TVg1cE5rbUM2eFBIWmF0NHp5SXpnQU1hQ20zZzl2ZVhFVFdncEFjMFIyeF9lR2ZkdTF1V2FSRGx5bFdaZ3J4bE5PWW9WOXZzNkhqNGZ3VUFlUQ?oc=5,embargo-delay
2026-10-05,Cameroun: décès du président du Conseil constitutionnel Clément Atangana,RFI Afrique,AFP - -,www.rfi.fr,fr,,,,,autre,1,"Clément Atangana, magistrat de formation et de carrière, mais surtout président en fonction du Conseil constitutionnel au Cameroun, est décédé ce 4 octobre 2026 à Paris. Une institution qu'il a été le premier à diriger, suite à sa nomination par Paul Biya en 2018. Au cours de ses deux mandats successifs, il a joué un rôle central dans le dénouemen…",https://www.rfi.fr/fr/afrique/20261005-cameroun-d%C3%A9c%C3%A8s-du-pr%C3%A9sident-du-conseil-constitutionnel-cl%C3%A9ment-atangana,embargo-delay
2026-10-05,Est de la RDC: comment l’armée et la Monusco se déploient pour appuyer la riposte contre Ebola,RFI Afrique,AFP - LATOUIFA FETAFETA,www.rfi.fr,fr,,,,,sécurité,3,"Dans l’est de la RDC, atteindre les populations touchées par Ebola suppose aussi de faire face à l’insécurité. Attaques de groupes armés, embuscades, restrictions de déplacement : ces obstacles compliquent les interventions sanitaires. Quels moyens sont mobilisés pour faciliter l’accès et accompagner certaines opérations ? Comment casques et milit…",https://www.rfi.fr/fr/afrique/20261005-est-de-la-rdc-comment-l-arm%C3%A9e-et-la-monusco-se-d%C3%A9ploient-pour-appuyer-la-riposte-contre-ebola,embargo-delay
2026-10-05,Burkina Faso: des partisans de l'imam Mohamed Kindo libérés après plusieurs mois de détention,RFI Afrique,REUTERS/Joe Penney/Files,www.rfi.fr,fr,,Burkina Faso,,,autre,3,"Au Burkina Faso, plusieurs partisans de l’imam Mohamed Kindo ont été libérés. Arrêtés à la fin du mois de mai suite à une manifestation non autorisée, ils avaient été emmenés dans un camp d’entraînement de la police nationale. Après plusieurs mois de détention, ils ont regagné leur famille ce dimanche.",https://www.rfi.fr/fr/afrique/20261005-burkina-faso-des-partisans-de-l-imam-mohamed-kindo-lib%C3%A9r%C3%A9s-apr%C3%A8s-plusieurs-mois-de-d%C3%A9tention,embargo-delay
2026-10-05,Côte d’Ivoire: des Abidjanais se disent «laissés pour compte» suite à la destruction du quartier Zimbabwe,RFI Afrique,© Abdoul Aziz Diallo/RFI,www.rfi.fr,fr,,,,,autre,1,"En Côte d’Ivoire, alors que les investigations se poursuivent dans l'affaire des démolitions de Koumassi Campement survenues début juin, un autre déguerpissement effectué à la même période fait à nouveau parler de lui : celui du quartier Zimbabwe, dans la commune de Port-Bouët. Des milliers d’habitants avaient alors été contraints de quitter les l…",https://www.rfi.fr/fr/afrique/20261005-c%C3%B4te-d-ivoire-des-abidjanais-se-disent-laiss%C3%A9s-pour-compte-suite-%C3%A0-la-destruction-du-quartier-zimbabwe,embargo-delay
2026-10-05,Éthiopie: quatre pays réunis en Égypte appellent à des solutions «pacifiques»,RFI Afrique,© AFP,www.rfi.fr,fr,,,,,autre,1,"Les présidents égyptien, soudanais, érythréen et somalien se sont réunis dimanche 4 octobre 2026 à El-Alamein, sur la côte méditerranéenne égyptienne, en marge d'une réunion de l'Union africaine (UA). Un sommet destiné à renforcer leur coopération sécuritaire et économique, alors que les tensions reprennent en Éthiopie, pays avec lequel les quatre…",https://www.rfi.fr/fr/afrique/20261005-%C3%A9thiopie-quatre-pays-r%C3%A9unis-en-%C3%A9gypte-appellent-%C3%A0-des-solutions-pacifiques,embargo-delay
2026-10-05,Sud de la RDC: les habitants de Lubumbashi confrontés à des pénuries d’eau potable,RFI Afrique,AFP - PATRICK MEINHARDT,www.rfi.fr,fr,,,,,autre,1,"Depuis près d’un mois, la quasi-totalité de la ville de Lubumbashi est privée d’eau potable. Parfois, l’eau revient, mais seulement pour quelques heures et les coupures peuvent durer plusieurs jours d’affilée. La Regideso, société de distribution d'eau, évoque des perturbations dans l'alimentation en électricité de sa principale station de captage…",https://www.rfi.fr/fr/afrique/20261005-sud-de-la-rdc-les-habitants-de-lubumbashi-confront%C3%A9s-%C3%A0-des-p%C3%A9nuries-d-eau-potable,embargo-delay
2026-10-05,"Expulsé des États-Unis puis détenu en Eswatini, un migrant libéré témoigne avant de rejoindre le Laos",RFI Afrique,AP Photo - Uncredited,www.rfi.fr,fr,,,,,sécurité,3,"Il avait été expulsé des États-Unis, où il a passé l’essentiel de sa vie, vers l’Eswatini, la dernière monarchie absolue d’Afrique. Après 15 mois dans une prison de haute sécurité dans ce pays, Phone Chomsavanh vient d’être libéré. Il est l’un des visages de la politique d’expulsions de Donald Trump vers des pays tiers, dénoncée par l’ONU comme co…",https://www.rfi.fr/fr/afrique/20261005-expuls%C3%A9-des-%C3%A9tats-unis-puis-d%C3%A9tenu-en-eswatini-un-migrant-lib%C3%A9r%C3%A9-t%C3%A9moigne-avant-de-rejoindre-le-laos,embargo-delay
2026-10-05,Ministre des Sports du Sénégal: les Jeux olympiques de la jeunesse doivent être réfléchis «en termes d'héritage»,RFI Afrique,RFI Afrique,www.rfi.fr,fr,,,,,autre,1,"Notre grand invité Afrique ce matin est Djirèye Clotilde Coly, ministre sénégalaise de la Jeunesse et des Sports, de passage à Paris où elle est venue pour une rencontre au siège de l'Unesco afin de promouvoir les JOJ de Dakar 2026. Ces Jeux olympiques de la Jeunesse seront le tout premier événement olympique de l'histoire à se dérouler sur le con…",https://www.rfi.fr/fr/podcasts/le-grand-invit%C3%A9-afrique/20261005-joj-au-s%C3%A9n%C3%A9gal-cet-%C3%A9v%C3%A9nement-doit-%C3%AAtre-r%C3%A9fl%C3%A9chi-en-terme-d-h%C3%A9ritage-affirme-djir%C3%A8ye-clotilde-coly,embargo-delay
2026-10-05,"Disparition de Moussa Kaka au Niger: «Un faisceau d'indices pointe la responsabilité des autorités», selon Amnesty",RFI Afrique,AFP - SEYLLOU DIALLO,www.rfi.fr,fr,,Niger,,,autre,3,"On est sans nouvelles depuis le 31 août de Moussa Kaka, que vous avez entendu et lu sur l'actualité nigérienne pendant des années sur nos antennes. Pour Ousmane Diallo, chercheur sur le Sahel au bureau régional d'Amnesty International pour l'Afrique de l'Ouest et du Centre, « il y a tout un faisceau d'indices qui pointent la responsabilité des aut…",https://www.rfi.fr/fr/afrique/20261005-disparation-de-moussa-kaka-au-niger-un-faisceau-d-indices-pointe-la-responsabilit%C3%A9-des-autorit%C3%A9s-selon-amnesty,embargo-delay
2026-10-05,Madagascar: les fondements d’une plainte déposée à Londres contre une mine d'extraction de minerai,RFI Afrique,RFI/Sarah Tétaud,www.rfi.fr,fr,,,,,autre,1,"À Madagascar, l’immense mine d'extraction d'ilménite QMM, filiale du groupe anglo-australien Rio Tinto, est visée par une plainte devant la Haute Cour de Londres. Un cabinet d’avocats britannique a annoncé le 30 septembre avoir engagé cette procédure au nom de 6 649 plaignants malgaches confrontés à des pollutions au plomb et à l’uranium dans la r…",https://www.rfi.fr/fr/afrique/20261005-madagascar-les-fondements-d-une-plainte-d%C3%A9pos%C3%A9e-%C3%A0-londres-contre-une-mine-d-extraction-de-minerai,embargo-delay
2026-10-05,"Sénégal: l'écrivain Cheikh Hamidou Kane inhumé à Dakar, les hommages se poursuivent",RFI Afrique,RFI/Antoinette Delafin,www.rfi.fr,fr,,,,,autre,1,"L’écrivain sénégalais Cheikh Hamidou Kane a été inhumé dimanche 4 octobre à Dakar. Décédé samedi soir à l’âge de 98 ans, l’auteur de L’Aventure ambiguë repose désormais au cimetière musulman de Yoff. Peu avant son inhumation, sa famille et le gouvernement sénégalais lui ont rendu hommage lors d’une cérémonie de levée du corps à la morgue de l’hôpi…",https://www.rfi.fr/fr/afrique/20261005-s%C3%A9n%C3%A9gal-l-%C3%A9crivain-cheikh-hamidou-kane-inhum%C3%A9-%C3%A0-dakar-les-hommages-se-poursuivent,embargo-delay
2026-10-05,Cameroun: des métaux lourds détectés dans la viande de poulet et les œufs,RFI Afrique,Scott Olson/Getty Images/AFP,www.rfi.fr,fr,,,,,autre,1,"Au Cameroun, des métaux lourds, des résidus d’antibiotiques et des toxines dangereuses pour la santé ont été détectés dans la viande de poulet et les œufs destinés à la consommation. Un enjeu majeur de santé publique : cette pollution concerne toute la chaîne de la filière avicole, de la production agricole des aliments destinés aux volailles jusq…",https://www.rfi.fr/fr/afrique/20261005-cameroun-des-m%C3%A9taux-lourds-d%C3%A9tect%C3%A9s-dans-la-viande-de-poulet-et-les-%C5%93ufs,embargo-delay
2026-10-05,Ouganda: 14 pays africains pour réfléchir aux risques sécuritaires non conventionnels et menaces protéiformes,RFI Afrique,© Badru Katumba / AFP,www.rfi.fr,fr,,,,,autre,1,"En Ouganda, des chefs militaires de quatorze pays africains sont attendus du 5 au 8 octobre à Kampala pour une conférence sur les « opérations militaires autres que la guerre ». La rencontre est organisée par le ministère de la Défense et l’armée ougandaise, elle-même engagée dans l’est de la RDC aux côtés des forces congolaises contre les membres…",https://www.rfi.fr/fr/afrique/20261005-ouganda-14-pays-africains-pour-r%C3%A9fl%C3%A9chir-aux-risques-s%C3%A9curitaires-non-conventionnels-et-menaces-prot%C3%A9iformes,embargo-delay
2026-10-05,Mali: procès en appel du journaliste Youssouf Sissoko,RFI Afrique,AFP - STRINGER,www.rfi.fr,fr,Bamako,Mali,12.609,-7.975,autre,4,"Au Mali, la cour d'appel de Bamako doit examiner ce lundi 5 octobre 2026 le cas du journaliste Youssouf Sissoko. Le directeur de L'Alternance a été condamné en mars à deux ans de prison ferme et un million de FCFA d'amende, pour avoir publié un article mettant en doute des déclarations du président nigérien Abdourahamane Tiani. Les militaires puts…",https://www.rfi.fr/fr/afrique/20261005-mali-proc%C3%A8s-en-appel-du-journaliste-youssouf-sissoko,embargo-delay
2026-10-05,Côte d’Ivoire: une nouvelle ligne de bus électriques va relier Yopougon à Bingerville,RFI Afrique,© Judith Renoult/RFI,www.rfi.fr,fr,,,,,autre,1,"C’est un projet titanesque qui se veut transformer les transports à Abidjan : le BRT (Bus Rapid Transit en anglais). Cette ligne de bus électriques devrait entrer en service fin 2028-début 2029, pour relier les communes de Yopougon et Bingerville, d'ouest en est de la capitale économique ivoirienne. Pour l’heure les chantiers sont en cours et ils…",https://www.rfi.fr/fr/afrique/20261005-c%C3%B4te-d-ivoire-une-nouvelle-ligne-de-bus-%C3%A9lectriques-va-relier-yopougon-%C3%A0-bingerville,embargo-delay
2026-10-05,Côte d'Ivoire : un passionné fait revivre les vinyles de la musque africaine,France 24 Afrique,France 24 Afrique,www.france24.com,fr,,,,,autre,1,"🇨🇮 À Abidjan, un jeune mélomane se donne pour mission de sauver les vieux vinyles de la musique africaine. Il les retrouve, les restaure et les conserve pour faire revivre les musiques du continent parfois oubliées et peu valorisées.",https://www.france24.com/fr/vid%C3%A9o/20261005-c%C3%B4te-d-ivoire-un-passionn%C3%A9-fait-revivre-les-vinyles-de-la-musque-africaine,embargo-delay
2026-10-05,"Sénégal : Cheikh Hamidou Kane, auteur de ""Laventure ambiguë"" est mort à 98 ans",France 24 Afrique,France 24 Afrique,www.france24.com,fr,,,,,autre,1,"🇸🇳 L’écrivain sénégalais Cheikh Hamidou Kane est mort à Dakar à 98 ans. Auteur du célèbre ouvrage ""L'aventure ambiguë"", publié en 1961, il laisse une œuvre majeure de la littérature africaine, traduite dans une quarantaine de langues.",https://www.france24.com/fr/vid%C3%A9o/20261005-s%C3%A9n%C3%A9gal-cheikh-hamidou-kane-auteur-de-laventure-ambigu%C3%AB-est-mort-%C3%A0-98-ans,embargo-delay
2026-10-05,"Un logement décent, un défi pour les déplacés au Cameroun",DW Afrique,DW Afrique,www.dw.com,fr,,,,,autre,1,"La Journée mondiale de l'habitat est célébrée ce 5 octobre sous le thème ""un logement décent pour tous"", mais dans l'Extrême-Nord du Cameroun, cela reste un défi quotidien pour des familles déplacées.",https://www.dw.com/fr/un-logement-décent-un-défi-pour-les-déplacés-au-cameroun/a-79543682?maca=fra-rss-fre-all-1482-xml-mrss,embargo-delay
2026-10-05,Ligue des nations : l'Allemagne a été accrochée en Grèce (0-0).,DW Afrique,DW Afrique,www.dw.com,fr,,,,,autre,1,"Dominateurs, les Allemands ont manqué de solutions contre une équipe grècque qui s'est accrochée à domicile (0-0).",https://www.dw.com/fr/ligue-des-nations-l-allemagne-a-été-accrochée-en-grèce-0-0/a-79547279?maca=fra-rss-fre-all-1482-xml-mrss,embargo-delay
2026-10-05,RDC : les expulsions américaines mettent l’OIM sous pression,DW Afrique,DW Afrique,www.dw.com,fr,,,,,autre,1,"Alors que la justice américaine autorise temporairement la reprise des expulsions vers des pays tiers et que Washington multiplie les accords, l’OIM est critiquée pour son rôle dans l’accompagnement de ces expulsions.",https://www.dw.com/fr/rdc-les-expulsions-américaines-mettent-l-oim-sous-pression/a-79522863?maca=fra-rss-fre-all-1482-xml-mrss,embargo-delay
2026-10-05,Ségou : lancement du projet LEARN en faveur des enfants non scolarisés,Studio Tamani,Studio Tamani,www.studiotamani.org,fr,Ségou,Mali,13.44,-6.259,autre,4,"Un nouveau projet dénommé LEARN a été lancé vendredi 2 octobre 2026 à Ségou. Initié par Educo Mali et ses partenaires, ce programme vise à favoriser l’accès à une éducation sûre et inclusive pour plus de 24 500 enfants non scolarisés, affectés par les crises humanitaires dans les régions de Ségou et San. Prévu pour […] L’article Ségou : lancement…",https://www.studiotamani.org/208608-segou-lancement-du-projet-learn-en-faveur-des-enfants-non-scolarises,embargo-delay
2026-10-05,Koulikoro : plus de 100 enfants bénéficient de kits scolaires,Studio Tamani,Studio Tamani,www.studiotamani.org,fr,Koulikoro,Mali,12.863,-7.56,autre,4,"La ligue régionale de Karaté SITO RYU de Koulikoro soutient les enfants démunis en cette rentrée scolaire. Elle a remis ce samedi 3 octobre des kits scolaires à plus de 100 enfants de la commune urbaine de Koulikoro. D’une valeur de plus de 200 000 FCFA, ces kits sont composés de cahiers, stylos, ardoises, sacs […] L’article Koulikoro : plus de 10…",https://www.studiotamani.org/208610-koulikoro-plus-de-100-enfants-beneficient-de-kits-scolaires,embargo-delay
2026-10-05,Remise de fournitures scolaires à neuf écoles de Yorosso,Studio Tamani,Studio Tamani,www.studiotamani.org,fr,Yorosso,Mali,12.358,-4.777,autre,4,"Un ressortissant de la ville de Yorosso, résidant à Bamako a offert d’importants lots de fournitures scolaires aux neuf seconds cycles de la commune. Le don comprend plus de 600 livres de mathématiques et de français, ainsi que des cartons de cahiers, de bics et de craies. Ces fournitures devraient contribuer à améliorer la qualité […] L’article R…",https://www.studiotamani.org/208605-remise-de-fournitures-scolaires-a-neuf-ecoles-de-yorosso,embargo-delay
2026-10-05,Kayes : les jeunes veulent une place dans la gouvernance locale,Studio Tamani,Studio Tamani,www.studiotamani.org,fr,Kayes,Mali,14.448,-11.444,autre,4,"Renforcer la participation des jeunes à la gouvernance locale. C’était l’objectif d’un atelier qui a pris fin ce dimanche 4 octobre à Kayes. Il a été organisé par la Direction régionale de la Jeunesse et des Sports, avec l’appui de l’UNICEF. Durant deux jours, les participants ont réfléchi à leur implication dans le développement de […] L’article…",https://www.studiotamani.org/208602-kayes-les-jeunes-veulent-une-place-dans-la-gouvernance-locale,embargo-delay
2026-10-05,"Gao : paiement de la TDR à Gabero, le préfet donne le ton",Studio Tamani,Studio Tamani,www.studiotamani.org,fr,Gao,Mali,16.272,-0.045,autre,4,"À Gabéro, le préfet du cercle a payé ce dimanche 4 octobre sa Taxe de développement régional et local, ainsi que celle de sa famille. C’était au cours d’une campagne de mobilisation initiée par le Conseil communal de la jeunesse. L’opération a permis à plus de 190 personnes de s’acquitter de cette taxe, pour près […] L’article Gao : paiement de la…",https://www.studiotamani.org/208599-gao-paiement-de-la-tdr-a-gabero-le-prefet-donne-le-ton,embargo-delay
2026-10-05,Quartier ZAD de Ouagadougou : RAYNAL Assurances célèbre ses 20 ans par l’inauguration d’un rond-point citoyen,Burkina 24,Burkina 24,burkina24.com,fr,Ouagadougou,Burkina Faso,12.366,-1.534,autre,4,"Pour marquer la célébration de ses deux décennies d’existence, la compagnie RAYNAL Assurances a procédé à l’inauguration d’un rond-point réaménagé au quartier ZAD de Ouagadougou le vendredi 2 octobre 2026. Cet ouvrage concrétise l’engagement éco-citoyen de la structure et illustre la synergie entre les secteurs public et privé au service du dévelo…",https://burkina24.com/2026/10/05/quartier-zad-de-ouagadougou-raynal-assurances-celebre-ses-20-ans-par-linauguration-dun-rond-point-citoyen/,embargo-delay
2026-10-05,Retour sur Actu : Les faits marquants de la semaine du 28 septembre au 4 octobre 2026,Burkina 24,Burkina 24,burkina24.com,fr,,Burkina Faso,,,sécurité,5,"Du 28 septembre au 4 octobre 2026, l’actualité burkinabè a été marquée par la mobilisation autour de la Révolution progressiste populaire, les JEPPC, la rentrée judiciaire, mais aussi par des annonces majeures dans la santé, la sécurité routière et le sport. Retour sur les faits qui ont marqué la semaine. Mercredi 30 septembre, la Place … The post…",https://burkina24.com/2026/10/05/retour-sur-actu-les-faits-marquants-de-la-semaine-du-28-septembre-au-4-octobre-2026/,embargo-delay
2026-10-05,Communiqué | Facture électronique certifiée : le logiciel burkinabè DOLICO obtient l’attestation de conformité de la Direction générale des impôts,Burkina 24,Burkina 24,burkina24.com,fr,Ouagadougou,Burkina Faso,12.366,-1.534,autre,4,"La société DOLICO TECH SARL, éditeur de logiciels installé à Ouagadougou, annonce que son système de facturation d’entreprise DOLICO a obtenu l’attestation de conformité de la Direction générale des impôts (DGI). Les entreprises soumises à la facture électronique certifiée (FEC) disposent ainsi d’une solution homologuée, conçue et développée au Bu…",https://burkina24.com/2026/10/05/communique-facture-electronique-certifiee-le-logiciel-burkinabe-dolico-obtient-lattestation-de-conformite-de-la-direction-generale-des-impots/,embargo-delay
2026-10-05,Tournoi de la Révélation Capitaine Ibrahim Traoré acte 5 : Espoir FC confirme sa suprématie avec un doublé au terme d’un match engagé,Burkina 24,Burkina 24,burkina24.com,fr,Ouagadougou,Burkina Faso,12.366,-1.534,autre,4,"La grande finale de la 5ᵉ édition du Tournoi de la Révélation a opposé Espoir FC au Centre de Formation Jeunes Talents (CFJT), ce dimanche 4 octobre 2026 à Ouagadougou. Organisée par le Groupe Oméga International, cette édition s’est tenue sous le thème « La Révolution par le sport, l’excellence par la formation ». Au … The post Tournoi de la Révé…",https://burkina24.com/2026/10/05/tournoi-de-la-revelation-capitaine-ibrahim-traore-acte-5-espoir-fc-confirme-sa-suprematie-avec-un-double-au-terme-dun-match-engage/,embargo-delay
2026-10-05,"JEPPC 2026 : « Tous pour le made in Burkina », l’appel du Président du Faso à faire de chaque achat un acte de souveraineté",Burkina 24,Burkina 24,burkina24.com,fr,,Burkina Faso,,,autre,3,"La deuxième phase de la troisième édition des Journées nationales d’engagement patriotique et de participation citoyenne (JNEPPC) se poursuit au Burkina Faso et dans les missions et représentations diplomatiques du pays à l’extérieur. Ce lundi 5 octobre 2026, à l’occasion de la traditionnelle cérémonie de montée des couleurs nationales, le ministr…",https://burkina24.com/2026/10/05/jeppc-2026-tous-pour-le-made-in-burkina-lappel-du-president-du-faso-a-faire-de-chaque-achat-un-acte-de-souverainete/,embargo-delay
2026-10-05,JEPPC2026 : Le message du capitaine Ibrahim Traoré aux couches socio-professionnelles,Burkina 24,Burkina 24,burkina24.com,fr,,Burkina Faso,,,autre,3,"La deuxième phase de la troisième édition des JEPPC 2026 se tient du 2 au 16 octobre 2026, partout à travers le territoire national. Pour cette deuxième phase, le gouvernement a décidé d’organiser une exposition où chaque département ministériel présente ses réalisations aux Burkinabè. Ce lundi 5 octobre 2026, le message du guide de la … The post…",https://burkina24.com/2026/10/05/jeppc2026-le-message-du-capitaine-ibrahim-traore-aux-couches-socio-professionnelles/,embargo-delay
2026-10-05,Võ Cổ Truyền : Baba Ayoub Diarra décroche deux médailles de bronze en Italie,LeFaso.net,LeFaso.net,lefaso.net,fr,,Burkina Faso,,,autre,3,"L'athlète burkinabè Baba Ayoub Diarra a décroché deux médailles de bronze à la 4e édition du championnat du monde de Võ Cổ Truyền, tenue du 30 septembre au 5 octobre 2026 à Cervia, en Italie. Une performance qui permet au Burkina Faso de se distinguer lors de ce rendez-vous mondial. En compétition, Baba Ayoub Diarra a obtenu deux podiums. Il a déc…",https://lefaso.net/spip.php?article149745=,embargo-delay
2026-10-05,Port obligatoire du casque : 2 866 usagers contrôlés et 6 millions de FCFA d'amendes dressées dans le Guiriko,LeFaso.net,LeFaso.net,lefaso.net,fr,Bobo-Dioulasso,Burkina Faso,11.181,-4.295,autre,4,"La police nationale, à travers le commissariat central de police de Bobo-Dioulasso, a animé, ce lundi 5 octobre 2026, une conférence de presse consacrée au bilan à mi-parcours de l'opération « Bouclier tête ». Lancée le 1ᵉʳ octobre dernier dans sa phase répressive, l'opération a déjà permis de contrôler 2 866 usagers dans les trois provinces de la…",https://lefaso.net/spip.php?article149744=,embargo-delay
2026-10-05,"Burkina : En cas de danger, “Sécurité+”, une application locale veut rapprocher les secours des personnes en difficulté",LeFaso.net,LeFaso.net,lefaso.net,fr,,Burkina Faso,,,sécurité,5,"Quand une personne se retrouve soudainement en danger, le premier réflexe est souvent de chercher de l'aide. Mais entre la survenue d'un incident, la capacité à donner l'alerte et l'arrivée effective d'un secours, plusieurs minutes peuvent parfois s'écouler. Dans une société où les solidarités familiales et communautaires jouent encore un rôle imp…",https://lefaso.net/spip.php?article149742=,embargo-delay
2026-10-05,Football/Match amical international : Le gouvernement salue l'engagement patriotique des Etalons face à l'Argentine,LeFaso.net,LeFaso.net,lefaso.net,fr,Ouagadougou,Burkina Faso,12.366,-1.534,autre,4,"Les Étalons footballeurs ont regagné Ouagadougou ce lundi 5 octobre 2026, en provenance de Buenos Aires, après avoir disputé un match amical international face à l'Albiceleste d'Argentine. Ils ont été accueillis à leur arrivée à l'aéroport international de Ouagadougou par une délégation gouvernementale conduite par Mme la Ministre des Sports, de l…",https://lefaso.net/spip.php?article149741=,embargo-delay
2026-10-05,"Souveraineté économique : Les Burkinabè invités à produire, transformer et consommer local",LeFaso.net,LeFaso.net,lefaso.net,fr,Ouagadougou,Burkina Faso,12.366,-1.534,autre,4,"À l'occasion de la montée des couleurs, ce lundi 5 octobre 2026 à Ouagadougou, le ministre d'État, ministre en charge de l'administration territoriale, Émile Zerbo, a lancé un nouvel appel à l'engagement patriotique à travers la promotion du « Made in Burkina ». Cette montée des couleurs se tient dans la période de la deuxième phase de l'édition 2…",https://lefaso.net/spip.php?article149740=,embargo-delay
2026-10-05,Prix Nobel de médecine 2026 : L'Américain Karl Deisseroth et les Allemands Peter Hegemann et Georg Nagel lauréats,LeFaso.net,LeFaso.net,lefaso.net,fr,,Burkina Faso,,,autre,3,"Le prix Nobel de physiologie ou médecine 2026, prestigieuse récompense, a été attribué à l'Américain Karl Deisseroth et aux Allemands Peter Hegemann et Georg Nagel, pour leurs découvertes sur les canaux ioniques activés par la lumière et l'optogénétique, a annoncé ce lundi 5 octobre 2026, l'Institut Karolinska à Stockholm, en Suède. Le comité Nobe…",https://lefaso.net/spip.php?article149739=,embargo-delay
2026-10-05,TRANCHE COMMUNE ENTENTE (TCE) 2026 : Décrocher des lots allant de 2 000 000 à 20 000 000 F CFA au grand tirage,LeFaso.net,LeFaso.net,lefaso.net,fr,,Burkina Faso,,,autre,3,- Communiqués,https://lefaso.net/spip.php?article149738=,embargo-delay
2026-10-05,"Union africaine : Réunis en Egypte, dirigeants cherchent à « transformer engagements politiques en réalisations concrètes »",LeFaso.net,LeFaso.net,lefaso.net,fr,,Burkina Faso,,,autre,3,"L'Union africaine a convoqué, dimanche 4 octobre 2026 à El Alamein, en Égypte, sa VIIIè réunion de coordination de mi-année des Communautés économiques régionales et des mécanismes régionaux. Cette assise vise à permettre aux différentes structures africaines d'harmoniser leurs actions et de coordonner la mise en œuvre du programme d'intégration c…",https://lefaso.net/spip.php?article149737=,embargo-delay
2026-10-05,Ouagadougou : RAYNAL Assurances inaugure un rond-point,LeFaso.net,LeFaso.net,lefaso.net,fr,Ouagadougou,Burkina Faso,12.366,-1.534,autre,4,"À l'occasion de la célébration de son 20ᵉ anniversaire, RAYNAL Assurances a procédé, le vendredi 2 octobre 2026 à Ouagadougou, à l'inauguration d'un rond-point. Cette infrastructure est sur l'axe reliant l'échangeur de Ouaga 2000 au SIAO, à proximité de l'agence de la Société nationale d'électricité du Burkina (SONABEL) de la zone d'activités comm…",https://lefaso.net/spip.php?article149736=,embargo-delay
2026-10-05,Bobo-Dioulasso : Le dossier Lionel Bilgo renvoyé au 19 octobre 2026,LeFaso.net,LeFaso.net,lefaso.net,fr,Bobo-Dioulasso,Burkina Faso,11.181,-4.295,autre,4,"Le dossier opposant le ministère public à l'ancien ministre Wendkouni Joël Lionel Bilgo et à son co-prévenu Vincent de Paul Kaboré a de nouveau été appelé, ce lundi 5 octobre 2026, devant le pôle économique et financier (ECOFI) du Tribunal de grande instance (TGI) de Bobo-Dioulasso. Alors que l'affaire devait connaître une nouvelle étape dans son…",https://lefaso.net/spip.php?article149735=,embargo-delay
2026-10-05,Burkina / Cancer du sein : Le MammaTyper désormais disponible,LeFaso.net,LeFaso.net,lefaso.net,fr,Bobo-Dioulasso,Burkina Faso,11.181,-4.295,autre,4,"Le Burkina Faso dispose désormais du diagnostic moléculaire du cancer du sein par la technique « MammaTyper », une technologie de dernière génération qui permet d'obtenir les résultats en seulement six heures. Le dispositif est installé aux Centres hospitaliers universitaires (CHU) de Bogodogo, à Ouagadougou, et de Pala, à Bobo-Dioulasso, grâce à…",https://lefaso.net/spip.php?article149734=,embargo-delay
2026-10-05,Brahim Bechir Mourtallah nommé Directeur général de l’Autorité de régulation des marchés publics,Tchadinfos,Tchadinfos,tchadinfos.com,fr,,Tchad,,,autre,3,"Par décret N°2293/PR/2026 du 05 octobre 2026, Brahim Bechir Mourtallah est nommé Directeur général de l’Autorité de régulation des marchés publics (ARMP) en remplacement d’Ahmat Bichara Seid, admis à la retraite.⁩ L’article Brahim Bechir Mourtallah nommé Directeur général de l’Autorité de régulation des marchés publics est apparu en premier sur Tc…",https://tchadinfos.com/2026/10/05/brahim-bechir-mourtallah-nomme-directeur-general-de-lautorite-de-regulation-des-marches-publics/,embargo-delay
2026-10-05,Koundoul : le ministère de la Femme renforce les capacités des acteurs du préscolaire,Tchadinfos,Tchadinfos,tchadinfos.com,fr,,Tchad,,,autre,3,"Le ministère de la Femme et de la Petite Enfance, en partenariat avec la Banque mondiale, organise depuis ce lundi 5 octobre à Koundoul un atelier de renforcement des capacités destiné aux animateurs et animatrices du préscolaire ainsi qu’aux responsables des écoles communautaires. Pendant cinq jours, 91 participants venus de N’Djamena et de plusi…",https://tchadinfos.com/2026/10/05/koundoul-le-ministere-de-la-femme-renforce-les-capacites-des-acteurs-du-prescolaire/,embargo-delay
2026-10-05,Laoukein Kourayo Medard nommé président du Conseil d’administration de l’ANADER,Tchadinfos,Tchadinfos,tchadinfos.com,fr,Moundou,Tchad,8.574,16.077,autre,4,"Par un décret pris ce 5 octobre, Laoukein Kourayo Medard, ancien maire de Moundou, est nommé président du Conseil d’administration de l’Agence nationale d’appui au développement rural (ANADER). L’article Laoukein Kourayo Medard nommé président du Conseil d’administration de l’ANADER est apparu en premier sur Tchadinfos .",https://tchadinfos.com/2026/10/05/laoukein-kourayo-medard-nomme-president-du-conseil-dadministration-de-lanader/,embargo-delay
2026-10-05,"Mahamat Allahou Taher nommé ministre d’État, conseiller spécial à la présidence de la République",Tchadinfos,Tchadinfos,tchadinfos.com,fr,,Tchad,,,autre,3,"Brève-Par un décret pris ce 5 octobre 2026, Mahamat Allahou Taher est nommé ministre d’État, conseiller spécial à la présidence de la République. Président du Rassemblement pour la démocratie et le progrès (RDP), il était plusieurs fois ministres. L’article Mahamat Allahou Taher nommé ministre d’État, conseiller spécial à la présidence de la Répub…",https://tchadinfos.com/2026/10/05/mahamat-allahou-taher-nomme-ministre-detat-conseiller-special-a-la-presidence-de-la-republique/,embargo-delay
2026-10-05,De la craie au clic : le numérique redessine le métier d’enseignant,Tchadinfos,Tchadinfos,tchadinfos.com,fr,,Tchad,,,autre,3,"À l’heure où la Journée mondiale des enseignants célèbre le 60e anniversaire de la Recommandation OIT/UNESCO de 1966, retour sur une révolution silencieuse : celle d’une école passée du tableau noir aux écrans interactifs, et d’un métier en pleine redéfinition. La Journée mondiale des enseignants 2026, célébrée le 5 octobre, marque les 60 ans de […",https://tchadinfos.com/2026/10/05/de-la-craie-au-clic-le-numerique-redessine-le-metier-denseignant/,embargo-delay
2026-10-05,L’Union africaine rend hommage à Cheikh Hamidou Kane,Tchadinfos,Tchadinfos,tchadinfos.com,fr,,Tchad,,,autre,3,"Dans un communiqué publié ce 5 octobre, le président de la Commission de l’Union africaine, Mahmoud Ali Youssouf, a rendu hommage à l’écrivain et intellectuel sénégalais Cheikh Hamidou Kane, décédé le 4 septembre. Le président de la Commission dit avoir appris avec « une profonde tristesse » la disparition de l’auteur de L’Aventure ambiguë, une œu…",https://tchadinfos.com/2026/10/05/lunion-africaine-rend-hommage-a-cheikh-hamidou-kane/,embargo-delay
2026-10-05,Décès de Clément Atangana : le Conseil Constitutionnel tchadien présente ses condoléances au Cameroun,Tchadinfos,Tchadinfos,tchadinfos.com,fr,,Tchad,,,autre,3,"Le président du Conseil Constitutionnel du Tchad, Maître Jean-Bernard Padaré, a adressé, ce lundi 5 octobre 2026, un message de condoléances à la suite du décès de Clément Atangana, président du Conseil Constitutionnel de la République du Cameroun. Dans ce message, le président du Conseil constitutionnel tchadien dit avoir appris « avec une profon…",https://tchadinfos.com/2026/10/05/deces-de-clement-atangana-le-conseil-constitutionnel-tchadien-presente-ses-condoleances-au-cameroun/,embargo-delay
2026-10-05,Kanem : les enseignants recommandent la réouverture de l’ENIB de Mao,Tchadinfos,Tchadinfos,tchadinfos.com,fr,Mao,Tchad,14.123,15.312,autre,4,"Ce lundi 5 octobre 2026, la Journée mondiale des enseignants a été célébrée à l’école centre mixte de Mao, à travers une cérémonie officielle organisée sous la houlette du délégué général du gouvernement auprès de la province du Kanem, général Issaka Koty Yacoub, en présence des autorités locales. Célébrée chaque 5 octobre, cette journée est […] L…",https://tchadinfos.com/2026/10/05/kanem-les-enseignants-recommandent-la-reouverture-de-lenib-de-mao/,embargo-delay
2026-10-05,Journée mondiale de l’habitat : le Tchad appelle à renforcer la résilience urbaine,Tchadinfos,Tchadinfos,tchadinfos.com,fr,,Tchad,,,autre,3,"À l’occasion de la Journée mondiale de l’habitat et du lancement du Mois urbain 2026, le ministre de l’Aménagement du territoire, de l’Habitat et de l’Urbanisme, Mahamat Assileck Halata, a appelé à renforcer les actions en faveur d’un logement convenable et accessible à tous. Dans une déclaration faite ce lundi 5 octobre 2026, le ministre […] L’ar…",https://tchadinfos.com/2026/10/05/journee-mondiale-de-lhabitat-le-tchad-appelle-a-renforcer-la-resilience-urbaine/,embargo-delay
2026-10-05,"Journée mondiale des enseignants : « L’éducation est notre responsabilité collective », Mahamat Idriss Deby Itno",Tchadinfos,Tchadinfos,tchadinfos.com,fr,,Tchad,,,autre,3,"À l’occasion de la Journée mondiale des enseignants célébrée chaque 5 octobre, le président de la République, Mahamat Idriss Deby Itno a salué « vivement » ces hommes et ces femmes qui façonnent l’avenir de la Nation. Dans son message publié sur Facebook, le président de la République a déclaré que la valorisation du rôle de l’enseignant […] L’art…",https://tchadinfos.com/2026/10/05/journee-mondiale-des-enseignants-leducation-est-notre-responsabilite-collective-mahamat-idriss-deby-itno/,embargo-delay
2026-10-05,"Ambassade au Caire : 625,9 millions de FCFA d’irrégularités",Journal du Mali,Journal du Mali,journaldumali.com,fr,,Mali,,,autre,3,"© Internet Le Vérificateur général a contrôlé les comptes de 2022 au 31 mars 2026. Les constats ont été transmis aux autorités financières et judiciaires compétentes. Le Bureau du Vérificateur général a publié le 25 septembre son rapport sur la gestion de l’ambassade du Mali au Caire. La mission a examiné les exercices 2022, 2023, 2024, 2025 ainsi…",https://journaldumali.com/ambassade-au-caire-6259-millions-de-fcfa-dirregularites/,embargo-delay
2026-10-05,Migrants de retour : 27 800 Maliens accompagnés,Journal du Mali,Journal du Mali,journaldumali.com,fr,,Mali,,,autre,3,"© Internet Plus de 27 800 ressortissants ont bénéficié d’un retour volontaire depuis 2022, selon le gouvernement. Le programme fait aussi état de 14 000 projets économiques et de 10 000 formations. La troisième réunion du comité de pilotage du Programme de protection, de retour et de réintégration des migrants en Afrique subsaharienne s’est tenue…",https://journaldumali.com/migrants-de-retour-27-800-maliens-accompagnes/,embargo-delay
2026-10-05,Cheptel : un plan de 8 milliards de FCFA,Journal du Mali,Journal du Mali,journaldumali.com,fr,Koulikoro,Mali,12.863,-7.56,autre,4,"© Internet Le plan 2025-2029 finance des ouvrages hydrauliques et des périmètres pastoraux. Selon L’Essor, cinq systèmes hydrauliques ont déjà été réceptionnés à Koulikoro. Le Comité national de pilotage de la Stratégie nationale de stabilisation et de sécurisation du bétail malien a tenu sa première session le 1er octobre à Bamako. La réunion éta…",https://journaldumali.com/cheptel-un-plan-de-8-milliards-de-fcfa/,embargo-delay
2026-10-05,"Au Nigeria, un avion de l’armée de l’air s’écrase dans le sud du pays avec 32 personnes à bord",Le Monde Afrique,Le Monde Afrique,www.lemonde.fr,fr,,,,,autre,1,"L’appareil, qui assurait un vol de routine entre Benin City et Lagos, est tombé près d’une base navale de l’Etat d’Ondo, où des recherches ont été lancées, sans bilan à ce stade.",https://www.lemonde.fr/afrique/article/2026/10/05/au-nigeria-un-avion-de-l-armee-de-l-air-s-ecrase-dans-le-sud-du-pays-avec-32-personnes-a-bord_6788546_3212.html,embargo-delay
2026-10-05,Opération Dougoukoloko: Les FAMa frappent une importante base terroriste à Toguerekoumbé et neutralisent une dizaine de combattants à Anéfif,Malijet,Malijet,malijet.com,fr,,Mali,,,autre,4,"Par le biais d'un communiqué, l'État-major général des armées a fait savoir que les missions de sécurisation du territoire, intégrées à l'opération Dougoukoloko, allaient se poursuivre. Les Forces armées maliennes (FAMa), appuyées par leurs partenaires, ont mené plusieurs frappes ciblées ce lundi 5...",https://malijet.com/actualte_dans_les_regions_du_mali/312181-operation-dougoukoloko-les-fama-frappent-une-importante-bas.html,embargo-delay
2026-10-05,"Intempéries : Le Sénégal sous les eaux, Dakar et Matam durement touchés",Malijet,Malijet,malijet.com,fr,,Mali,,,autre,3,"De fortes pluies touchent depuis 48 heures plusieurs régions du Sénégal, avec des cumuls dépassant 100 millimètres dans certains postes pluviométriques, provoquant inondations, perturbations de la circulation et dégâts matériels, selon le ministère de l'Intérieur.",https://malijet.com/actualite-sur-afrique/312180-intemperies-le-senegal-sous-les-eaux-dakar-et-matam-durem.html,embargo-delay
2026-10-05,"Nigeria : Anwar, le cerveau de l'ISWAP dans le sud du pays, neutralisé par les forces de sécurité",Malijet,Malijet,malijet.com,fr,,Mali,,,sécurité,5,"Abdussamad Ohida, alias Anwar, cadre de l'État islamique en Afrique de l'Ouest (ISWAP), a été tué avec plusieurs de ses combattants lors d'une opération conjointe menée par l'armée nigériane, le Department of State Services (DSS) et les forces Amotekun dans la forêt d'Owo, dans l'État d'Ondo.",https://malijet.com/actualite-sur-afrique/312179-nigeria-anwar-le-cerveau-de-liswap-dans-le-sud-du-pays.html,embargo-delay
2026-10-05,Diplomatie : Le président béninois Romuald Wadagni reçu par Emmanuel Macron à l'Élysée,Malijet,Malijet,malijet.com,fr,,Mali,,,politique,3,"En visite de travail en France, le chef de l'État béninois, Romuald Wadagni, a été reçu ce lundi 5 octobre 2026 par Emmanuel Macron au Palais de l'Élysée.",https://malijet.com/actualite_internationale/312178-diplomatie-le-president-beninois-romuald-wadagni-recu-par.html,embargo-delay
2026-10-05,Justice : La Mission EUCAP Sahel Mali fait le point sur l'avancement de la Maison de Justice de Kayes,Malijet,Malijet,malijet.com,fr,Kayes,Mali,14.448,-11.444,autre,4,"En collaboration avec ses partenaires maliens du ministère de la Justice et des Droits de l'Homme, la Mission EUCAP Sahel Mali s'est rendue sur le chantier de la Maison de Justice de Kayes, en présence des autorités judiciaires locales, dont le Procureur général.",https://malijet.com/actualite-politique-au-mali/312177-justice-la-mission-eucap-sahel-mali-fait-le-point-sur-lav.html,embargo-delay
2026-10-05,"Koutiala, Anéfif, Djenné, Kidal : Les FAMa pilonnent et détruisent d'importantes bases logistiques terroristes",Malijet,Malijet,malijet.com,fr,Koutiala,Mali,12.387,-5.465,autre,5,"Dans le cadre de l'opération Dougoukoloko, les forces armées maliennes, soutenues par leurs partenaires, ont exécuté des frappes ciblées ce dimanche 4 octobre 2026, selon un communiqué de l'état-major général des armées. Quatre zones ont été simultanément traitées à travers le territoire national.",https://malijet.com/actualte_dans_les_regions_du_mali/312176-koutiala-anefif-djenne-kidal-les-fama-pilonnent-et-detr.html,embargo-delay
2026-10-05,ONU : Abdoulaye Diop rend hommage aux Forces de défense et au Général Sadio Camara,Malijet,Malijet,malijet.com,fr,,Mali,,,sécurité,6,"Lors de son intervention à la 81ᵉ session ordinaire de l’Assemblée générale des Nations unies, le ministre malien des Affaires étrangères, Abdoulaye Diop, a rendu hommage aux Forces de défense et de sécurité pour leur courage, leur professionnalisme et leur engagement en faveur de la souveraineté et...",https://malijet.com/a_la_une_du_mali/312175-onu-abdoulaye-diop-rend-hommage-aux-forces-de-defense-et-a.html,embargo-delay
2026-10-05,Apollo ou l’épidémie de conjonctive : Elle est de retour !,Malijet,Malijet,malijet.com,fr,,Mali,,,autre,3,"Apollo, la bête noire des yeux qui les rend douloureux, rouges et si vilains que certains les dissimulent derrière de grosses lunettes noires est de retour. Le mieux, c’est de l’éviter.",https://malijet.com/la_sante_au_mali/312174-apollo-ou-lepidemie-de-conjonctive-elle-est-de-retour.html,embargo-delay
2026-10-05,Kayes : huit suspects interpellés dans une affaire de commerce clandestin de sang,Malijet,Malijet,malijet.com,fr,Kayes,Mali,14.448,-11.444,autre,4,"Dans le cadre de l’opération « Kokadjè », le Commissariat de police du 1er Arrondissement de Kayes a interpellé, le 28 septembre 2026, huit individus soupçonnés d’être impliqués dans un réseau de collecte et de commercialisation clandestines de sang humain.",https://malijet.com/les_faits_divers_au_mali/312173-kayes-huit-suspects-interpelles-dans-une-affaire-de-commer.html,embargo-delay
2026-10-05,Diplomatie : Le Sénégal et l'Égypte renforcent leur partenariat bilatéral,Malijet,Malijet,malijet.com,fr,,Mali,,,politique,3,"Le président du Sénégal, Bassirou Diomaye Faye, a eu un échange avec son homologe égyptien, Abdel Fattah Al-Sissi, lors de la 8e Réunion de coordination semestrielle de l’Union africaine. Les deux chefs d'État ont affirmé leur volonté de renforcer le partenariat bilatéral et de l'étendre à de nouvea...",https://malijet.com/actualite-sur-afrique/312172-diplomatie-le-senegal-et-legypte-renforcent-leur-partenar.html,embargo-delay
2026-10-05,Entre Nous: Le « tout militaire » en question,Malijet,Malijet,malijet.com,fr,,Mali,,,sécurité,5,"&nbsp;Dans sa parution du 1er octobre 2026, le quotidien national « L’Essor » publie une interview du Secrétaire permanent du Conseil de sécurité nationale, le Général de division à la retraite Yamoussa Camara. L’ancien ministre de la Défense et des Anciens combattants du Mali analyse la situation s...",https://malijet.com/editorial/312171-entre-nous-le-tout-militaire-en-question.html,embargo-delay
2026-10-05,81e session ordinaire de l’Assemblée Générale des Nations-Unies: Le Mali dénonce les agressions ukrainiennes au Sahel,Malijet,Malijet,malijet.com,fr,,Mali,,,politique,3,"Le Mali était représenté, par le Ministre des Affaires étrangères et de la Coopération internationale, Abdoulaye Diop, à la tribune de la 81e session ordinaire de l’Assemblée Générale des Nations-Unies, le lundi 28 septembre dernier. Ce, pour intervenir au nom du Président de la Transition, le Génér...",https://malijet.com/actualite-politique-au-mali/312170-81e-session-ordinaire-de-lassemblee-generale-des-nations-un.html,embargo-delay
2026-10-05,Secteur de l’Eau au Mali: La SOMAPEP et la SOMAGEP dotées de nouveaux DG,Malijet,Malijet,malijet.com,fr,,Mali,,,autre,3,"Au chapitre des mesures individuelles, le Conseil des ministres du 30 septembre, au titre du Ministère de l’Energie et de l’Eau, a procédé aux nominations respectives de M.Hamidi Diakité au poste de Directeur général de la Société malienne du Patrimoine de l’Eau potable (SOMAPEP) et de M. Amadou Sow...",https://malijet.com/actualite-politique-au-mali/312169-secteur-de-leau-au-mali-la-somapep-et-la-somagep-dotees-de.html,embargo-delay
2026-10-05,Kayes: Le sort d’un réseau de vente clandestine du sang humain scellé,Malijet,Malijet,malijet.com,fr,Kayes,Mali,14.448,-11.444,autre,4,"Le 28 septembre dernier, le Commissariat de Police du 1er Arrondissement de Kayes a procédé au démantèlement d’un présumé réseau d’activités clandestines liées à la collecte et à la commercialisation de sang humain. Cela, grâce à la dénonciation anonyme de la population.",https://malijet.com/les_faits_divers_au_mali/312168-kayes-le-sort-dun-reseau-de-vente-clandestine-du-sang-huma.html,embargo-delay
2026-10-05,8e Congrès de l’Association des journalistes sportifs du Mali (AJSM): Oumar Baba Traoré réélu pour un nouveau mandat de quatre ans,Malijet,Malijet,malijet.com,fr,,Mali,,,autre,3,"L’hôtel Millénium a servi de cadre, samedi, aux travaux du 8e congrès de l’Association des Journalistes Sportifs du Mali (AJSM). À l’issue de ces travaux, le président sortant Oumar Baba Traoré a été réélu à la tête d’un bureau de 21 membres pour un mandat de quatre ans.",https://malijet.com/actualite_sportive_au_mali/312167-8e-congres-de-lassociation-des-journalistes-sportifs-du-mal.html,embargo-delay
2026-10-05,Amical Maroc-Mali : pas de vainqueur à Tanger,Malijet,Malijet,malijet.com,fr,,Mali,,,autre,3,"Opposés aux Lions de l’Atlas en match amical, ce dimanche 4 octobre à Tanger, les Aigles du Mali, dirigés par Anthony Da Silva, ont réussi à tenir en échec (1-1) les finalistes de la dernière CAN sur leurs propres installations.",https://malijet.com/actualite_sportive_au_mali/312166-amical-maroc-mali-pas-de-vainqueur-a-tanger.html,embargo-delay
2026-10-05,Ségou : les autorités serrent la vis sur la sécurité de la navigation fluviale,MaliActu,MaliActu,maliactu.net,fr,Ségou,Mali,13.44,-6.259,sécurité,6,"Mali Actu - maliactu.net - Mali Actualités, Les Actus et Informations sur le Mali Mali Actu Ségou : les autorités serrent la vis sur la sécurité de la navigation fluviale Naviguer sur le fleuve Niger à Ségou obéit désormais à des règles horaires strictes. Face aux enjeux sécuritaires actuels, la salle de conférence du Gouvernorat… Ségou : les auto…",https://maliactu.net/segou-les-autorites-serrent-la-vis-sur-la-securite-de-la-navigation-fluviale/,embargo-delay
2026-10-05,Les Aigles du Mali s’envolent au classement FIFA : coup de balai dans la hiérarchie africaine !,MaliActu,MaliActu,maliactu.net,fr,,Mali,,,autre,3,"Mali Actu - maliactu.net - Mali Actualités, Les Actus et Informations sur le Mali Mali Actu Les Aigles du Mali s’envolent au classement FIFA : coup de balai dans la hiérarchie africaine ! Le football africain est en plein bouleversement. À la suite des derniers chocs des éliminatoires de la CAN 2027 et d’une fenêtre internationale riche en… Les Ai…",https://maliactu.net/les-aigles-du-mali-senvolent-au-classement-fifa-coup-de-balai-dans-la-hierarchie-africaine/,embargo-delay
2026-10-05,Octobre Rose : quand la prévention devient l’affaire de toutes,MaliActu,MaliActu,maliactu.net,fr,,Mali,,,autre,3,"Mali Actu - maliactu.net - Mali Actualités, Les Actus et Informations sur le Mali Mali Actu Octobre Rose : quand la prévention devient l’affaire de toutes Et si on parlait de santé des femmes autrement ? Alors que le mouvement Octobre Rose bat son plein, l’accent est mis cette année sur… Octobre Rose : quand la prévention devient l’affaire de tout…",https://maliactu.net/octobre-rose-quand-la-prevention-devient-laffaire-de-toutes/,embargo-delay
2026-10-05,Ségou : c’est parti pour la révision des listes électorales,MaliActu,MaliActu,maliactu.net,fr,Ségou,Mali,13.44,-6.259,autre,4,"Mali Actu - maliactu.net - Mali Actualités, Les Actus et Informations sur le Mali Mali Actu Ségou : c’est parti pour la révision des listes électorales Le processus électoral avance à grands pas dans la cité des Balazans. Lancées le 1er octobre 2026, les opérations de révision annuelle de la liste… Ségou : c’est parti pour la révision des listes é…",https://maliactu.net/segou-cest-parti-pour-la-revision-des-listes-electorales/,embargo-delay
2026-10-05,Rentrée au Mali : l’UNICEF met l’accent sur les conditions d’apprentissage,MaliActu,MaliActu,maliactu.net,fr,,Mali,,,autre,3,"Mali Actu - maliactu.net - Mali Actualités, Les Actus et Informations sur le Mali Mali Actu Rentrée au Mali : l’UNICEF met l’accent sur les conditions d’apprentissage L’UNICEF rappelle les besoins essentiels des élèves à la rentrée au Mali. Rentrée au Mali : l’UNICEF met l’accent sur les conditions d’apprentissage Mali Actu : Rentrée au Mali : l’U…",https://maliactu.net/rentree-mali-unicef-conditions-apprentissage/,embargo-delay
2026-10-05,Ligue des nations : l’Allemagne encore accrochée par la Grèce,MaliActu,MaliActu,maliactu.net,fr,,Mali,,,autre,3,"Mali Actu - maliactu.net - Mali Actualités, Les Actus et Informations sur le Mali Mali Actu Ligue des nations : l’Allemagne encore accrochée par la Grèce La Mannschaft concède un nouveau résultat décevant face aux Grecs. La Belgique retrouve la France. Ligue des nations : l’Allemagne encore accrochée par la Grèce Mali Actu : Ligue des nations : l’…",https://maliactu.net/ligue-nations-allemagne-grece-octobre-2026/,embargo-delay
2026-10-05,Restauration de rue au Mali : un grand pas en avant pour l’hygiène alimentaire,MaliActu,MaliActu,maliactu.net,fr,,Mali,,,autre,3,"Mali Actu - maliactu.net - Mali Actualités, Les Actus et Informations sur le Mali Mali Actu Restauration de rue au Mali : un grand pas en avant pour l’hygiène alimentaire Manger sur le pouce sans compromettre sa santé, c’est désormais l’ambition portée par les acteurs de la restauration de rue au Mali. Grâce à un… Restauration de rue au Mali : un…",https://maliactu.net/restauration-de-rue-au-mali-un-grand-pas-en-avant-pour-lhygiene-alimentaire/,embargo-delay
2026-10-05,Mali : la révision des listes électorales ouverte jusqu’au 31 décembre,MaliActu,MaliActu,maliactu.net,fr,,Mali,,,autre,3,"Mali Actu - maliactu.net - Mali Actualités, Les Actus et Informations sur le Mali Mali Actu Mali : la révision des listes électorales ouverte jusqu’au 31 décembre La campagne 2026 actualise les listes électorales. Le calendrier global court jusqu’au 31 décembre, avec des opérations d’inscription et de transfert en octobre. Mali : la révision des l…",https://maliactu.net/mali-revision-listes-electorales-octobre-decembre-2026/,embargo-delay
2026-10-05,Le futur du football africain scellé : la CAF valide son nouveau calendrier 2026-2030 !,MaliActu,MaliActu,maliactu.net,fr,,Mali,,,autre,3,"Mali Actu - maliactu.net - Mali Actualités, Les Actus et Informations sur le Mali Mali Actu Le futur du football africain scellé : la CAF valide son nouveau calendrier 2026-2030 ! Réuni ce vendredi 2 octobre 2026 sous la présidence de Dr Patrice Motsepe, le Comité exécutif de la Confédération Africaine de Football (CAF) a tranché.… Le futur du foo…",https://maliactu.net/le-futur-du-football-africain-scelle-la-caf-valide-son-nouveau-calendrier-2026-2030/,embargo-delay
2026-10-05,La ruée vers l’or maudit – Entre péril écologique et reconquête de la souveraineté,MaliActu,MaliActu,maliactu.net,fr,,Mali,,,autre,3,"Mali Actu - maliactu.net - Mali Actualités, Les Actus et Informations sur le Mali Mali Actu La ruée vers l’or maudit – Entre péril écologique et reconquête de la souveraineté Le secteur aurifère malien fait face à une mutation alarmante. Initialement perçu comme une bouée de secours pour des centaines de milliers de travailleurs face… La ruée vers…",https://maliactu.net/la-ruee-vers-lor-maudit-entre-peril-ecologique-et-reconquete-de-la-souverainete/,embargo-delay
2026-10-05,Mois du tourisme au Mali : le bilan annoncé de la première édition,MaliActu,MaliActu,maliactu.net,fr,,Mali,,,autre,3,"Mali Actu - maliactu.net - Mali Actualités, Les Actus et Informations sur le Mali Mali Actu Mois du tourisme au Mali : le bilan annoncé de la première édition Après la clôture du 30 septembre 2026, retour sur le bilan communiqué du Mois du tourisme et son objectif de soutien à l’économie locale. Mois du tourisme au Mali : le bilan annoncé de la pr…",https://maliactu.net/mois-tourisme-mali-bilan-premiere-edition/,embargo-delay
2026-10-05,Affaire Youssouf Sissoko : l’appel qui place la liberté de la presse au cœur du débat,MaliActu,MaliActu,maliactu.net,fr,,Mali,,,autre,3,"Mali Actu - maliactu.net - Mali Actualités, Les Actus et Informations sur le Mali Mali Actu Affaire Youssouf Sissoko : l’appel qui place la liberté de la presse au cœur du débat L’affaire du journaliste Youssouf Sissoko revient devant la justice malienne ce lundi 5 octobre 2026. Condamné en première instance à deux ans de prison ferme,… Affaire Yo…",https://maliactu.net/affaire-youssouf-sissoko-lappel-qui-place-la-liberte-de-la-presse-au-coeur-du-debat/,embargo-delay
2026-10-05,Modernisation administrative et coopération éducative : Double dynamique de partenariat au MATD,MaliActu,MaliActu,maliactu.net,fr,,Mali,,,autre,3,"Mali Actu - maliactu.net - Mali Actualités, Les Actus et Informations sur le Mali Mali Actu Modernisation administrative et coopération éducative : Double dynamique de partenariat au MATD Le vendredi 2 octobre 2026, le ministre de l’Administration territoriale et de la Décentralisation et Porte-parole du Gouvernement, le Général de Brigade Issa Ou…",https://maliactu.net/modernisation-administrative-et-cooperation-educative-double-dynamique-de-partenariat-au-matd/,embargo-delay
2026-10-05,France ligue 3 : Caen s’incline face à Fleury malgré un but du Malien Yoro Diaby,MaliActu,MaliActu,maliactu.net,fr,,Mali,,,autre,3,"Mali Actu - maliactu.net - Mali Actualités, Les Actus et Informations sur le Mali Mali Actu France ligue 3 : Caen s’incline face à Fleury malgré un but du Malien Yoro Diaby Un scénario haletant gâché par un revers en fin de rencontre À l’occasion de la 9e journée du championnat, Caen s’est incliné sur le score… France ligue 3 : Caen s’incline face…",https://maliactu.net/france-ligue-3-caen-sincline-face-a-fleury-malgre-un-but-du-malien-yoro-diaby/,embargo-delay
2026-10-05,Football au Mali : Le Djoliba AC remporte la Super Coupe « Ben Oumar Sy » face au FC Diarra,MaliActu,MaliActu,maliactu.net,fr,,Mali,,,autre,3,"Mali Actu - maliactu.net - Mali Actualités, Les Actus et Informations sur le Mali Mali Actu Football au Mali : Le Djoliba AC remporte la Super Coupe « Ben Oumar Sy » face au FC Diarra Une entame de saison idéale pour les Rouges de Hérémakono Le Djoliba AC a décroché le premier trophée de la saison en s’imposant par la… Football au Mali : Le Djolib…",https://maliactu.net/football-au-mali-le-djoliba-ac-remporte-la-super-coupe-ben-oumar-sy-face-au-fc-diarra/,embargo-delay
2026-10-05,Traque des groupes terroristes : Démantèlement d’une grande base et bilan lourd pour les assaillants à Toguerekoumbé et Anéfif,Bamada,Bamada,bamada.net,fr,,Mali,,,autre,4,"L’État-Major Général des Armées informe l’opinion nationale que les Forces armées maliennes (FAMa), appuyées par leurs partenaires, poursuivent les opérations permanentes de surveillance, de contrôle et de sécurisation du territoire national dans le cadre de l’opération Dougoukoloko. Le lundi 5 octobre 2026, l’exploitation de renseignements précis…",https://bamada.net/traque-des-groupes-terroristes-demantelement-dune-grande-base-et-bilan-lourd-pour-les-assaillants-a-toguerekoumbe-et-anefif,embargo-delay
2026-10-05,"Tension vive à Dialakorodji après le décès brutal de Salif Sidibé, dit « Sergent » : Ce que l’on sait du drame",Bamada,Bamada,bamada.net,fr,Dialakorodji,Mali,12.704,-7.965,autre,4,"BAMAKO – DIALAKORODJI, 5 octobre 2026. Une vive émotion s’est emparée de Dialakorodji au lendemain du décès de Salif Sidibé, âgé de 27 ans, survenu dans la soirée du dimanche 4 octobre 2026. Le drame, dont les circonstances précises restent encore à établir, a provoqué une importante mobilisation de la...",https://bamada.net/tension-vive-a-dialakorodji-apres-le-deces-brutal-de-salif-sidibe-dit-sergent-ce-que-lon-sait-du-drame,embargo-delay
2026-10-05,Affaire zone aéroportuaire de Bamako-Senou : L’ancien maire de Bamako devant les juges aujourd’hui,Bamada,Bamada,bamada.net,fr,Bamako,Mali,12.609,-7.975,autre,4,"Après près de 3 ans de détention préventive, l’ancien maire du District de Bamako, Adama Sangaré, et ses 8 coaccusés dans l’affaire dite des « parcelles de la zone aéroportuaire » comparaissent, aujourd’hui lundi 5 octobre 2026, devant la Chambre criminelle spécialisée en matière économique et financière de la Cour...",https://bamada.net/affaire-zone-aeroportuaire-de-bamako-senou-lancien-maire-de-bamako-devant-les-juges-aujourdhui,embargo-delay
2026-10-05,Pôle économique et financier : Titi Konaté interpellé dans le cadre d’une enquête,Bamada,Bamada,bamada.net,fr,Bamako,Mali,12.609,-7.975,autre,4,"Dans le cadre d’une enquête portant sur des opérations financières qui pourraient représenter plusieurs milliards de FCFA, l’opérateur économique, Titi Konaté, aurait été interpellé en fin de semaine dernière par les enquêteurs du Pôle national économique et financier de Bamako, selon plusieurs sources concordantes. La suite dans L’Indicateur du R…",https://bamada.net/pole-economique-et-financier-titi-konate-interpelle-dans-le-cadre-dune-enquete,embargo-delay
2026-10-05,Kayes : Démantèlement d’un réseau clandestin de collecte et de vente de sang humain,Bamada,Bamada,bamada.net,fr,Kayes,Mali,14.448,-11.444,autre,4,"LUTTE CONTRE LA DÉLINQUANCE ET LA CRIMINALITÉ : Dans le cadre de l’opération « Kokadjè », initiée par le Directeur Régional de la Police Nationale de Kayes, Contrôleur Principal de Police Tapa Oury DIALLO, le Commissariat de Police du 1er Arrondissement de Kayes, sous la conduite du Commissaire Principal de...",https://bamada.net/kayes-demantelement-dun-reseau-clandestin-de-collecte-et-de-vente-de-sang-humain,embargo-delay
2026-10-05,Séance de sensibilisation et d’orientation des chargés des Espaces AMO,Bamada,Bamada,bamada.net,fr,,Mali,,,autre,3,"Ce vendredi 02 octobre 2026, s’est tenue, dans la salle de réunion de la Direction générale, une séance de sensibilisation et d’orientation à l’endroit des chargés des Espaces AMO. La rencontre était présidée par le Directeur de l’Administration et de la Gestion des Ressources Humaines (DAGRH), M. Mamadi COULIBALY. Cette...",https://bamada.net/seance-de-sensibilisation-et-dorientation-des-charges-des-espaces-amo,embargo-delay
2026-10-05,La fracture des sociabilités contemporaines : Pour une critique de l’aliénation relationnelle,Bamada,Bamada,bamada.net,fr,,Mali,,,autre,3,"À l’ère du capitalisme affectif et de l’hyper-connectivité marchande, l’injonction à l’accumulation sociale masque une dégradation profonde de la qualité du lien humain L’analyse critique de trois (03) réflexions formulées par Labass Dramé offre un prisme éclairant pour déconstruire les pathologies de la présence, la cécité morale et le fétichisme…",https://bamada.net/la-fracture-des-sociabilites-contemporaines-pour-une-critique-de-lalienation-relationnelle,embargo-delay
2026-10-05,Tribune: Réinventer l’assurance au Mali pour protéger les familles et libérer l’investissement,Bamada,Bamada,bamada.net,fr,,Mali,,,autre,3,"Un incendie détruit un atelier, une inondation emporte une récolte, un accident interrompt le revenu d’un artisan. La perte ne s’arrête pas à la personne touchée: la famille vend parfois ses actifs, les salariés perdent leur emploi, la banque voit son crédit fragilisé et l’État est appelé à intervenir. Dans...",https://bamada.net/tribune-reinventer-lassurance-au-mali-pour-proteger-les-familles-et-liberer-linvestissement,embargo-delay
2026-10-04,Bandes-annonces Angles d'attaque Film Suspense 1h30 2008 | CANAL+ Mali,Google Actualités — Mali,CANAL+,news.google.com,fr,,Mali,,,sécurité,5,Bandes-annonces Angles d'attaque Film Suspense 1h30 2008 | CANAL+ Mali CANAL+,https://news.google.com/rss/articles/CBMijAFBVV95cUxQdl9feC1uMmZ2dlJrSGk1SWZQOWtCUkZYeUU3M2FNRXJyVG8xdnFwck1NaHlrZHJBbklqdXB3NVpCczFraFdDTW1hOUpXUnh4blZUMHZMRDJ2XzY2cDYtbUtOQVVSeElYdEl1OTNUOFhOS2pMbE5zSWh6NTdqYmY3LUt3SGJYNlVhcnF3TQ?oc=5,embargo-delay
2026-10-04,Mali : les FAMa frappent plusieurs positions de groupes armés au sud de Koutiala,Google Actualités — Mali,Maliweb,news.google.com,fr,Koutiala,Mali,12.387,-5.465,autre,5,Mali : les FAMa frappent plusieurs positions de groupes armés au sud de Koutiala Maliweb,https://news.google.com/rss/articles/CBMiuAFBVV95cUxNYVFxMXVUNDVZNVlIb0kyMHV6dlB3ZGVwcmZPaVpBVm11a01nYzl2cTZacXlHS1FnX09NNEZRMHY4UXNQNUpsR0ZfT3pOczIya1hnTUxaRnM5ZTdyTUtHSWo4LUI3MUFIMXB4TFIwVmtKM3FxOUhnSDA3Y2RKUW5QUUM1ampBTmd0eUlxQWJvaEh5dzhjN0lYZFdmT3c1bWVGcEpNNVJHc3d0eXZsX19vY2N2RHd1TXdl?oc=5,embargo-delay
2026-10-04,"Prévisions et conditions météo pour Ayérou, Tillabéri, Niger - The Weather Channel | Weather.com",Google Actualités — Niger,The Weather Channel,news.google.com,fr,Tillabéri,Niger,14.207,1.454,autre,4,"Prévisions et conditions météo pour Ayérou, Tillabéri, Niger - The Weather Channel | Weather.com The Weather Channel",https://news.google.com/rss/articles/CBMiZ0FVX3lxTE5lSU5BTS1tRkhhbC1uaVhqaV9LT0dHX3ExTU9GSk5xR0hTeWthR0VkTzAyb0R4SXdLSlZwMGx6Ml9naThMbVlfM2xENWxPbjBwdm5GSUpvYVBxTEFUNklva3psOWw2TFk?oc=5,embargo-delay
2026-10-04,"Célébration à Niamey de l’anniversaire de la fondation de la République Populaire de Chine : 77 ans d’histoire, d’évolution et d’amitié",Google Actualités — Niger,Le Sahel.org,news.google.com,fr,Niamey,Niger,13.514,2.11,autre,4,"Célébration à Niamey de l’anniversaire de la fondation de la République Populaire de Chine : 77 ans d’histoire, d’évolution et d’amitié Le Sahel.org",https://news.google.com/rss/articles/CBMi6AFBVV95cUxQaTZkNTJHY2IybE5UMm41Skx5VFgzN3JYci1vVk9DRi1seWJjUndGZVQ0YVp0NzJTc2RIdlJKTjdWN1JETkFreGtLbmY3S2dNeVE4ZWo3aHM2ZEtiR2I5Y292cTl0ZWktTjZVTXdQRUlXVGl4eTRhajNLRzcxYW15bDJwSk0xbmtJcUVnbWJ4dmdoRWx3Y3RpWmdjRkN3c2FoM3JSUE4xWktzZHdOdm1KNUI5LXNUTFA3NDFoM1NOLVFFa0ZaTWNsV2xRYlliR1dHN3IxV2t4U3VJUi0wZ0NHSkdTUnVHZG1i?oc=5,embargo-delay
2026-10-04,Ukraine: un pont de Kiev attaqué par un drone lors de la visite de Merz,Google Actualités — Burkina Faso,RFI,news.google.com,fr,,Burkina Faso,,,sécurité,5,Ukraine: un pont de Kiev attaqué par un drone lors de la visite de Merz RFI,https://news.google.com/rss/articles/CBMitAFBVV95cUxPbktkdmpsM09MNFl3TnJsYkViQk9wRm9JYVA3NDBZcWttRzZkN3dqQ2ZPZUwydmdQOC1jZFp6UGVFODhQX092NTI2cUI5emNKNlZwWmc3Rk1ER0pfdUQwUFh1UDRqWjVMNVdwc3JWUnRzTjJDem9EZU1reHJxMDhycHpPblRMNTFLX1NEeERkUnRmN2hKUERLQnY3dVVadFNMX1l6T1FlSy14LUFJZ3pHYXdLeDU?oc=5,embargo-delay
2026-10-04,Burkina Faso : le Fonds de soutien patriotique dépasse 250 milliards FCFA,Malijet,Malijet,malijet.com,fr,,Mali,,,autre,3,"Le Fonds de soutien patriotique (FSP) du Burkina Faso a mobilisé plus de 250 milliards de francs CFA depuis janvier, selon le Service d’information du gouvernement.",https://malijet.com/a_la_une_du_mali/312161-burkina-faso-le-fonds-de-soutien-patriotique-depasse-250-m.html,embargo-delay
2026-10-04,"Attaques terroristes au Burkina Faso et au Niger, frappes aériennes contre les terroristes au Mali : bilan des combats au Sahel du 19 septembre au 2 octobre",Google Actualités — Burkina Faso,Maliweb,news.google.com,fr,,Burkina Faso,,,sécurité,5,"Attaques terroristes au Burkina Faso et au Niger, frappes aériennes contre les terroristes au Mali : bilan des combats au Sahel du 19 septembre au 2 octobre Maliweb",https://news.google.com/rss/articles/CBMitAFBVV95cUxOUkJCVjRyWVFQZ1NzMkhFOTZPMV85Y1NEdjZOS0pEbm5jc1F3MFRSdEVMa0JzM1I1VUxhX2t2b1NFYWNjcVN1c29FYzhYQjBvSlRtWmh2OFlxQlNQeTJ4QWpTMFZLNUJ1UFB5d0FSVktNOFhmeDRaaDhtRV92bTRIZ2tDdTBJQ244RkE4akxCRlVZUDlSc282b3VCVEtQVlpKQU1QV0FUTjNKc0VINHR3ZWlxTXM?oc=5,embargo-delay
2026-10-04,Argentine – Burkina Faso : l’Albiceleste mène largement à la pause 5-0,Google Actualités — Burkina Faso,AfricaFootUnited,news.google.com,fr,,Burkina Faso,,,autre,3,Argentine – Burkina Faso : l’Albiceleste mène largement à la pause 5-0 AfricaFootUnited,https://news.google.com/rss/articles/CBMimwFBVV95cUxOSVNWQ0RXc0FReUZiS3Y3ZjVla1FuWERpZEh2MnZKYmwtRXpZVFBFRzRORGtyLXlqQWUwS3NFU1BKV3FNVEpCaXo0RXVzMDFXenNkOU1YM2dONlc2SDJ6TzU3a0djYXN3VTZ2YkhHb0Z3RFVPMENCWHZjaUhBTzAtYlhtNzBvd2hhS3dPaS1iak5CM0lqYS1CUjhZMA?oc=5,embargo-delay
2026-10-04,"L'écrivain sénégalais Cheikh Hamidou Kane, auteur de «L'aventure ambiguë», est mort à l'âge de 98 ans",RFI Afrique,© Wikimedia Commons / Serigne Diagne,www.rfi.fr,fr,,,,,autre,1,"Le Sénégal pleure la disparition de Cheikh Hamidou Kane, qui s'est éteint le samedi 3 octobre 2026 à Dakar. L'ancien ministre était un témoin privilégié de l’histoire sénégalaise dont il fut dans les années 1960 un acteur majeur. Il était aussi l’auteur de L’Aventure ambiguë, roman emblématique de la littérature africaine.",https://www.rfi.fr/fr/culture/20261004-l-%C3%A9crivain-s%C3%A9n%C3%A9galais-cheikh-hamidou-kane-auteur-de-l-aventure-ambigu%C3%AB-est-mort-%C3%A0-l-%C3%A2ge-de-98-ans,embargo-delay
2026-10-04,Guinée-Bissau: une lettre ouverte presse la Cédéao à restaurer l’ordre constitutionnel,RFI Afrique,© Patrick Meinhardt / AFP,www.rfi.fr,fr,,,,,autre,1,"« Pour une initiative urgente en faveur du rétablissement de l'ordre constitutionnel en Guinée-Bissau ». C’est l’appel lancé samedi 3 octobre 2026 par 24 personnalités politiques et militantes du Sénégal, du Cap-Vert et de la Guinée-Bissau. Dans une lettre ouverte adressée aux instances dirigeantes de la Cédéao, elles demandent une implication plu…",https://www.rfi.fr/fr/afrique/20261004-guin%C3%A9e-bissau-une-lettre-ouverte-presse-la-c%C3%A9d%C3%A9ao-%C3%A0-restaurer-l-ordre-constitutionnel,embargo-delay
2026-10-04,Ceuta: évacuation d'un vaste camp de migrants avant la visite des souverains espagnols,RFI Afrique,© Marcos Moreno / REUTERS,www.rfi.fr,fr,,,,,autre,1,"Une opération d'évacuation de migrants d'un vaste campement illégal situé sur une plage de Ceuta a été lancée dimanche 4 octobre, à un peu plus d'une semaine de la visite des souverains espagnols dans cette enclave en Afrique du Nord.",https://www.rfi.fr/fr/europe/20261004-ceuta-%C3%A9vacuation-d-un-vaste-camp-de-migrants-avant-la-visite-des-souverains-espagnols,embargo-delay
2026-10-04,"Gabon: face à la pénurie de gasoil dans les stations-services, le gouvernement se veut rassurant",RFI Afrique,© Yves-Laurent Goma / RFI,www.rfi.fr,fr,,,,,autre,1,"Au Gabon, la pénurie de gasoil constatée depuis une semaine se poursuit. Bonne nouvelle cependant, un navire rempli de gasoil importé a accosté dans la nuit de samedi à dimanche. Les livraisons ont commencé en fin de matinée. C’est la cohue devant les stations-services approvisionnées.",https://www.rfi.fr/fr/afrique/20261004-gabon-face-%C3%A0-la-p%C3%A9nurie-de-gasoil-dans-les-stations-services-le-gouvernement-se-veut-rassurant,embargo-delay
2026-10-04,"Tanzanie: à Dar es Salaam, le quartier vulnérable de Kipawa se prépare à El Niño [1/3]",RFI Afrique,RFI Afrique,www.rfi.fr,fr,Tô,Burkina Faso,11.444,-2.225,autre,4,"À Dar es Salaam, 70 % de la population vit dans des quartiers informels, souvent dans des zones où assainissement et système d’évacuation d’eau sont rares. À l’approche d’El Niño, les habitants du quartier de Kipawa, qui vivent au bord de la rivière Msimbazi, tentent de se préparer au mieux face aux fortes pluies prévues et à la montée des eaux to…",https://www.rfi.fr/fr/podcasts/reportage-afrique/20261004-tanzanie-%C3%A0-dar-es-salaam-le-quartier-vuln%C3%A9rable-de-kipawa-se-pr%C3%A9pare-%C3%A0-el-ni%C3%B1o-1-3,embargo-delay
2026-10-04,Tchad-France: l'économie pour relancer une relation refroidie,RFI Afrique,RFI Afrique,www.rfi.fr,fr,N'Djamena,Tchad,12.107,15.044,autre,4,"Après le refroidissement diplomatique de 2024, le Tchad et la France cherchent à relancer leur relation par l’économie. N'Djamena veut attirer les entreprises françaises pour financer ses ambitions de développement, avec 26 milliards d'euros d’investissements visés d’ici 2030.",https://www.rfi.fr/fr/podcasts/afrique-%C3%A9conomie/20261004-tchad-france-l-%C3%A9conomie-pour-relancer-une-relation-refroidie,embargo-delay
2026-10-04,"Génocide des Tutsis au Rwanda: Dafroza Gauthier, une vie consacrée à la traque des génocidaires rwandais",RFI Afrique,AFP - DOMINIQUE FAGET,www.rfi.fr,fr,,,,,autre,1,"Dafroza Gauthier, militante franco-rwandaise, est morte à Reims des suites d'un cancer à l'âge de 72 ans, ce samedi 3 octobre 2026. Elle aura passé près de 30 ans à poursuivre les responsables du génocide des Tutsis au Rwanda.",https://www.rfi.fr/fr/afrique/20261004-g%C3%A9nocides-des-tutsis-au-rwanda-dafroza-gauthier-une-vie-consacr%C3%A9e-%C3%A0-la-traque-des-g%C3%A9nocidaires-rwandais,embargo-delay
2026-10-04,"Octobre rose : un mois pour sensibiliser, dépister et informer sur le cancer du sein",France 24 Afrique,France 24 Afrique,www.france24.com,fr,,,,,autre,1,"Octobre Rose est le mois dédié à la sensibilisation au cancer du sein. Un fléau qui touche des millions de femmes dans le monde et l'Afrique n'est pas épargnée. En Côte d’Ivoire, c’est aujourd’hui le cancer le plus fréquent chez les femmes. Pourtant, détecté suffisamment tôt, il peut être beaucoup mieux pris en charge. Le Dr Hugues Abe, gynécologu…",https://www.france24.com/fr/%C3%A9missions/journal-de-l-afrique/20261004-d%C3%A9but-du-mois-octobre-rose-sensibiliser-d%C3%A9pister-et-informer-sur-le-cancer-du-sein,embargo-delay
2026-10-04,"L'armée éthiopienne patrouille dans Mekele, ses rivaux inquiets se réunissent en Égypte",France 24 Afrique,© AFP,www.france24.com,fr,,,,,sécurité,3,"L'armée fédérale éthiopienne et une milice tigréenne alliée contrôlent dimanche Mekele, capitale de l'État régional du Tigré. Cette situation suscite désormais les craintes d'une extension du conflit hors d'Éthiopie, notamment chez leurs rivaux réunis à El-Alamein en Égypte.",https://www.france24.com/fr/afrique/20261004-l-arm%C3%A9e-%C3%A9thiopienne-patrouille-dans-mekele-ses-rivaux-inquiets-se-r%C3%A9unissent-en-%C3%A9gypte,embargo-delay
2026-10-04,"Dafroza Gauthier, ""la chasseuse de génocidaires"" rwandais, est morte",France 24 Afrique,France 24 Afrique,www.france24.com,fr,,,,,autre,1,"Dafroza Gauthier, qui a consacré sa vie à traquer les génocidaires rwandais réfugiés en France avec son mari, Alain Gauthier, est décédée samedi à Reims (dans l'est de la France), a indiqué ce dernier dimanche à l'AFP. Thomas Zribi, co-réalisateur du documentaire ""Rwanda : à la poursuite des génocidaires"", était l'invité de l'antenne de France 24…",https://www.france24.com/fr/vid%C3%A9o/20261004-dafroza-gauthier-la-chasseuse-de-g%C3%A9nocidaires-rwandais-est-morte,embargo-delay
2026-10-04,[Rediffusion]: Les modes d’accès à l’information des jeunes de Bandé,Studio Kalangou,Studio Kalangou,www.studiokalangou.org,fr,Magaria,Niger,12.998,8.91,autre,4,"Pour ce nouveau numéro de l’émission Tous à la Fada, notre studio mobile s’est installé au cœur de la commune rurale de Bandé, dans le département de Magaria, région de Zinder. Les discussions ont porté sur les modes d’accès à l’information des jeunes de la localité, les différents canaux utilisés ainsi que les pistes d’amélioration pour […]",https://www.studiokalangou.org/142657-rediffusion-les-modes-dacces-a-linformation-des-jeunes-de-bande-2,embargo-delay
2026-10-04,[Rediffusion] Les jeunes et la recherche de l’information : comment s’informent-ils et quel impact cela a-t-il sur leur quotidien ?,Studio Kalangou,Studio Kalangou,www.studiokalangou.org,fr,Magaria,Niger,12.998,8.91,autre,4,"Dans la commune rurale de Bandé, département de Magaria, région de Zinder, une Fada s’est tenue ce dimanche soir. Dans cette émission Tous à la Fada, produite par le Studio Kalangou, les jeunes de Bandé ont affirmé continuer de faire confiance à la radio pour s’informer. Malgré l’essor des réseaux sociaux et leur accessibilité croissante, […]",https://www.studiokalangou.org/142660-rediffusion-les-jeunes-et-la-recherche-de-linformation-comment-sinforment-ils-et-quel-impact-cela-a-t-il-sur-leur-quotidien-2,embargo-delay
2026-10-04,Burkina : 153 messagers formés pour porter le message de la Révolution progressiste populaire,LeFaso.net,LeFaso.net,lefaso.net,fr,Ouagadougou,Burkina Faso,12.366,-1.534,autre,4,"La cérémonie de clôture de la formation de la première cohorte des messagers de la Révolution progressiste populaire (RPP) s'est déroulée ce samedi 3 octobre 2026 à Ouagadougou, en présence du Premier ministre, Jean Emmanuel Ouédraogo. Organisée par le Cabinet africain pour le développement et l'efficacité professionnelle (Cadep), en collaboration…",https://lefaso.net/spip.php?article149717=,embargo-delay
2026-10-04,"Les 100 Visages du Burkina Digital : Edmond Yougbaré, transformer l'information en décision, et la décision en résultats",LeFaso.net,LeFaso.net,lefaso.net,fr,,Burkina Faso,,,autre,3,"À 12 jours de l'ouverture de Le Faso Digital 2026, nous poursuivons notre série consacrée aux femmes et aux hommes qui construisent le Burkina numérique. Cent personnalités, cent parcours. Aujourd'hui, nous mettons à l'honneur Edmond Yougbaré, consultant en politiques publiques et en stratégie, spécialiste du pilotage de la performance et cofondat…",https://lefaso.net/spip.php?article149731=,embargo-delay
2026-10-04,"Les 100 Visages du Burkina Digital : Latifah Koura Diallo, une nouvelle génération d'ingénieures au cœur des réseaux",LeFaso.net,LeFaso.net,lefaso.net,fr,,Burkina Faso,,,autre,3,"À 13 jours de l'ouverture de Le Faso Digital 2026, nous poursuivons notre série consacrée aux femmes et aux hommes qui construisent le Burkina numérique. Cent personnalités, cent parcours. Aujourd'hui, nous mettons à l'honneur Latifah Koura Diallo, ingénieure de conception en réseaux informatiques et télécommunications, consultante et formatrice e…",https://lefaso.net/spip.php?article149711=,embargo-delay
2026-10-04,Planète des jeunes panafricanistes du Burkina Faso : Une conférence pour se pencher sur les défis de l'éducation de qualité,LeFaso.net,LeFaso.net,lefaso.net,fr,,Burkina Faso,,,autre,3,L'éducation est l'arme la plus puissante que l'on puisse utiliser pour changer le monde. C'est dans cette dynamique que la Planète des jeunes panafricanistes du Burkina Faso (PJP-BF) a tenu une conférence publique sur l'Initiative présidentielle pour une éducation de qualité pour tous. L'activité s'est déroulée dans la matinée de ce samedi 3 octob…,https://lefaso.net/spip.php?article149718=,embargo-delay
2026-10-04,Burkina/Octobre rose : Le gouvernement veut intensifier le dépistage des cancers féminins,LeFaso.net,LeFaso.net,lefaso.net,fr,Ouagadougou,Burkina Faso,12.366,-1.534,autre,4,"La deuxième édition du Programme national de lutte contre le cancer a été officiellement lancée ce samedi 3 octobre 2026 à Ouagadougou. Placée sous le thème « Chaque dépistage est une vie sauvée et chaque vie de femme épargnée est une famille sauvegardée », la campagne Octobre rose 2026 entend renforcer la sensibilisation, le dépistage précoce et…",https://lefaso.net/spip.php?article149716=,embargo-delay
2026-10-04,Artisan Avenue : Une galerie de l'artisanat burkinabè ouvre ses portes à Ouagadougou,LeFaso.net,LeFaso.net,lefaso.net,fr,Ouagadougou,Burkina Faso,12.366,-1.534,autre,4,"La Zone du Bois, à Ouagadougou, vient de s'enrichir d'un lieu où la matière prend vie sous les mains expertes des artisans. Artisan Avenue, galerie inaugurée ce samedi 3 octobre 2026, se veut plus qu'un espace de vente : un écrin où chaque objet raconte une histoire ; où le cuir, le coton, le bois et le métal se transforment en témoins silencieux…",https://lefaso.net/spip.php?article149728=,embargo-delay
2026-10-04,Burkina/Banque mondiale : Un nouveau cadre de partenariat pour soutenir les priorités nationales,LeFaso.net,LeFaso.net,lefaso.net,fr,Ouagadougou,Burkina Faso,12.366,-1.534,sécurité,6,"Le Burkina Faso et le Groupe de la Banque mondiale ont lancé officiellement, ce 2 octobre 2026 à Ouagadougou, leur nouveau Cadre de partenariat-pays (CPP) pour la période 2026-2031. Aligné sur les priorités du plan national de développement RELANCE, ce cadre met notamment l'accent sur le capital humain, l'énergie, l'agriculture, la sécurité alimen…",https://lefaso.net/spip.php?article149723=,embargo-delay
2026-10-04,Match amical international : Le Burkina Faso s'incline face à l'Argentine (7-0),LeFaso.net,LeFaso.net,lefaso.net,fr,,Burkina Faso,,,autre,3,"Les Étalons se sont inclinés face à l'Argentine, dans la nuit du samedi 3 au dimanche 4 octobre 2026, au stade Monumental de Buenos Aires. Le score est de 7 buts à 0. Lautaro Martínez a ouvert la marque, avant que le Burkinabè Moumouni Diallo ne marque contre son camp. Gianluca Prestianni, Nicolás Paz et Julián Álvarez ont ensuite porté le score à…",https://lefaso.net/spip.php?article149724=,embargo-delay
2026-10-04,Immigration : Ce que personne ne vous dit avant le départ,LeFaso.net,LeFaso.net,lefaso.net,fr,,Burkina Faso,,,autre,3,"Dans cet entretien, nous recevons Seydou Nabalma, auteur de ""La gifle de l'immigration"" ; une œuvre qui tend un miroir aux candidats au départ vers les contrées lointaines, souvent européennes et americaines, à la recherche de meilleures conditions. Il revient sur le déclassement professionnel, les pièges financiers, les chocs culturels et les ten…",https://lefaso.net/spip.php?article149721=,embargo-delay
2026-10-04,Guinness Summer Vibration 2026 : La Sodibo/Brakina célèbre la créativité des jeunes,LeFaso.net,LeFaso.net,lefaso.net,fr,,Burkina Faso,,,autre,3,"La quatrième édition de « Guinness Summer Vibration » s'est tenue dans la nuit du samedi 3 octobre 2026 au Palais des sports de Ouaga 2000. Initiée par la Sodibo/Brakina à travers sa marque Guinness, la compétition met à l'honneur de jeunes talents burkinabè issus de plusieurs domaines artistiques et créatifs. L'évènement, organisé par Guinness, a…",https://lefaso.net/spip.php?article149729=,embargo-delay
2026-10-04,"Nécrologie : L'auteur de « L'Aventure ambiguë », Cheikh Hamidou Kane, est décédé",LeFaso.net,LeFaso.net,lefaso.net,fr,,Burkina Faso,,,autre,3,"L'écrivain sénégalais Cheikh Hamidou Kane, auteur du célèbre roman « L'Aventure ambiguë », est décédé samedi 3 octobre 2026 à Dakar, à l'âge de 98 ans. L'information est rapportée par l'Agence de presse sénégalaise (APS) dans une dépêche publiée ce dimanche 4 octobre. Né le 2 avril 1928 à Matam, dans le nord du Sénégal, Cheikh Hamidou Kane s'est i…",https://lefaso.net/spip.php?article149725=,embargo-delay
2026-10-04,Le général qui n'a pas demandé la permission,LeFaso.net,LeFaso.net,lefaso.net,fr,,Burkina Faso,,,autre,3,"Avril 1994. Pendant que les grandes puissances négociaient leur retrait du Rwanda en flammes et que l'ONU comptait ses pertes, un général ghanéen prenait une décision que personne ne lui avait demandé de prendre. Il n'a pas appelé Accra. Il n'a pas attendu les ordres. Il n'a reçu aucune garantie. Il a regardé un peuple en train de mourir, et il a…",https://lefaso.net/spip.php?article149700=,embargo-delay
2026-10-04,Résultats du tirage du Faso Loto BARKA du Dimanche 04 octobre 2026,LeFaso.net,LeFaso.net,lefaso.net,fr,,Burkina Faso,,,autre,3,- Communiqués,https://lefaso.net/spip.php?article149730=,embargo-delay
2026-10-04,Décès de El hadj Traoré Ali : Faire-part,LeFaso.net,LeFaso.net,lefaso.net,fr,,Burkina Faso,,,autre,3,- Nécrologie,https://lefaso.net/spip.php?article149727=,embargo-delay
2026-10-04,Association Nong-Taaba des personnes handicapées : Des kits scolaires offerts à des enfants défavorisés,LeFaso.net,LeFaso.net,lefaso.net,fr,Ouagadougou,Burkina Faso,12.366,-1.534,autre,4,"L'Association Nong-Taaba des personnes handicapées (ANTPH) a organisé, ce samedi 3 octobre 2026 à Ouagadougou, une cérémonie de remise de kits scolaires au profit d'enfants handicapés scolarisés et d'enfants de personnes handicapées. Créée en 2013, l'Association Nong-Taaba des personnes handicapées (ANTPH) œuvre notamment en faveur de l'inclusion…",https://lefaso.net/spip.php?article149722=,embargo-delay
2026-10-04,Décès de Zonlo Bibiane Go : faire part,LeFaso.net,LeFaso.net,lefaso.net,fr,,Burkina Faso,,,autre,3,- Nécrologie,https://lefaso.net/spip.php?article149732=,embargo-delay
2026-10-04,"Lorsqu'un fou rencontre un autre, la guérison est instantanée",LeFaso.net,LeFaso.net,lefaso.net,fr,,Burkina Faso,,,autre,3,- Proverbes,https://lefaso.net/spip.php?article149733=,embargo-delay
2026-10-04,Arrivée samedi à Bamako d’un important approvisionnement en hydrocarbures sous grande escorte militaire,Sahara Médias,Sahara Médias,fr.saharamedias.net,fr,,Mauritanie,,,sécurité,5,"Un convoi composé de plus de 643 véhicules destinés au transport de carburant est arrivé à Bamako, dans la nuit du vendredi 2 octobre au samedi 3 octobre 2026, sous la protection renforcée de l’armée malienne. Les camions, qui sont arrivés dans la capitale aux premières heures de la matinée de samedi, ont commencé les [...]",https://fr.saharamedias.net/arrivee-samedi-a-bamako-dun-important-approvisionnement-en-hydrocarbures-sous-grande-escorte-militaire/,embargo-delay
2026-10-04,Le président Ghazouani réaffirme son soutien au secteur de l’éducation à la veille de la rentrée scolaire,Sahara Médias,Sahara Médias,fr.saharamedias.net,fr,,Mauritanie,,,autre,3,"Le président mauritanien Mohamed Ould Cheikh El Ghazouani a réaffirmé « son soutien continu au secteur de l’éducation et son engagement à améliorer les conditions de travail de ses acteurs ». C’est ce qu’il a déclaré dans un message publié sur X à l’occasion de la Journée mondiale des enseignants, dans lequel il a indiqué [...]",https://fr.saharamedias.net/le-president-ghazouani-reaffirme-son-soutien-au-secteur-de-leducation-a-la-veille-de-la-rentree-scolaire/,embargo-delay
2026-10-04,La coalition des partis de la majorité reporte la désignation de ses représentants pour la commission de supervision du dialogue national,Sahara Médias,Sahara Médias,fr.saharamedias.net,fr,,Mauritanie,,,autre,3,"La coordination des partis de la majorité soutenant le président mauritanien Mohamed Ould Cheikh El Ghazouani a décidé de reporter la désignation de ses représentants au sein de la commission de supervision du dialogue national. Le Parti Insaf (au pouvoir) a indiqué, dans un communiqué, que la majorité s’était réunie vendredi soir, dans le cadre […",https://fr.saharamedias.net/la-coalition-des-partis-de-la-majorite-reporte-la-designation-de-ses-representants-pour-la-commission-de-supervision-du-dialogue-national/,embargo-delay
2026-10-04,Le parti Insaf va examiner mardi la requête formulée par ses bases pour un troisième mandat présidentiel,Sahara Médias,Sahara Médias,fr.saharamedias.net,fr,,Mauritanie,,,autre,3,"Une source a déclaré à « Sahara Media » que la commission permanente du Parti Insaf se réunira mardi prochain pour discuter de la demande de sa base populaire appelant à la candidature du président Mohamed Ould Cheikh El Ghazouani pour un troisième mandat. Le bureau politique du Parti au pouvoir, avait chargé le comité [...]",https://fr.saharamedias.net/le-parti-insaf-va-examiner-mardi-la-requete-formulee-par-ses-bases-pour-un-troisieme-mandat-presidentiel/,embargo-delay
2026-10-04,Deuxième journée du festival d’Assila : les enjeux de l’intégration africaine à l’ordre du jour,Sahara Médias,Sahara Médias,fr.saharamedias.net,fr,,Mauritanie,,,autre,3,"Les activités de la 47e édition du Festival culturel international d’Assila se sont poursuivies samedi, à travers des débats consacrés aux défis liés de l’eau, à l’énergie et à l’intégration africaine, leurs répercussions sur l’avenir du continent, notamment au regard de la nécessité de développer les infrastructures, de renforcer les liens entre…",https://fr.saharamedias.net/deuxieme-journee-du-festival-dassila-les-enjeux-de-lintegration-africaine-a-lordre-du-jour/,embargo-delay
2026-10-04,L’alliance pour l’alternance démocratique solidaire des députées déchues de leur mandat parlementaire,Sahara Médias,Sahara Médias,fr.saharamedias.net,fr,,Mauritanie,,,autre,3,L’Alliance pour l’alternance démocratique a dénoncé samedi ce qu’elle a qualifié d’« abus de pouvoir » visant à restreindre la liberté d’expression. Cette déclaration a été publiée dans un communiqué publié par l’Alliance en réaction à la décision du Conseil constitutionnel de déchoir les députées Marieme Cheikh et Ghamou Achour de leur mandat par…,https://fr.saharamedias.net/lalliance-pour-lalternance-democratique-solidaire-des-deputees-dechues-de-leur-mandat-parlementaire/,embargo-delay
2026-10-04,À l’occasion du festival d’Assila : Sidi Mohamed O. Boubacar signe son livre « Le temps de la transition sereine »,Sahara Médias,Sahara Médias,fr.saharamedias.net,fr,,Mauritanie,,,politique,3,"L’ancien Premier ministre mauritanien Sidi Mohamed Ould Boubacar a signé ce samedi, en marge du Festival culturel international d’Assila, son ouvrage « Le temps de la transition sereine », dans lequel il revient sur la période de transition démocratique qu’a connue la Mauritanie entre 2005 et 2007, qu’il décrit comme l’une des étapes importantes d…",https://fr.saharamedias.net/a-loccasion-du-festival-dassila-sidi-mohamed-o-boubacar-signe-son-livre-le-temps-de-la-transition-sereine/,embargo-delay
2026-10-04,"En Ethiopie, la prise de Makalé par l’armée fédérale ravive les craintes d’un conflit régional dans la Corne de l’Afrique",Le Monde Afrique,Le Monde Afrique,www.lemonde.fr,fr,,,,,sécurité,3,"Après des mois de tensions, les combats ont repris fin septembre dans le nord de l’Ethiopie, entre d’une part l’armée fédérale et, d’autre part, le Front populaire de libération du Tigré.",https://www.lemonde.fr/afrique/article/2026/10/04/en-ethiopie-la-prise-de-makale-par-l-armee-federale-ravive-les-craintes-d-un-conflit-regional-dans-la-corne-de-l-afrique_6788328_3212.html,embargo-delay
2026-10-04,Ebola en RDC : Jean-Noël Barrot témoigne du soutien de Paris à Kinshasa,Le Monde Afrique,Le Monde Afrique,www.lemonde.fr,fr,,,,,autre,1,"Jean-Noël Barrot s’est rendu en République démocratique du Congo, dans la province d’Ituri, pour marquer le soutien de la France face à l’épidémie du virus Ebola la plus meurtrière de l’histoire du pays.",https://www.lemonde.fr/international/video/2026/10/04/ebola-en-rdc-jean-noel-barrot-temoigne-du-soutien-de-paris-a-kinshasa_6788315_3210.html,embargo-delay
2026-10-04,"Howard W. French, écrivain : « L’Afrique doit trouver ses propres moyens d’élaborer des projets nationaux et continentaux, la solution ne viendra pas d’ailleurs »",Le Monde Afrique,Le Monde Afrique,www.lemonde.fr,fr,,,,,autre,1,"Le journaliste et auteur consacre son dernier ouvrage à Kwame Nkrumah, héraut du panafricanisme et père de l’indépendance du Ghana, en 1957. Horward W. French explique, dans un entretien au « Monde », que la montée en puissance de l’Afrique sur la scène internationale dépend notamment de l’union de ses Etats.",https://www.lemonde.fr/afrique/article/2026/10/04/howard-w-french-ecrivain-l-afrique-doit-trouver-ses-propres-moyens-d-elaborer-des-projets-nationaux-et-continentaux-la-solution-ne-viendra-pas-d-ailleurs_6788312_3212.html,embargo-delay
2026-10-04,"Cheikh Hamidou Kane, écrivain sénégalais et figure de la littérature africaine, est mort à l’âge de 98 ans",Le Monde Afrique,Le Monde Afrique,www.lemonde.fr,fr,,,,,autre,1,"Figure de la littérature africaine et ancien ministre, Cheikh Hamidou Kane laisse derrière lui une œuvre qui a marqué l’enseignement et la réflexion sur l’identité à travers le continent.",https://www.lemonde.fr/disparitions/article/2026/10/04/l-ecrivain-senegalais-cheikh-hamidou-kane-est-mort-a-l-age-de-a-98-ans_6788267_3382.html,embargo-delay
2026-10-04,"Dans les coulisses de Viginum, la cellule gouvernementale d’experts qui traque les ingérences étrangères sur Internet",Le Monde Afrique,Le Monde Afrique,www.lemonde.fr,fr,,,,,autre,1,"Au sein d’une cellule d’experts, ce service traque les évolutions du cyberespace, sur TikTok ou ailleurs. Les « attaquants » sont parfois étatiques, parfois non, ce qui nécessite d’avoir une approche globale, sur tout un écosystème.",https://www.lemonde.fr/les-decodeurs/article/2026/10/04/a-viginum-les-analystes-cherchent-a-anticiper-les-ingerences-etrangeres-si-on-s-arrete-a-la-menace-prorusse-on-se-coupe-d-une-partie-du-sujet_6788259_4355770.html,embargo-delay
2026-10-04,"Paul-Simon Handy, chercheur : « L’Afrique a réussi à corriger le planisphère, elle doit maintenant pouvoir rectifier sa propre place au sein du système mondial »",Le Monde Afrique,Le Monde Afrique,www.lemonde.fr,fr,Houndé,Burkina Faso,11.5,-3.517,autre,4,"Les résolutions de l’ONU sur la traite transatlantique et sur la représentation cartographique du monde ont remis au premier plan les questions de réparation et de la position du continent africain dans l’ordre international. Reste à transformer ces succès en gains politiques et économiques, estime le spécialiste dans un entretien au « Monde ».",https://www.lemonde.fr/afrique/article/2026/10/04/paul-simon-handy-chercheur-l-afrique-a-reussi-a-corriger-le-planisphere-elle-doit-maintenant-pouvoir-rectifier-sa-propre-place-au-sein-du-systeme-mondial_6788261_3212.html,embargo-delay
2026-10-04,"Faits divers : Un jeune homme tué à Dialakorodji, tensions entre habitants et forces de l'ordre",Malijet,Malijet,malijet.com,fr,Dialakorodji,Mali,12.704,-7.965,sécurité,6,"À Dialakorodji, le décès de Salif Sidibé, alias « Sergent » (27 ans), lors d’un incident ce dimanche 4 octobre 2026, a provoqué de fortes tensions entre les riverains et les forces de sécurité.",https://malijet.com/les_faits_divers_au_mali/312165-faits-divers-un-jeune-homme-tue-a-dialakorodji-tensions-e.html,embargo-delay
2026-10-04,Séance de sensibilisation et d’orientation des chargés des Espaces AMO,Malijet,Malijet,malijet.com,fr,,Mali,,,autre,3,"Ce vendredi 2 octobre 2026, s’est tenue, dans la salle de réunion de la Direction générale, une séance de sensibilisation et d’orientation à l’endroit des chargés des Espaces AMO.",https://malijet.com/la_sante_au_mali/312164-seance-de-sensibilisation-et-dorientation-des-charges-des-e.html,embargo-delay
2026-10-04,Sport : Oumar Baba Traoré réélu président de l'Association des Journalistes Sportifs du Mali,Malijet,Malijet,malijet.com,fr,Bamako,Mali,12.609,-7.975,autre,4,"Oumar Baba Traoré a été réélu à la tête de l'Association des Journalistes Sportifs du Mali (AJSM), à l'issue de l'Assemblée générale tenue ce samedi 3 octobre 2026 à l'hôtel Millénium de Bamako.",https://malijet.com/actualite_sportive_au_mali/312163-sport-oumar-baba-traore-reelu-president-de-lassociation-d.html,embargo-delay
2026-10-04,Sénégal : décès de l’écrivain Cheikh Hamidou Kane à l’âge de 98 ans,Malijet,Malijet,malijet.com,fr,,Mali,,,autre,3,"L’écrivain sénégalais Cheikh Hamidou Kane est décédé ce dimanche 4 octobre 2026, à l’âge de 98 ans, plongeant le monde des lettres dans le deuil. Figure intellectuelle majeure du Sénégal et de l’Afrique, il est notamment l’auteur de L’Aventure ambiguë, œuvre majeure de la littérature africaine.À tra...",https://malijet.com/flash-info/312162-senegal-deces-de-lecrivain-cheikh-hamidou-kane-a-lage-de.html,embargo-delay
2026-10-04,Météo : La semaine du 05 au 11 octobre 2026 placée sous le signe des nuages et des orages,Malijet,Malijet,malijet.com,fr,,Mali,,,autre,3,"Le service national de météorologie a publié ses prévisions pour la semaine du 05 au 11 octobre 2026, annonçant un temps globalement nuageux sur l'ensemble du territoire, avec des activités pluvio-orageuses et une légère baisse des températures.",https://malijet.com/flash-info/312160-meteo-la-semaine-du-05-au-11-octobre-2026-placee-sous-le-s.html,embargo-delay
2026-10-04,Tombouctou : décès du Grand Imam de la mosquée Sankoré,Malijet,Malijet,malijet.com,fr,,Mali,,,autre,3,"Le Grand Imam de la mosquée Sankoré de Tombouctou, Son Éminence l’Imam Abdourahamane Alhakoum, est décédé samedi 3 octobre 2026.",https://malijet.com/actualite_de_la_nation_malienne/312159-tombouctou-deces-du-grand-imam-de-la-mosquee-sankore.html,embargo-delay
2026-10-04,Que pourrait apporter le développement de l’intelligence artificielle à notre monde ?,Malijet,Malijet,malijet.com,fr,,Mali,,,autre,3,"Produire davantage, mieux partager les richesses et libérer du temps pour vivre",https://malijet.com/lettres_ouvertes_mali/312158-que-pourrait-apporter-le-developpement-de-lintelligence-art.html,embargo-delay
2026-10-04,"Sécurité routière : Un car « Guissé Trans » se renverse sur l'axe Bla-San, un mort et 30 blessés",Malijet,Malijet,malijet.com,fr,Bamako,Mali,12.609,-7.975,sécurité,6,"Un grave accident de la circulation s'est produit le samedi 3 octobre 2026 sur la Route Nationale 6 (RN6), sur l'axe Bla-San. Un car de la compagnie « Guissé Trans », en provenance de Gouma et à destination de Bamako, s'est renversé alors qu'il transportait 65 passagers et du bétail.",https://malijet.com/les_faits_divers_au_mali/312157-securite-routiere-un-car-guisse-trans-se-renverse-sur.html,embargo-delay
2026-10-04,Éliminatoires JO 2028 : la liste des Aigles Dames pour la double confrontation face au Bénin,Malijet,Malijet,malijet.com,fr,,Mali,,,autre,3,"Dans le cadre des éliminatoires des Jeux Olympiques de Los Angeles 2028, le sélectionneur des Aigles Dames du Mali a convoqué 23 joueuses pour la double confrontation face au Bénin, prévue les 8 et 13 octobre prochains.",https://malijet.com/actualite_sportive_au_mali/312156-eliminatoires-jo-2028-la-liste-des-aigles-dames-pour-la-do.html,embargo-delay
2026-10-04,Super Coupe Ben Oumar Sy 2026 : le Djoliba succède au Stade Malien,Malijet,Malijet,malijet.com,fr,,Mali,,,autre,3,"En finale de la Super Coupe Ben Oumar Sy 2026, disputée ce samedi 3 octobre au Stade Mamadou Konaté, le Djoliba AC s’est imposé 1-0 face au FC Diarra, remportant ainsi le premier trophée national de la saison 2026-2027.",https://malijet.com/actualite_sportive_au_mali/312155-super-coupe-ben-oumar-sy-2026-le-djoliba-succede-au-stade.html,embargo-delay
2026-10-04,Opération Dougoukoloko : Les FAMa détruisent une base terroriste avec véhicules armés au sud de Koutiala,Malijet,Malijet,malijet.com,fr,Koutiala,Mali,12.387,-5.465,sécurité,7,"Par voie de communiqué, l’état-major général des armées a fait savoir que les opérations de sécurisation du territoire, menées dans le cadre de l’opération Dougoukoloko, se poursuivent. Les Forces armées maliennes (FAMa), appuyées par leurs partenaires, ont mené une nouvelle frappe ciblée le samedi...",https://malijet.com/actualte_dans_les_regions_du_mali/312154-operation-dougoukoloko-les-fama-detruisent-une-base-terror.html,embargo-delay
2026-10-04,"Sécurité routière : Un car « Guissé Trans » se renverse sur l'axe Bla-San, un mort et 30 blessés https://t.co/XjepjqtfnH - x.com",X indexé — @Malijetactu,Malijet,news.google.com,fr,Bla,Mali,12.951,-5.756,sécurité,6,"Sécurité routière : Un car « Guissé Trans » se renverse sur l'axe Bla-San, un mort et 30 blessés https://t.co/XjepjqtfnH x.com",https://news.google.com/rss/articles/CBMiYkFVX3lxTFBUbEVHSUpLRV9kVHBzQlhzRGROZHZ2M3BBSVVpajVwRzVqM1JuZHFieUJ1ZzMxOFVnY0kySXlsaExfNUJ5RHJ1ZU5LcEVRaVc3SXNlNFpYblN4NTQ4ZFpjTWR3?oc=5,embargo-delay
2026-10-04,"Le président du Réveil panafricain pour le changement (#RPC), Gassim Cherif Mahamat, défend le remplacement du franc CFA par une monnaie panafricaine. Il a réaffirmé cette position le 3 octobre, lors du lancement du processus de rédaction du programm - x.com",X indexé — @tchadinfos,Tchadinfos,news.google.com,fr,,Tchad,,,autre,3,"Le président du Réveil panafricain pour le changement (#RPC), Gassim Cherif Mahamat, défend le remplacement du franc CFA par une monnaie panafricaine. Il a réaffirmé cette position le 3 octobre, lors du lancement du processus de rédaction du programm x.com",https://news.google.com/rss/articles/CBMiYEFVX3lxTFBxeU1UZFozLXc0blZWc1JWTlB1dS1vME5kQ3JieEc4VDNtLVgwUnFzOTVST2x5TFFtaWRZVU13eHZkVUcybWNXS1VxQ2l4QWtzd1VRbXZncFNCZ1Nxa2xUZQ?oc=5,embargo-delay
2026-10-03,Approvisionnement au Mali : Plus de 643 camions-citernes font leur entrée à Bamako sous escorte des FAMa,Google Actualités — Mali,MaliActu,news.google.com,fr,Bamako,Mali,12.609,-7.975,autre,5,Approvisionnement au Mali : Plus de 643 camions-citernes font leur entrée à Bamako sous escorte des FAMa MaliActu,https://news.google.com/rss/articles/CBMiwgFBVV95cUxQeTBHZFZSX0hLRGxSdjRYUk9qWU1sV2t5QVpmVUZlcUw4TVUtTWl2MUp1SGNhVGpTUlBhelZJbGp4Vk9ubWRNOTFsZE5VQzRqMmhCVDVheERfWU9SOFVhTWhvRHBveU96T1B4eTZoMGZfaGhCZGZTeXpyTTBtcjdQY3pmZ2dyQ1JJeU5BN09sS1FjMHh3R3BTOHJlMk1aZXg4VmlBdDFqLWxqRGZIODItdnB4czdMOGNpclY4XzVVZXFuQdIBygFBVV95cUxOZk9fMm9sSU1nNjZhTVlBRVVsUDF0UDFGSHR4UEZOX2hzZkNuWVRIR0pCY0k5VkJpWFZUN0dVc0JBQWVkX2NMWjJQMkdrSjBuUWdadUxuY1pQUlUtWFY3U1lCemUtRUgtZjUyOGFBcnppbFBXdzEtWXB2VlBPU3VIQjBmb0I5aTl3OFMwbks3TU9reHNhVERjOWxESGc1V1RRNmJ4OGR6eGhhaWJHemRiQWtuc2hpS2ktZWtQUE9obWxzVnh5M18xOUVR?oc=5,published-signal
2026-10-03,Approvisionnement en carburant : plus de 643 camions-citernes arrivent à Bamako sous escorte des FAMa,Google Actualités — Mali,Mali 24,news.google.com,fr,Bamako,Mali,12.609,-7.975,autre,5,Approvisionnement en carburant : plus de 643 camions-citernes arrivent à Bamako sous escorte des FAMa Mali 24,https://news.google.com/rss/articles/CBMivAFBVV95cUxOOGdTdmxJUnVRMkRjdG5TUTNwaTBkTk85OHpvaHhRaDlqZ3M1MUF3V0dONm90bjJNT3RfZnEzRWRlSTlyUjhhTHRoWTJtVFN0V2dkNlNDaEo0eE1vRURkWU8tT1ZOSFp2RXFSZExpbnBHOFZkX090U0RDMVJkR2RoVGRwdHJVTzc3dkNxMGY0TE1panY4Q3dUZGFUZ3JPamdGbUhBV3l5U3Y4QXN3QndNOTZHcDlTTmpoNzNQUdIBwgFBVV95cUxOMDFweUl1TWZtVVM3cElUN2RTVi1pWk9UczRIRU1Xci02RkRsRzYtX0NaY1dzUkVXLXBITkFPTzFQT2VpNzBIMkxnWnlvTHQtNF9sVERyWXlCbzBtWThyWTJJdURUSGsyM050ZVM2YUhrbmZQVFRQV2ZiRm5vM1hfYXRGU3dPMzNSZU53TUtzMXMwUEs5cDNnSFc0U1Q3dFFPeVo3MHV4Vk5veUlLdU9sUEh1bXY5LUdxTWlTaDVjQThhQQ?oc=5,published-signal
2026-10-03,Coopération Niger-Algérie : La première vague des 500 stagiaires nigériens a quitté Niamey pour Alger,Google Actualités — Niger,Le Sahel.org,news.google.com,fr,Niamey,Niger,13.514,2.11,autre,4,Coopération Niger-Algérie : La première vague des 500 stagiaires nigériens a quitté Niamey pour Alger Le Sahel.org,https://news.google.com/rss/articles/CBMiwgFBVV95cUxNZ2w0d0VRNlc1SlNLczdpNEhQeW1JZ3JYbWEzRUJOUUJkeENpZmxMZU1Ed1hLdF9ma1k5WjNKSUI3RFdCZWYyWXBtbjJpLXA1NW9HMUpnRjhiRUpwRDNzVnNObllWLWx3Vzc3aU53U0N1Mi00eHBiUmxNNUowaEdDU09XUWFCNlphWGd2SjA3Zms3TVFBbWwyUUYxUHVZdElXendmS05LQjFEeWtuTWVPcWZwY2ExODlDbWYzQWlBa2lGUQ?oc=5,published-signal
2026-10-03,Niger-Russie : Tiani presse Moscou d’accélérer les projets avant le sommet Russie-Afrique,Google Actualités — Niger,24heureinfo.com,news.google.com,fr,,Niger,,,autre,3,Niger-Russie : Tiani presse Moscou d’accélérer les projets avant le sommet Russie-Afrique 24heureinfo.com,https://news.google.com/rss/articles/CBMiuwFBVV95cUxQWUhQb1hnYzlBRDI4Rzhvenc5d285UktqTW9ZeW11b1RXQ1pPQmdLYjBpTkhYQjdvVjI1Rm1GQ3NxT3ZpOXJldVc2MFpXM2VwRVEySEFHcGJxUWdzRlhZOXI0T1lGRGtDVWF1dUd5RVlVN3JwQ09PWWNlY0ZCN2FLWkpZNHdYX3g1RWFYTGJMNlY5U3d0VkR1alJuWUgwUTROUW05VldHNU9EWFJabUoxaHZUYndVSXVpa1Rv?oc=5,filtered
2026-10-03,Burkina Faso : la révolution progressiste populaire célébrée,Google Actualités — Burkina Faso,africa24tv.com,news.google.com,fr,,Burkina Faso,,,autre,3,Burkina Faso : la révolution progressiste populaire célébrée africa24tv.com,https://news.google.com/rss/articles/CBMiigFBVV95cUxQTklvdDhrYVhYR2psZTBDTVlyTXNISG9zWWYyRkFDZ29KZWtEZkliOUxaekFmdG4tZ0xGQ3JTU29sOEhGX21LWFBmOHYta3ItN19nazRINzZqUGZtYXZSTjFCOGVtN3lLckNmS29IWW02NXc2eklCLTR4YzJfV3hJdzA1RnllV0JmZWc?oc=5,filtered
2026-10-03,Burkina/JEPPC 2026 : Le général Célestin Simporé présente les mutations de l’armée et appelle à l’engagement patriotique,Google Actualités — Burkina Faso,leFaso.net - L'actualité au Burkina Faso,news.google.com,fr,,Burkina Faso,,,autre,3,Burkina/JEPPC 2026 : Le général Célestin Simporé présente les mutations de l’armée et appelle à l’engagement patriotique leFaso.net - L'actualité au Burkina Faso,https://news.google.com/rss/articles/CBMiY0FVX3lxTE9yRUJZNmRHWWI2eVk1X1RseTBJZVpHV2djWGhzcklycElUQmRFWDZtTE10VDgzSWhoSldvYU9zeXpjWWdldXR2eDY4QlJhbjF5M1RWTW0wSUtDcFVNdDBiRTduSQ?oc=5,filtered
2026-10-03,Burkina Faso : 100 000 réservistes militaires recherchés,Google Actualités — Burkina Faso,africactu.com,news.google.com,fr,,Burkina Faso,,,autre,3,Burkina Faso : 100 000 réservistes militaires recherchés africactu.com,https://news.google.com/rss/articles/CBMingFBVV95cUxQZk5ULTM3MWJoLU5tLVBYdzdrRDFSVmpIZTNmZ2YzMFBHVWM4SmI1Mk43NFNmZHBVVUR0TnZBeHcyRS1nVkEtNU5leFlraUkwQmtjN2hzSS0yYUlDSUlSQXhuSG8xTzBFcVVGWUlVNFpXLXNiQTZYM3EzVkU5RjB4a3VYTWJHWURwanVLaGd5ZUZWOXN2ZnhJbUxpend6dw?oc=5,filtered
2026-10-03,Connectivité maritime du port de Nouakchott,Google Actualités — Mauritanie,El Estrecho Digital,news.google.com,fr,Nouakchott,Mauritanie,18.086,-15.979,autre,4,Connectivité maritime du port de Nouakchott El Estrecho Digital,https://news.google.com/rss/articles/CBMidEFVX3lxTFBIb2Znb1NBclBtQVZaT2NBN2lkNnZhN1NuTFVhUzJ2WnNKUGs1NzBqZ2dyX0V6OTF2NlNYRFNEb1dJdTBOYWRaT19NcE1jWkh4X3J6OFcyUG1BM2tuXzhXam9iakZfUXF6YVdQRENVbjJlN2kz?oc=5,published-signal
2026-10-03,La Mauritanie condamne le ciblage d’un poste de distribution électrique à Médine,Google Actualités — Mauritanie,وكالة الأنباء السعودية,news.google.com,fr,,Mauritanie,,,autre,3,La Mauritanie condamne le ciblage d’un poste de distribution électrique à Médine وكالة الأنباء السعودية,https://news.google.com/rss/articles/CBMiSkFVX3lxTE56U3VQRUstZ21yZWozTVhDNXV1a0g4MVJVcDFMQ3kzRjA2SE5OTmVNdGliRk13NUNwcm1lT2s2bGlmdjE1Tjc1RjVR?oc=5,filtered
2026-10-03,"Reug-Reug : le suspect soupçonné d’avoir fourni le carton a fui à Nouakchott, en Mauritanie",Google Actualités — Mauritanie,Senego.com,news.google.com,fr,Nouakchott,Mauritanie,18.086,-15.979,autre,4,"Reug-Reug : le suspect soupçonné d’avoir fourni le carton a fui à Nouakchott, en Mauritanie Senego.com",https://news.google.com/rss/articles/CBMiuwFBVV95cUxOMjdCVjYtOHB1c2QxWGdYajlHY2NRWDlrYXB4REdBUDBpRjYxUTBMei0wX3B5NURreDZHd21xN2w3OHdOaGZfZE9vdEFVS2VFeHU5X0xWX05QaUZRNzRPNGNlQWh2ajVsZ3AxbkxGdlVIUklNQ01jWmtISy1xT2hfSWhFel9NMHpJNlFpV1pBM0xiUl91S2lLWEpkcHcySDB2RXdkUzc5OU5heDYtb3ljTXdiRHRPOFMzY0dz?oc=5,published-signal
2026-10-03,"Éthiopie : les troupes fédérales sont entrées dans Mekele, capitale du Tigré",France 24 Afrique,France 24 Afrique,www.france24.com,fr,,,,,autre,1,"Des milices alliées aux troupes fédérales éthiopiennes sont entrées dans Mekele, la capitale du Tigré, région en guerre contre le pouvoir central. Une nouvelle étape dans l'offensive lancée contre les forces tigréennes, qui avaient largement abandonné la ville quelques heures plus tôt, selon plusieurs témoins locaux.",https://www.france24.com/fr/%C3%A9missions/journal-de-l-afrique/20261003-ethiopie-les-troupes-f%C3%A9d%C3%A9rales-sont-entr%C3%A9e-dans-mekele-capitale-du-tigr%C3%A9,filtered
2026-10-03,Afrique : comment lutter contre la désinformation ? Dominique Tchimbakala et Le virus invisible,France 24 Afrique,France 24 Afrique,www.france24.com,fr,,,,,autre,1,"Une fausse information peut-elle menacer la paix d'un pays ? En Afrique, les réseaux sociaux sont devenus un terrain de circulation des rumeurs, des manipulations politiques et des campagnes de désinformation. Avec l'intelligence artificielle, le phénomène prend une nouvelle dimension. Dans Le virus invisible. Essai sur la désinformation en Afriqu…",https://www.france24.com/fr/vid%C3%A9o/20261003-afrique-comment-lutter-contre-la-d%C3%A9sinformation-dominique-tchimbakala-et-le-virus-invisible,filtered
2026-10-03,"Virus Ebola : en visite en RD Congo, le chef de la diplomatie française plaide pour renforcer l'aide",France 24 Afrique,"© Hardy Bope, AFP",www.france24.com,fr,,,,,politique,1,"Jean-Noël Barrot a effectué, samedi, une visite dans la province orientale de l'Ituri, l'épicentre de la flambée actuelle. Le ministre français des Affaires étrangères a plaidé pour renforcer le soutien à la riposte contre la plus grave épidémie d'Ebola de l'histoire de la RD Congo.",https://www.france24.com/fr/afrique/20261003-virus-ebola-en-visite-en-rd-congo-le-chef-de-la-diplomatie-fran%C3%A7aise-plaide-pour-renforcer-l-aide,filtered
2026-10-03,RD Congo : Jean-Noël Barrot en visite dans la province de l'Ituri,France 24 Afrique,France 24 Afrique,www.france24.com,fr,,,,,politique,1,"Le chef de la diplomatie française, Jean-Noël Barrot, est arrivé samedi 3 octobre dans la province orientale de l'Ituri (en République démocratique du Congo), l'épicentre de la plus grave épidémie d'Ebola de l'histoire de ce pays, a constaté l'AFP. La RD Congo est en proie à sa 17e épidémie de maladie Ebola, devenue en quelques mois la plus meurtr…",https://www.france24.com/fr/vid%C3%A9o/20261003-rd-congo-jean-no%C3%ABl-barrot-en-visite-dans-la-province-de-l-ituri,filtered
2026-10-03,Éthiopie : les combats se poursuivent,France 24 Afrique,France 24 Afrique,www.france24.com,fr,,,,,sécurité,3,"Tom Canetti, correspondant de France à Addis-Abeba, fait le point sur les combats qui se poursuivent en Éthiopie.",https://www.france24.com/fr/vid%C3%A9o/20261003-%C3%A9thiopie-les-combats-se-poursuivent,filtered
2026-10-03,"L'armée éthiopienne est entrée dans Mekele, capitale du Tigré désertée par les forces rebelles",France 24 Afrique,© Reuters (archives),www.france24.com,fr,,,,,humanitaire,3,"Les troupes fédérales éthiopiennes sont entrées samedi dans Mekele, a indiqué une source humanitaire à l'AFP. La capitale de l'État régional éthiopien du Tigré a été largement abandonnée plus tôt par les forces des autorités régionales rebelles.",https://www.france24.com/fr/afrique/20261003-approche-armee-ethiopienne-forces-rebelles-quittent-en-masse-mekele-capitale-tigre,filtered
2026-10-03,Rentrée scolaire: familles et commerçants se préparent à Niamey,Studio Kalangou,Studio Kalangou,www.studiokalangou.org,fr,Niamey,Niger,13.514,2.11,autre,4,FR HA FU ZA TA Le magazine en français Listen to « Rentrée scolaire: familles et commerçants se préparent à Niamey (Magazine) » on Spreaker. Le magazine en haoussa Listen to « Rentrée scolaire: familles et commerçants se préparent à Niamey (Magazine) » on Spreaker. Le magazine en fulfuldé Listen to « Rentrée scolaire: familles et commerçants se pr…,https://www.studiokalangou.org/142682-rentree-scolaire-familles-commercants-preparent-niamey,filtered
2026-10-03,La semaine sur Kalangou du 03 octobre 2026,Studio Kalangou,Studio Kalangou,www.studiokalangou.org,fr,,Niger,,,sécurité,5,"FR TA FU HA ZA La semaine sur Kalangou en français Listen to « Économie, sécurité routière et agriculture (La semaine sur Kalangou) » on Spreaker. La semaine sur Kalangou en tamasheq Listen to « Économie, sécurité routière et agriculture (La semaine sur Kalangou) » on Spreaker. La semaine sur Kalangou en fulfuldé Listen to « Économie, sécurité rou…",https://www.studiokalangou.org/142685-niger-prend-tete-economies-zone-croissance-7-deuxieme-trimestre-2026,filtered
2026-10-03,Décès de YONI MARIE NATHALIE épouse KABORE : Faire part,LeFaso.net,LeFaso.net,lefaso.net,fr,Bobo-Dioulasso,Burkina Faso,11.181,-4.295,autre,4,"Sa majesté le NAABA SANEEM de Zorgho, la grande famille KABORE à Zorgho, Ouagadougou, Bobo-Dioulasso et Abidjan, La grande famille YONI, TONTOROGBO à Ouagadougou, Kaya, Bobo-Dioulasso, Fada N'gourma et Dédougou, KABORE Théodore et épouse à Dabou (Cote d'Ivoire), Les Familles alliés ODAH, YAMEOGO, ZAGRE, YAMEOGO, TOUGOUMA, TRAORE, SANOU et SIRIBIE,…",https://lefaso.net/spip.php?article149720=,filtered
2026-10-03,Burkina/Programme Jeunes cadres engagés : L'ONG Eau Vive Internationale offre à 13 jeunes diplômés une immersion professionnelle,LeFaso.net,LeFaso.net,lefaso.net,fr,,Burkina Faso,,,autre,3,"La 15ᵉ cohorte du programme Jeunes cadres engagés a été déployée pendant 12 mois dans les zones d'intervention de l'ONG Eau Vive Internationale. Ce 3 octobre 2026, les 13 diplômés qui composent cette cohorte ont reçu leurs attestations de participation au cours d'une cérémonie organisée à cet effet. La promotion entrante a également été accueillie…",https://lefaso.net/spip.php?article149719=,filtered
2026-10-03,Décès de Sylvain R Bonkoungou : Programme des obsèques,LeFaso.net,LeFaso.net,lefaso.net,fr,,Burkina Faso,,,autre,3,- Nécrologie,https://lefaso.net/spip.php?article149712=,filtered
2026-10-03,"Burkina Faso : SenMoto, la plateforme qui digitalise la vente de motos",LeFaso.net,LeFaso.net,lefaso.net,fr,,Burkina Faso,,,autre,3,"SenMoto est une plateforme numérique qui centralise les annonces de motos et propose aux vendeurs des outils pour gérer et développer leur activité. Géolocalisation, communication avec les clients, rappels de rendez-vous et fonctionnalités basées sur l'intelligence artificielle font partie des services intégrés. Dans cet entretien accordé à Lefaso…",https://lefaso.net/spip.php?article149685=,filtered
2026-10-03,Avis de disparition de Boundaogo Nouria Salimatou,LeFaso.net,LeFaso.net,lefaso.net,fr,,Burkina Faso,,,autre,3,- Communiqués,https://lefaso.net/spip.php?article149710=,filtered
2026-10-03,15e édition des UACO : Rendez-vous du 7 au 9 octobre 2026,LeFaso.net,LeFaso.net,lefaso.net,fr,Ouagadougou,Burkina Faso,12.366,-1.534,autre,4,"La 15e édition des Universités africaines de la communication de Ouagadougou (UACO) se tient du 7 au 9 octobre 2026 à l'Université Joseph KI-ZERBO. Cette rencontre réunit les différents acteurs de l'écosystème de la communication, notamment les communicants, journalistes, publicitaires, enseignants, enseignants-chercheurs, chercheurs, étudiants, c…",https://lefaso.net/spip.php?article149709=,filtered
2026-10-03,ONG Children Believe : 16 jeunes diplômés terminent leur première expérience professionnelle,LeFaso.net,LeFaso.net,lefaso.net,fr,Ouagadougou,Burkina Faso,12.366,-1.534,autre,4,"Children Believe a remis, le vendredi 2 octobre 2026, des attestations de fin de stage à seize jeunes diplômés qui ont fait leurs premiers pas dans le milieu professionnel au sein de l'ONG. La remise s'est déroulée au cours d'une cérémonie de graduation et de réseautage organisée dans les locaux de l'organisation, à Ouagadougou. Arrivés le 27 juil…",https://lefaso.net/spip.php?article149708=,filtered
2026-10-03,Décès ZEZOUMA MARCEL DOMINIQUE MILLOGO : Remerciements,LeFaso.net,LeFaso.net,lefaso.net,fr,Bobo-Dioulasso,Burkina Faso,11.181,-4.295,autre,4,"La grande famille Millogo à Kundime, Selé, Selekwan, Yègèrèso, Wasala-La famille de feu Tolo Millogo à Kundime, Bobo-Dioulasso, Ouagadougou, Les familles alliées-Millogo à Kundime,-Zombré à Ouargaye,-Sanou à Sogosagaso, Baré, Leguema et Bama,-Koama, Bayala et Tiemtoré à Koudougou,-Sawadogo à Goupana et Bobo-Dioulasso,-Nikiema à Daguma,-Dembélé à O…",https://lefaso.net/spip.php?article149713=,filtered
2026-10-03,Burkina/JEPPC 2026 : Le général Célestin Simporé présente les mutations de l'armée et appelle à l'engagement patriotique,LeFaso.net,LeFaso.net,lefaso.net,fr,,Burkina Faso,,,sécurité,5,"Dans le cadre de la deuxième phase de la troisième édition des Journées nationales d'engagement patriotique et de participation citoyenne (JEPPC) couplée aux expositions gouvernementales, le ministre d'État, ministre de la Guerre et de la Défense patriotique, le général Célestin Simporé, a échangé avec les populations ce vendredi 2 octobre 2026, à…",https://lefaso.net/spip.php?article149704=,filtered
2026-10-03,Burkina/Rentrée judiciaire : Les mécanismes traditionnels appelés à rapprocher le droit des justiciables,LeFaso.net,LeFaso.net,lefaso.net,fr,,Burkina Faso,,,autre,3,"La rentrée judiciaire 2026-2027 s'est effectuée autour d'une réflexion sur l'apport des mécanismes traditionnels de règlement des différends à l'accès à la justice. À travers cette orientation, les acteurs judiciaires burkinabè souhaitent rapprocher l'institution judiciaire des réalités sociales et culturelles du pays, tout en préservant les garan…",https://lefaso.net/spip.php?article149696=,filtered
2026-10-03,"Les 100 Visages du Burkina Digital : Dr Issa Compaoré, l'homme qui a formé une génération d'informaticiens burkinabè",LeFaso.net,LeFaso.net,lefaso.net,fr,,Burkina Faso,,,autre,3,"À 14 jours de l'ouverture de Le Faso Digital 2026, nous poursuivons notre série consacrée aux femmes et aux hommes qui bâtissent le Burkina numérique. Cent personnalités, cent parcours. Aujourd'hui, nous mettons en lumière Dr Issa Compaoré, ingénieur, enseignant-chercheur et fondateur de l'Institut Supérieur de Technologies (IST), dont l'engagemen…",https://lefaso.net/spip.php?article149699=,filtered
2026-10-03,Burkina : Le « Made in Burkina » au cœur de la deuxième phase des JEPPC 2026,LeFaso.net,LeFaso.net,lefaso.net,fr,Ouagadougou,Burkina Faso,12.366,-1.534,autre,4,"La deuxième phase de la troisième édition des Journées nationales d'engagement patriotique et de participation citoyenne (JEPPC) s'est ouverte ce vendredi 2 octobre 2026 à Ouagadougou. Placée sous le thème « Produisons burkinabè, consommons burkinabè ! », elle invite les Burkinabè à faire de la production et de la consommation nationales des levie…",https://lefaso.net/spip.php?article149688=,filtered
2026-10-03,Consommer local : L'UEMOA veut transformer le marché régional en levier de souveraineté économique,LeFaso.net,LeFaso.net,lefaso.net,fr,,Burkina Faso,,,autre,3,"La Commission de l'UEMOA a ouvert, ce vendredi 2 octobre 2026, la conférence publique de la 7ᵉ édition du « Mois d'octobre, Mois du Consommer local ». Placée sous le thème « Consommer local, facteur d'intégration régionale et de souveraineté économique de l'UEMOA face aux mutations du commerce mondial », la rencontre entend faire du marché communa…",https://lefaso.net/spip.php?article149701=,filtered
2026-10-03,Match amical Burkina - Argentine : La FBF cherche une solution après l'annulation du vol vers Buenos Aires,LeFaso.net,LeFaso.net,lefaso.net,fr,,Burkina Faso,,,autre,3,"La Fédération burkinabè de football (FBF) recherche une solution pour permettre aux Étalons de rejoindre Buenos Aires, après l'annulation sans préavis du vol initialement prévu le 30 septembre pour le match amical Argentine–Burkina Faso, programmé le dimanche 4 octobre 2026 à 00h00 GMT. Cette annulation a contraint la délégation burkinabè à réamén…",https://lefaso.net/spip.php?article149707=,filtered
2026-10-03,Bobo-Dioulasso : La SONATUR conjugue responsabilité sociale et développement immobilier,LeFaso.net,LeFaso.net,lefaso.net,fr,Bobo-Dioulasso,Burkina Faso,11.181,-4.295,autre,4,"La Société nationale d'aménagement des terrains urbains (SONATUR) a consacré la journée du vendredi 2 octobre 2026 à une série d'activités à Bobo-Dioulasso. De la trame d'accueil de Dogona au site d'aménagement de Bindougousso, la délégation conduite par le ministre de la Construction de la Patrie, Mikaïlou Sidibé, a alterné gestes sociaux, lancem…",https://lefaso.net/spip.php?article149703=,filtered
2026-10-03,"Port obligatoire du casque : Fin de la tolérance, place à l'application stricte de la loi",LeFaso.net,LeFaso.net,lefaso.net,fr,Bobo-Dioulasso,Burkina Faso,11.181,-4.295,sécurité,6,"Le port du casque est désormais une obligation pleinement appliquée sur l'ensemble du territoire national. Ce jeudi 1er octobre 2026, premier jour de l'entrée en vigueur de la mesure, le ministre de la Sécurité, Mahamadou SANA, s'est rendu sur plusieurs artères de la ville de Bobo-Dioulasso pour constater son niveau d'application. Les observations…",https://lefaso.net/spip.php?article149689=,filtered
2026-10-03,JEPPC 2026 : La gendarmerie mobile expose son matériel de maintien de l'ordre au SIAO,LeFaso.net,LeFaso.net,lefaso.net,fr,Ouagadougou,Burkina Faso,12.366,-1.534,autre,4,"La deuxième phase des Journées nationales d'engagement patriotique et de participation citoyenne (JEPPC) s'est ouverte ce vendredi 2 octobre 2026 au Salon international de l'artisanat de Ouagadougou (SIAO). À cette occasion, les différents départements ministériels présentent au public leurs réalisations, leurs innovations ainsi que leurs outils d…",https://lefaso.net/spip.php?article149706=,filtered
2026-10-03,Sur les pas du Christ : 58 pèlerins burkinabè de retour de Terre sainte,LeFaso.net,LeFaso.net,lefaso.net,fr,Ouagadougou,Burkina Faso,12.366,-1.534,autre,4,"Après un séjour spirituel en Terre sainte organisé par l'agence Sainte Rita Voyage, 58 pèlerins catholiques ont regagné Ouagadougou ce vendredi 2 octobre 2026. À la paroisse cathédrale de Ouagadougou, ils ont partagé leur expérience de foi et les enseignements tirés de leur voyage sur les traces de Jésus-Christ. Ce deuxième groupe de pèlerins est…",https://lefaso.net/spip.php?article149705=,filtered
2026-10-03,Les enjeux de l’énergie et de l’eau en Afrique à l’ordre du jour de l’ouverture de la session du festival d’Assila,Sahara Médias,Sahara Médias,fr.saharamedias.net,fr,,Mauritanie,,,autre,3,"La 47e édition de la Saison culturelle internationale d’Assila, organisée par la Fondation Forum d’Assila, a débuté dans cette ville du nord du Maroc, par un colloque consacré à l’énergie, à l’eau et aux ressources africaines dans le contexte des mutations géopolitiques internationales, avec la participation de personnalités politiques, diplomatiq…",https://fr.saharamedias.net/les-enjeux-de-lenergie-et-de-leau-en-afrique-a-lordre-du-jour-de-louverture-de-la-session-du-festival-dassila/,filtered
2026-10-03,Un réseau de faussaires arrêté par la police et près de 250.000 euros contrefaits saisis,Sahara Médias,Sahara Médias,fr.saharamedias.net,fr,,Mauritanie,,,autre,3,La police mauritanienne a annoncé avoir démantelé un réseau criminel spécialisé dans l’importation et la mise en circulation de fausse monnaie étrangère sur le marché national. La police a déclaré jeudi que le Bureau central de lutte contre les stupéfiants et les substances psychotropes avait arrêté quatre personnes dans le cadre de cette affaire.…,https://fr.saharamedias.net/un-reseau-de-faussaires-arrete-par-la-police-et-pres-de-250-000-euros-contrefaits-saisis/,filtered
2026-10-03,"Un financement japonais : plus de 2 milliards MRO pour soutenir la formation, l’encadrement agricole et l’aide alimentaire",Sahara Médias,Sahara Médias,fr.saharamedias.net,fr,,Mauritanie,,,autre,3,"Le ministre des Affaires économiques et du Développement, Abdallahi Ould Souleimane Ould Cheikh Sidiya, a signé vendredi, avec l’ambassadeur du Japon en Mauritanie, Hiroyuki Ocheda, deux accords de financement d’un montant total de 800 millions de yens japonais, soit environ 203 millions de nouvelles ouguiyas (2,03 milliards d’anciennes ouguiyas),…",https://fr.saharamedias.net/un-financement-japonais-plus-de-2-milliards-mro-pour-soutenir-la-formation-lencadrement-agricole-et-laide-alimentaire/,filtered
2026-10-03,"En Egypte, des journalistes mobilisés pour réclamer la libération de six confrères",Le Monde Afrique,Le Monde Afrique,www.lemonde.fr,fr,,,,,autre,1,"« Le danger ne se limite pas à ces journalistes. Il concerne tous les journalistes indépendants », a déclaré à l’Agence France-Presse le journaliste Mostafa Bassiouny, présent au rassemblement.",https://www.lemonde.fr/actualite-medias/article/2026/10/03/en-egypte-des-journalistes-mobilises-pour-reclamer-la-liberation-de-six-confreres_6787826_3236.html,filtered
2026-10-03,"Dafroza Gauthier, après trente ans de traque des génocidaires rwandais réfugiés en France, est morte",Le Monde Afrique,Le Monde Afrique,www.lemonde.fr,fr,,,,,autre,1,"Grâce au Collectif des parties civiles pour le Rwanda (CPCR) que cette ingénieure avait fondé avec son époux Alain Gauthier, sept hommes impliqués dans le génocide des Tutsi en 1994 ont été définitivement condamnés par un tribunal français.",https://www.lemonde.fr/disparitions/article/2026/10/03/dafroza-gauthier-apres-trente-ans-de-traque-des-genocidaires-rwandais-refugies-en-france-est-morte_6787817_3382.html,filtered
2026-10-03,Comment l’administration Trump mène son offensive diplomatique contre le droit à l’avortement,Le Monde Afrique,Le Monde Afrique,www.lemonde.fr,fr,,,,,humanitaire,1,"Depuis le démantèlement brutal de l’Usaid, des accords bilatéraux, répondant aux intérêts américains, ont remplacé l’aide humanitaire. Le refus de subventionner la promotion ou la pratique de l’avortement en est l’une des dispositions, notamment en Afrique.",https://www.lemonde.fr/international/article/2026/10/03/comment-l-administration-trump-mene-son-offensive-diplomatique-contre-le-droit-a-l-avortement_6787812_3210.html,filtered
2026-10-03,Des millions de contraceptifs destinés à des pays africains sont bloqués depuis plus d’un an en Belgique sur décision de l’administration Trump,Le Monde Afrique,Le Monde Afrique,www.lemonde.fr,fr,,,,,autre,1,"Financés par l’Usaid, l’agence de développement de Washington, des millions de contraceptifs destinés en grande partie à des pays d’Afrique subsaharienne sont toujours bloqués dans des entrepôts en Belgique.",https://www.lemonde.fr/afrique/article/2026/10/03/des-millions-de-contraceptifs-destines-a-l-afrique-sont-bloques-depuis-plus-d-un-an-en-belgique-sur-decision-des-etats-unis_6787811_3212.html,filtered
2026-10-03,"Ethiopie : l’armée fédérale est entrée dans Makalé, capitale du Tigré, selon une source humanitaire",Le Monde Afrique,Le Monde Afrique,www.lemonde.fr,fr,,,,,humanitaire,3,"Après des mois de tensions, les combats avaient repris dans le nord de l’Éthiopie, opposant l’armée fédérale éthiopienne aux forces du Front de libération du peuple du Tigré - formation politique qui dirigeait de fait le Tigré depuis avril - et aux milices Fano de l’État voisin de l’Amhara.",https://www.lemonde.fr/afrique/article/2026/10/03/ethiopie-les-rebelles-du-tigre-quittent-makale-la-capitale-regionale-selon-un-journaliste-local_6787778_3212.html,filtered
2026-10-03,"En Guinée, la grâce présidentielle accordée à l’opposant Aliou Bah, condamné pour « offense et diffamation »",Le Monde Afrique,Le Monde Afrique,www.lemonde.fr,fr,,,,,autre,1,"Le président du Mouvement démocratique libéral est incarcéré depuis décembre 2024. Sa grâce, ainsi que celle de 216 autres détenus, a été décidée par le chef de l’Etat, Mamadi Doumbouya, à l’occasion de la fête de l’indépendance du pays, selon un décret présidentiel.",https://www.lemonde.fr/afrique/article/2026/10/03/en-guinee-la-grace-presidentielle-accordee-a-l-opposant-aliou-bah-condamne-pour-offense-et-diffamation_6787489_3212.html,filtered
2026-10-03,Ebola en RDC : le bilan de la pire épidémie de l’histoire du pays franchit 4 000 morts,Le Monde Afrique,Le Monde Afrique,www.lemonde.fr,fr,,,,,politique,1,"Le pays fait face à une flambée inédite du virus, mais la présence de groupes armés et la défiance d’une partie des populations locales entravent la lutte. Le chef de la diplomatie française, Jean-Noël Barrot, est sur place pour marquer le soutien de Paris aux autorités locales et aux humanitaires.",https://www.lemonde.fr/afrique/article/2026/10/03/ebola-en-rdc-la-pire-epidemie-de-l-histoire-du-pays-franchit-la-barre-des-4-000-morts_6787324_3212.html,filtered
2026-10-03,Mali : ouverture de la session ordinaire d’octobre du CNT,Malijet,Malijet,malijet.com,fr,,Mali,,,politique,3,"La session ordinaire d’octobre 2026 du Conseil national de Transition (CNT) s’ouvre ce lundi 5 octobre à 16h, dans la salle Djeli Baba Sissoko. La cérémonie sera présidée par le président du CNT, le Général de corps d’armée Malick Diaw.Prévue pour une durée de 75 jours, cette session sera notamment...",https://malijet.com/actualite_de_la_nation_malienne/312153-mali-ouverture-de-la-session-ordinaire-doctobre-du-cnt.html,filtered
2026-10-03,Reboisement à Tabakoro : le ministère de l’Urbanisme mobilise pour un Mali plus vert,Malijet,Malijet,malijet.com,fr,Bamako,Mali,12.609,-7.975,autre,4,"Le ministère chargé de l’Urbanisme a organisé, samedi 3 octobre 2026, une activité de reboisement sur le site des logements sociaux de Tabakoro, à Bamako. L’opération était présidée par le ministre Imirane Abdoulaye Touré, en présence de la ministre de l’Environnement, Doumbia Mariam Tangara, de res...",https://malijet.com/la_societe_malienne_aujourdhui/312152-reboisement-a-tabakoro-le-ministere-de-lurbanisme-mobilis.html,filtered
2026-10-03,Ségou : plus de 38 tonnes de produits alimentaires saisies par la DRLF,Malijet,Malijet,malijet.com,fr,Ségou,Mali,13.44,-6.259,autre,4,"La Direction du Renseignement et de la Lutte contre la Fraude (DRLF) a intercepté, dans la nuit du 26 au 27 septembre 2026 à Ségou, deux véhicules transportant des produits alimentaires présumés importés frauduleusement depuis un pays voisin.",https://malijet.com/les_faits_divers_au_mali/312151-segou-plus-de-38-tonnes-de-produits-alimentaires-saisies-p.html,filtered
2026-10-03,Approvisionnement : Un convoi de 643 camions-citernes arrive à Bamako sous escorte militaire,Malijet,Malijet,malijet.com,fr,Bamako,Mali,12.609,-7.975,sécurité,7,"Un important convoi de plus de 643 camions-citernes a fait son entrée dans la capitale malienne ce samedi 3 octobre 2026, vers 7 heures du matin, au terme d'une escorte nocturne assurée par les Forces armées maliennes (FAMa).",https://malijet.com/flash-info/312150-approvisionnement-un-convoi-de-643-camions-citernes-arrive.html,filtered
2026-10-03,"Coup d'état au Niger : L’Algérie dénonce une ""provocation"" et révèle son intervention militaire",Malijet,Malijet,malijet.com,fr,,Mali,,,sécurité,5,"Le président algérien, Abdelmadjid Tebboune, a réaffirmé avec force le soutien inconditionnel de son pays au Niger. Lors de sa rencontre régulière avec la presse nationale, le chef de l'État a dévoilé des détails inédits sur la réaction d'Alger face à la récente tentative de putsch, qualifiée d'acte...",https://malijet.com/actualite-sur-afrique/312149-coup-detat-au-niger-lalgerie-denonce-une-provocation-e.html,published-signal
2026-10-03,Koulikoro : La CANAM sensibilise les entreprises et les structures publiques à l'AMO et au RAMU,Malijet,Malijet,malijet.com,fr,Koulikoro,Mali,12.863,-7.56,autre,4,"Dans le cadre de la campagne périodique d'affiliation et de contrôle d'immatriculation auprès des entreprises publiques et privées au titre du premier semestre 2026, une équipe de la Caisse Nationale d'Assurance Maladie (CANAM) a séjourné dans la région de Koulikoro du 21 au 25 septembre 2026.",https://malijet.com/la_sante_au_mali/312148-koulikoro-la-canam-sensibilise-les-entreprises-et-les-stru.html,filtered
2026-10-03,"Le vice-Premier ministre, Limane Mahamat, à la tête d'une délégation gouvernementale, est arrivé ce 3 octobre 2026 à Miski, dans le département d’Emi-Koussi, province du Tibesti. Cette mission vise à suivre la mise en œuvre de l'accord de paix signé en avr - x.com",X indexé — @tchadinfos,Tchadinfos,news.google.com,fr,,Tchad,,,autre,3,"Le vice-Premier ministre, Limane Mahamat, à la tête d'une délégation gouvernementale, est arrivé ce 3 octobre 2026 à Miski, dans le département d’Emi-Koussi, province du Tibesti. Cette mission vise à suivre la mise en œuvre de l'accord de paix signé en avr x.com",https://news.google.com/rss/articles/CBMiYEFVX3lxTE1FQ1NjWnZ6XzhDcURja3NGNnE3c0VWaklUNGEzcnlYbzNHcE02dTJFRW9UMmh2TDBlelBsVmNOUjBxS2I0bXRKZTcxcy0yN3d4cmZUX2FEQWdqTUZBTXViNQ?oc=5,filtered
2026-10-02,"Insécurité au Mali : des écoles restent fermées, la rentrée scolaire perturbée",Google Actualités — Mali,bbc.com,news.google.com,fr,,Mali,,,autre,3,"Insécurité au Mali : des écoles restent fermées, la rentrée scolaire perturbée bbc.com",https://news.google.com/rss/articles/CBMiX0FVX3lxTE1XQlZMZmRZMXk2N19RejJaaDE4dEozSy1qNUdnZENhaWlvR2t0X3BZcXBweVF1N2RhcmZpajZJRmtnVU1YcFhneFVUUURjdGlYZmU2ZVNlUmVCTUZjcmRj0gFkQVVfeXFMTXprYkE3UVBvMlQwV3dlc2U3ajF2c2Uzc28ybHZocjFsQzBCM21LcE9PeUNBakRObld6SlBqWDFjZE1JYS1LR3g3NE9SOWxyZHZRV2pEbHJqSzhiSnZUVGlqZ0dGWg?oc=5,filtered
2026-10-02,Corps africain : attaque près de Niono au Mali,Google Actualités — Mali,dailybeirut.com,news.google.com,fr,Niono,Mali,14.251,-5.987,sécurité,6,Corps africain : attaque près de Niono au Mali dailybeirut.com,https://news.google.com/rss/articles/CBMilAFBVV95cUxQZ3Jldnc4ZU5wZ1l6SUQ2X21ZdkVrZkhvclhya2g2Si1jSW1uMFktQkdYU3A0NFFuNlFkZi04SHFhUWV2T3AyM3FJQ2tuS3c1RHZ0Sy04MWM1VGhMUGVVWlJ6VXZYTW1PeUZGdkJONkloRnlvbm1fMzUtM2IzT1haMmxZNzF4VDdmQWNLSk1GQ25OVHQw?oc=5,published-signal
2026-10-02,Uranium : Atomic Eagle nomme le pilote de sa relance au Niger,Google Actualités — Niger,africabusinessplus.com,news.google.com,fr,,Niger,,,autre,3,Uranium : Atomic Eagle nomme le pilote de sa relance au Niger africabusinessplus.com,https://news.google.com/rss/articles/CBMiqAFBVV95cUxPaEx2M200UXd3XzN6WnV3dnZjMEJHMThRUm5Wd1dzd05EZVluTTJWMG1QMEZBZks4WnZuRnEtZjZyOTlQd3FuN0JLelNmUVh6bXpHZDFuN2x2cURoRzU4SmdKZEt3QUV6aFpUTXVjNzVDaVVTeHdSa0I1M2VvZkQ0aHFXSkdtdU11Z1Q4dnRsUEtORlVfNmh4dkhfWm9RdkRBYmlBbTk0cjQ?oc=5,filtered
2026-10-02,Nigeria : la ligne électrique Kainji–Birnin Kebbi remise en service,Google Actualités — Niger,Journal du Niger,news.google.com,fr,,Niger,,,autre,3,Nigeria : la ligne électrique Kainji–Birnin Kebbi remise en service Journal du Niger,https://news.google.com/rss/articles/CBMiiwFBVV95cUxNM2pmR1NVX3ktY0ViOTBfWHhqMHYtOEZFdVoyeWloVWt5OG9RUklQMXV4QlJhQVdNeHdVR1VzeXMzMmd5RVZ6VVBHTWs2NmVnRnJjcTVickdZVnBRcUJ0Wk1kQWRxQjduZ1dhbG5PdzNkZ3A2R1h4M3Rkb3dyX3U4QkFaQ0hoWU9uSGxZ?oc=5,filtered
2026-10-02,Niger-Russie : Niamey évalue l’avancement des projets miniers avec Uranium One et Tenex,Google Actualités — Niger,Journal du Niger,news.google.com,fr,Niamey,Niger,13.514,2.11,autre,4,Niger-Russie : Niamey évalue l’avancement des projets miniers avec Uranium One et Tenex Journal du Niger,https://news.google.com/rss/articles/CBMie0FVX3lxTFB3eGFtT1h0WjliWWJVRGhGUkdUOHJOVDVnZmFpN19hcjJibG4wOFNId3NRQ2RUV3AwX1VrSUZZQVRsbktiY0pBeXlzYldqNVlJMzVmdWtueVM0dzFVQmZsTkdyMFBYbmpXak1yU2pNd2tOM0JNc2RXLXhEbw?oc=5,published-signal
2026-10-02,Le ministre de la Défense du Niger annonce la fin de la mutinerie à Niamey,Google Actualités — Niger,saba.ye,news.google.com,fr,Niamey,Niger,13.514,2.11,autre,4,Le ministre de la Défense du Niger annonce la fin de la mutinerie à Niamey saba.ye,https://news.google.com/rss/articles/CBMiVkFVX3lxTE1pOU9oVVlNTU1XdTJzTUtqNUJzQ2dpbUlTcDFfUWRjSnp6QV9YU1BCNnFMeHMzQndaWml3SXotaXB2VDVxbTh0c1pEVl9EQ3hnUnRUWk93?oc=5,published-signal
2026-10-02,Niger : le ministre inspecte les chantiers routiers à Tillabéri,Google Actualités — Niger,Journal du Niger,news.google.com,fr,Tillabéri,Niger,14.207,1.454,autre,4,Niger : le ministre inspecte les chantiers routiers à Tillabéri Journal du Niger,https://news.google.com/rss/articles/CBMiggFBVV95cUxNUTlZTVlyNzE5VGM0R3ZiLVRxeE5hQTV3eUJzbFpyU0EweUJ1cFlqWnU3OUNCWWlIWE9hc05vbFJUaC1PbnhGS1hEM0tKRVNrVnBBY29LZGZuWVZkNU5nYlRZVjYyMnBlR1cteDd6UWN3RTZWWV9MR0pZeThYSzFxZld3?oc=5,published-signal
2026-10-02,Niger-Russie : Abdourahamane Tiani appelle à accélérer les projets de coopération,Malijet,Malijet,malijet.com,fr,,Mali,,,autre,3,"Une délégation russe, emmenée par le ministre de l'Énergie Sergueï Tsivilev, a été reçue au palais de la présidence par le chef de l'État nigérien, le général Abdourahamane Tiani, le vendredi 2 octobre 2026.",https://malijet.com/actualite-sur-afrique/312145-niger-russie-abdourahamane-tiani-appelle-a-accelerer-les-p.html,filtered
2026-10-02,"Météo à Dirgya, Diffa heure par heure",Google Actualités — Niger,SpaceRef,news.google.com,fr,Diffa,Niger,13.315,12.611,autre,4,"Météo à Dirgya, Diffa heure par heure SpaceRef",https://news.google.com/rss/articles/CBMiXkFVX3lxTE0xazNnS0RTVkEzOXBUcW9pQTZ5cUxaZjNMejJ5MkhMbVg2bXZYMWt2RTRzRnQ1ODdTWHVhSG8tS0J4bTZFaVpyUEtqLVlhVldFYXJSUVBlYlZyamw1MXc?oc=5,published-signal
2026-10-02,"Niger - Mise à jour des messages clés : Les déficits pluviométriques ont affecté négativement la production agricole et pastorale, Septembre 2026 - Janvier 2027",Google Actualités — Niger,ReliefWeb,news.google.com,fr,,Niger,,,autre,3,"Niger - Mise à jour des messages clés : Les déficits pluviométriques ont affecté négativement la production agricole et pastorale, Septembre 2026 - Janvier 2027 ReliefWeb",https://news.google.com/rss/articles/CBMilAJBVV95cUxNWjBCckhhWUdBOElRT2FzVm9nUm5XelRzWDA4N1ktbmM4X1A2OS1wMFRVc3Q0OXlFUlo5UlRNZkx0SVJuTjFtYmpBVm1rSHNhUnlVNjVwZ0VHSm9nc0pPbDBGdHJhOVhwQUhLcHUtcy11RnQ2bkpxY1VqZTVsQTVEejRtcXJwb2NGNlJldEM4cXRzMXhHaDJIdm5EdmdDbU80UE5ZdmM4emM1U09tbERnaDVyeC13UnN2LXpkN3VsaWRvWVlnT0JWR2VfOU90Y1FDa0d6TmlzT2FydTA4a0lIcDNwcjlPQTZyVFR5Q2JtdUNzbFRyN1FWcEJ0ajdqZWo1bjVxdXY1LTVaS2NDcEJKbXRHS3o?oc=5,filtered
2026-10-02,Don de sang : les agents du ministère des Mines renforcent les réserves du CNTS,Google Actualités — Niger,Journal du Niger,news.google.com,fr,,Niger,,,autre,3,Don de sang : les agents du ministère des Mines renforcent les réserves du CNTS Journal du Niger,https://news.google.com/rss/articles/CBMiiwFBVV95cUxNdGh5MS1tMHJXZ2ZSdFV1Z0JER0dRdFpoR0pibk8tb2ZySFk1MVcxejVnTE9vYkx3M0pDWFN0MFpQVUFySWJVcGlqZW5pYm1KeVNJOV9YbEFpdTEwNG52Vk5SQlRDa1FkYl9YenVrd1lVQ3AwbUdELW5WVnItQ1FuSGE3UDNfdzhzSDlR?oc=5,filtered
2026-10-02,Niger : les volontaires de l’AES proposent une agence confédérale,Google Actualités — Niger,Journal du Niger,news.google.com,fr,,Niger,,,autre,3,Niger : les volontaires de l’AES proposent une agence confédérale Journal du Niger,https://news.google.com/rss/articles/CBMihgFBVV95cUxOMmRZN0VpQ1hvTTFkQW82ZFllYl8zNUE0MUh5TEpTZW5uR0FUS1JQbWQwRXNtUkl3RHpkZ3A2SGNyam5qWFZPWV96Y2JWd3lwTWhXSXMzclkxZmRjTHEwd3B4cnRrLVlxcVBpWm1oN3hPSnBBRFNqSm9kX2dlRE1xMHc0TW1BQQ?oc=5,filtered
2026-10-02,Le journal de l’Afrique de l’Ouest du vendredi 02 octobre 2026,Google Actualités — Burkina Faso,africa24tv.com,news.google.com,fr,,Burkina Faso,,,autre,3,Le journal de l’Afrique de l’Ouest du vendredi 02 octobre 2026 africa24tv.com,https://news.google.com/rss/articles/CBMijAFBVV95cUxOM3A4a3ZHblZhTWtFU0JhQXJ5OTZZTl9ISWQ1TU9lVUwxQkxLX083RW5uSzYwTnBQMzdHTDBEQVBfa0J0eGtTRDBVdjI4NEtSdlUwSUR4Q0RSOHQzR3FEU2xsNFJPLXlkeE1KS3ZicEMza0RwVGxCNTctV3BxbXczODMyMzJfR05pNFhiTw?oc=5,filtered
2026-10-02,L'Algérie condamne avec la plus grande fermeté l'attaque ayant ciblé une station de distribution d'électricité à Médine,Google Actualités — Burkina Faso,aps.dz,news.google.com,fr,,Burkina Faso,,,sécurité,5,L'Algérie condamne avec la plus grande fermeté l'attaque ayant ciblé une station de distribution d'électricité à Médine aps.dz,https://news.google.com/rss/articles/CBMiigJBVV95cUxPeEZKaWE1Q3N6R1FZb2g2WHVJRDRIRGJFTGFIVXFKZUtNT2gwWHlIWVhOUnE5TVRLcUFObmJhdWZ4SjlXRDE3MnBkY0NQWGJZRnQ4cmpYZ3RKdnV0NzRhemRGWjdYdzg2bWFSOVVyTVQwdm5wUktqWmVqdHY5Ukd5dTNGbFdMeUp1N2gweDZfT0tWZ2FXWDFrN0RqZ1ZOUGN1bHFzX1Utam5pTWN6OEJHdng0d09Id3dTUkpRX0pTRXQ0WUwxTTZ0WVFlUzVEYUdJT2ktTXk5dm5QUFpUTnllanVkci02RmpqQjFKcTRpMmZxUGl5ZHV3VWUxODhORWxXYmh5MjA1clprUQ?oc=5,published-signal
2026-10-02,Argentine – Burkina Faso : les compos probables avant le choc,Google Actualités — Burkina Faso,AfricaFoot,news.google.com,fr,,Burkina Faso,,,autre,3,Argentine – Burkina Faso : les compos probables avant le choc AfricaFoot,https://news.google.com/rss/articles/CBMiiAFBVV95cUxOZGg3Mi03ejNDa0twQmE3azE0OUVxaHo5VFFHWXp2aDU3OHVSSS1ITUVIeUdQejJXNEdyNktocmdjRFdscFdrLVZ6bkc0ZG1PY0R5blM3M3hFWUwxaXhfTXdHUTRDYzVUMjBWVUVqZTBQZUdzZ3FUVXZubUdVS0lrNDRCbFhvUUtl?oc=5,filtered
2026-10-02,Burkina Faso vs Argentine : les compos probables avant le choc,Google Actualités — Burkina Faso,226foot.com,news.google.com,fr,,Burkina Faso,,,autre,3,Burkina Faso vs Argentine : les compos probables avant le choc 226foot.com,https://news.google.com/rss/articles/CBMiiAFBVV95cUxObHljT045RERHeExtUzBkV0NsZXpPanN0UzhxVC1ZdUtmd3RiMFRoaFYwQ3dCeE5Mc2RPUkpFVzY2S00xRXBuQXgxTDM4U1dHQXRmdHNGU1hCQlZOQ0NTRnRjUUszUDlzZXpEbHU0bzNRUHhQTUxoZWpmeWZZZ2dicFBETE5HX0E5?oc=5,filtered
2026-10-02,Pronostic Argentine vs Burkina Faso 03 Octobre 2026,Google Actualités — Burkina Faso,dailysports.net,news.google.com,fr,,Burkina Faso,,,autre,3,Pronostic Argentine vs Burkina Faso 03 Octobre 2026 dailysports.net,https://news.google.com/rss/articles/CBMiwwFBVV95cUxOSlpsS3AwVkN3QUVDcThGb3hRU3hJWVZIZl9uWFpORlhWRFpMUGZHckx2MFc5VE1zQWsxZ0FISW9PWHNMTG81ZmR0S2JKZWQxZ0xKQXV6eEZQSkFiYXZDcUg5b3NUanZCR1dkd2FZUExaY3dLNDE4NmhRWGtoNHVHd0Vqc3dRaWNDZW1wMTNwT2pncDg4MFJSWDJaVXR1WF9HSWhKemRWczlWSnBlWHpzZ2thME0wQXJmQnpzcWpMXzZHZFU?oc=5,filtered
2026-10-02,Mauritanie : une zone industrielle de 800 hectares en projet au sud de Nouakchott,Google Actualités — Mauritanie,Capmad,news.google.com,fr,Nouakchott,Mauritanie,18.086,-15.979,autre,4,Mauritanie : une zone industrielle de 800 hectares en projet au sud de Nouakchott Capmad,https://news.google.com/rss/articles/CBMirwFBVV95cUxOaTdTNkJNTEoxSExVeXI3NkhCNlJZdnloZVoxMjZFYlBiSTE1bF9HbWJ4TlZaYWswQWtvNkNlT3RlZzlyTW91VklnVXJ5UTVtc3ZjT0RVclRHeXE0STdTRm13dzNHYTZGckVEbUROUE1tY1k5QldLOURhSHA4bUthb2RvSXlFYmRiTTdaOXZkdV9wZG5tLXdFbG50bEwwLTRYc1pwcHVZQVM3VWVkcGw4?oc=5,published-signal
2026-10-02,Mauritanie: la réforme de l'enseignement primaire «vise l'extinction complète du privé»,Google Actualités — Mauritanie,AOL.com,news.google.com,fr,,Mauritanie,,,autre,3,Mauritanie: la réforme de l'enseignement primaire «vise l'extinction complète du privé» AOL.com,https://news.google.com/rss/articles/CBMimwFBVV95cUxNbUR4Q3NuSktZaVh5QzhTVjY4d3lwZGtfU0ptRjFOcEE2UEl3VWl4UzI2UFBNTDA0di1XVGJSVkRmLXNnaC1xZGhyZURZaGtEQWxOR2hfOUNPb3RMcm9XenctMmlkb0N3b1dsVFViYVJvSVFsenJRbHRvclFobm4xX3F1MlcxMlVnc1VvUVNfNlpwNnp1RDdFaGhQRQ?oc=5,filtered
2026-10-02,La Mauritanie condamne le ciblage de la station « Taïba » et réaffirme sa solidarité avec l’Arabie saoudite,Google Actualités — Mauritanie,Cridem,news.google.com,fr,,Mauritanie,,,autre,3,La Mauritanie condamne le ciblage de la station « Taïba » et réaffirme sa solidarité avec l’Arabie saoudite Cridem,https://news.google.com/rss/articles/CBMiW0FVX3lxTE1QVFkxU3dMZWlIdHo5eV8xdjhUcU9hdDNkMGJrVGVGRkJUdUx5Y0lPZ1FyS0RGX0w0dlEwQS1fUmp6X2w2ZldPQzVoRllUa1JfUjFGME1BNDZGQTg?oc=5,filtered
2026-10-02,STRICTEMENT CONFIDENTIEL / Bruxelles prépare une nouvelle carte militaire pour Nouakchott,Google Actualités — Mauritanie,Points Chauds Online,news.google.com,fr,Nouakchott,Mauritanie,18.086,-15.979,sécurité,6,STRICTEMENT CONFIDENTIEL / Bruxelles prépare une nouvelle carte militaire pour Nouakchott Points Chauds Online,https://news.google.com/rss/articles/CBMitAFBVV95cUxOQVNDeVhvM0ZHaHpqRHJNUWpZSDd3eUpOVVdhR0g2V3phd0NVOFRCdkVGampMXzg2b21KU1QxazRrQ3ZuZHZRYTVIc0t3X0FIMklueGNuTkozRFptY3FCNlg2YlZ2Q3B2SndXTmprMlo1eU1IcmNaSlRVR2hwUzc3Wl95QUx6dGNYclVEOVdpOC1uTzZnN1lyNlp1VTVIR1FGVmFEQlF0VG9oQW9URTNWcUdYYWs?oc=5,published-signal
2026-10-02,La Mauritanie et le Japon signent des documents de subvention pour financer des programmes d’aide alimentaire et de développement,Google Actualités — Mauritanie,الوكالة الموريتانية للأنباء,news.google.com,fr,,Mauritanie,,,autre,3,La Mauritanie et le Japon signent des documents de subvention pour financer des programmes d’aide alimentaire et de développement الوكالة الموريتانية للأنباء,https://news.google.com/rss/articles/CBMiSEFVX3lxTFBCaFE2SzJGcm1DS1pBUThLaE1tSk44cEZqTkJfaXZYS0U0VzBkU3RJejA2Zjl6YUZfODJhbUJESVNSRkRXbnkxOA?oc=5,filtered
2026-10-02,Mauritanie : L'Arabie saoudite accuse les Houthis d'avoir attaqué la ville sainte de Médine,Google Actualités — Mauritanie,Cridem,news.google.com,fr,,Mauritanie,,,sécurité,5,Mauritanie : L'Arabie saoudite accuse les Houthis d'avoir attaqué la ville sainte de Médine Cridem,https://news.google.com/rss/articles/CBMiYEFVX3lxTE0yYVRCUXJTMEhuZlBpMUdYSFh1M1JWWUpuLUJrRkIxVmpMZE1BaDBfb0IxT3NhRDhoT0RsTFh1RWcxY0lxblUxU1ozUms0MWJtZ0tfcWc2dlhXRWNfV0xxcg?oc=5,published-signal
2026-10-02,"Signature de deux conventions entre la Mauritanie et le Japon, d'un montant de 203 millions MRU",Google Actualités — Mauritanie,Cridem,news.google.com,fr,,Mauritanie,,,autre,3,"Signature de deux conventions entre la Mauritanie et le Japon, d'un montant de 203 millions MRU Cridem",https://news.google.com/rss/articles/CBMiWEFVX3lxTE9SR0ZtdFBYT0ptUHh6Y0xHMlczWlJRTk9UaS1EU294R1RaQjZSRVotV0ltdDZGSHA5bC00OW5Lall2VVlIWGdhNFNCOHZ1NVRxWVhBSnBMNDE?oc=5,filtered
2026-10-02,L'Arabie saoudite accuse les Houthis d'avoir attaqué la ville sainte de Médine,Google Actualités — Mauritanie,Cridem,news.google.com,fr,,Mauritanie,,,sécurité,5,L'Arabie saoudite accuse les Houthis d'avoir attaqué la ville sainte de Médine Cridem,https://news.google.com/rss/articles/CBMiWEFVX3lxTE96NG5fVkttbDQtZnBqUmdZRzBkS28tOVRQb1ZsMnlJNlBuM2ZIa1A3OHRjMEVLUm5la3paNzZzVU5TMG5pSk9EREtZVnhFWU9BQlNJZHIydDg?oc=5,published-signal
2026-10-02,"Jeux olympiques de la jeunesse 2026 au Sénégal : la ministre des Sports, invitée de France 24",France 24 Afrique,France 24 Afrique,www.france24.com,fr,,,,,autre,1,"Pour la première fois de l'histoire, le continent africain accueille des Jeux olympiques, du 31 octobre au 13 novembre. Quelque 2 700 jeunes athlètes issus de 206 pays sont attendus à Dakar, Diamniadio et Saly. La mascotte Ayo a été dévoilée, 23 000 bénévoles ont candidaté, les infrastructures sont quasi finalisées. Mais le Sénégal est-il prêt ? D…",https://www.france24.com/fr/%C3%A9missions/journal-de-l-afrique/20261002-tunisie-le-d%C3%A9cret-loi-54-assoupli-la-peine-de-prison-pour-une-premi%C3%A8re-infraction-dispara%C3%AEt,filtered
2026-10-02,Guinée-Bissau : le retour d'Embalo bloqué pour raisons de sécurité,France 24 Afrique,France 24 Afrique,www.france24.com,fr,,,,,sécurité,3,"🇬🇼 En Guinée-Bissau, les militaires au pouvoir depuis le coup d'Etat de novembre 2025 bloquent le retour de l’ex-président Umaro Sissoco Embalo, invoquant des raisons de sécurité. En exil au Maroc, Embalo avait annoncé il y a quelques jours son retour au pays et sa candidature à la présidentielle du 6 décembre.",https://www.france24.com/fr/vid%C3%A9o/20261002-guin%C3%A9e-bissau-le-retour-d-embalo-bloqu%C3%A9-pour-raisons-de-s%C3%A9curit%C3%A9,filtered
2026-10-02,RD Congo : les combats dans l’Est persistent malgré les efforts de paix,France 24 Afrique,France 24 Afrique,www.france24.com,fr,,,,,sécurité,3,"En RD Congo, les combats se poursuivent dans l’est du pays, malgré les différents processus de paix engagés ces derniers mois. À l’ONU, Kinshasa et Kigali s’accusent mutuellement de ne pas respecter leurs engagements. Les précisions de la correspondante de France 24 à Kinshasa, Aurélie Bazzara-Kibangula.",https://www.france24.com/fr/vid%C3%A9o/20261002-rd-congo-les-combats-dans-l-est-persistent-malgr%C3%A9-les-efforts-de-paix,filtered
2026-10-02,Côte d’Ivoire : le difficile combat contre l’orpaillage illégal,France 24 Afrique,France 24 Afrique,www.france24.com,fr,,,,,sécurité,3,"En Côte d’Ivoire, l’exploitation artisanale de l’or connaît un essor, notamment dans les sites clandestins. Les autorités veulent mettre fin à l’orpaillage illégal, accusé de dégrader les terres et de polluer les cours d’eau, et ont renforcé les sanctions. Mais sur le terrain, la lutte se heurte à une réalité économique : pour de nombreux jeunes,…",https://www.france24.com/fr/vid%C3%A9o/20261002-c%C3%B4te-d-ivoire-le-difficile-combat-contre-l-orpaillage-ill%C3%A9gal,filtered
2026-10-02,Sénégal : un podcast pour retracer la vie des tirailleurs sénégalais,France 24 Afrique,France 24 Afrique,www.france24.com,fr,,,,,autre,1,"Ils ont combattu loin de chez eux, au nom de la France, mais leur histoire reste encore largement méconnue. À Dakar, une nouvelle série de podcasts en français et en wolof, « Mémoires de tirailleurs », entend faire revivre leur parcours. Le projet a été présenté cet après-midi par la Maison de l’Oralité Keur Leyti, en partenariat avec l’ambassade…",https://www.france24.com/fr/vid%C3%A9o/20261002-s%C3%A9n%C3%A9gal-un-podcast-pour-retracer-la-vie-des-tirailleurs-s%C3%A9n%C3%A9galais,filtered
2026-10-02,RD Congo : le ministre Jean-Noël Barrot attendu pour soutenir la lutte contre Ebola,France 24 Afrique,France 24 Afrique,www.france24.com,fr,,,,,autre,1,"En République démocratique du Congo, les autorités sanitaires intensifient la lutte contre Ebola, alors que le pays fait face à sa 17e épidémie. Des laboratoires mobiles ont été déployés dans l’Est pour accélérer le dépistage et obtenir les résultats en moins de 24 heures, tandis que les soignants doivent aussi composer avec la défiance et les att…",https://www.france24.com/fr/vid%C3%A9o/20261002-rd-congo-le-ministre-jean-no%C3%ABl-barrot-attendu-pour-soutenir-la-lutte-contre-ebola,filtered
2026-10-02,"Éthiopie : reprise des combats, Addis-Abeba sous tension",France 24 Afrique,France 24 Afrique,www.france24.com,fr,,,,,sécurité,3,"Plusieurs explosions d'origine inconnue ont été entendues dans la nuit dans la capitale éthiopienne, Addis Abeba, au quartier général des forces armées fédérales engagées dans un nouveau conflit contre des groupes antigouvernementaux dans le nord du pays. Les précisions de Tom Canetti pour France 24.",https://www.france24.com/fr/vid%C3%A9o/20261002-%C3%A9thiopie-reprise-des-combats-addis-abeba-sous-tension,filtered
2026-10-02,Burundi : Bujumbura accepte d’accueillir des expulsés des États-Unis,France 24 Afrique,France 24 Afrique,www.france24.com,fr,,,,,autre,1,"Le Burundi a annoncé à son tour accepter d’accueillir des personnes expulsées des États-Unis vers un pays tiers. Bujumbura n’a toutefois précisé ni le nombre de personnes concernées ni leur date d’arrivée. Cette décision intervient alors que Washington accélère sa politique d’expulsions, tandis que près de 188 000 Burundais sont eux-mêmes réfugiés…",https://www.france24.com/fr/vid%C3%A9o/20261002-burundi-bujumbura-accepte-d-accueillir-des-expuls%C3%A9s-des-%C3%A9tats-unis,filtered
2026-10-02,"En cavale depuis 20 ans, Joseph Kony toujours ""actif"" au sein de l’Armée de résistance du Seigneur",France 24 Afrique,© AP,www.france24.com,fr,,,,,sécurité,3,"Ces derniers mois, l'est de la Centrafrique a été frappé par plusieurs attaques attribuées à l’Armée de résistance du Seigneur (LRA), milice ougandaise tristement célèbre pour ses massacres et enlèvements d'enfants de masse dans les années 1990 et 2000. Recherché par la Cour pénale internationale depuis plus de 20 ans, son chef, Joseph Kony, demeu…",https://www.france24.com/fr/afrique/20261002-cavale-depuis-20-ans-joseph-kony-toujours-actif-arm%C3%A9e-r%C3%A9sistance-seigneur-ouganda-cpi,filtered
2026-10-02,Mémoires de tirailleurs : l'histoire des tirailleurs sénégalais en 10 podcasts,France 24 Afrique,France 24 Afrique,www.france24.com,fr,,,,,sécurité,3,"🇸🇳 À Dakar, une nouvelle série de podcasts en français et en wolof veut faire revivre l’histoire des tirailleurs sénégalais, ces soldats africains ayant combattu pour la France loin de chez eux. ""Mémoires de tirailleurs"" entend transmettre une histoire encore largement méconnue.",https://www.france24.com/fr/vid%C3%A9o/20261002-m%C3%A9moires-de-tirailleurs-l-histoire-des-tirailleurs-s%C3%A9n%C3%A9galais-en-10-podcasts,filtered
2026-10-02,"Première ministre au Maroc, tensions Érythrée-Éthiopie, Embalo attendu en Guinée-Bissau : l’hebdo Afrique",France 24 Afrique,"© Abdel Majid Bziouat, AFP",www.france24.com,fr,,,,,autre,1,"Première ministre au Maroc, tensions Érythrée-Éthiopie, Embalo attendu en Guinée-Bissau : l’hebdo Afrique",https://www.france24.com/fr/afrique/20261002-premi%C3%A8re-ministre-au-maroc-tensions-%C3%A9rythr%C3%A9e-%C3%A9thiopie-embalo-attendu-en-guin%C3%A9e-bissau-l-hebdo-afrique,filtered
2026-10-02,"Le 3 octobre, l’Allemagne célèbre sa réunification",DW Afrique,DW Afrique,www.dw.com,fr,,,,,autre,1,"Le 3 octobre 1990, la réunification allemande mettait fin à quatre décennies de division entre la République fédérale allemande (RFA) et la République démocratique allemande (RDA).",https://www.dw.com/fr/le-3-octobre-l-allemagne-célèbre-sa-réunification/a-79522722?maca=fra-rss-fre-all-1482-xml-mrss,filtered
2026-10-02,Éthiopie : quels sont les risques d'extension du conflit ?,DW Afrique,DW Afrique,www.dw.com,fr,,,,,sécurité,3,"Plus d'une semaine après la reprise des affrontements dans le nord de l'Éthiopie, les relations se tendent aussi entre Addis-Abeba et ses voisins.",https://www.dw.com/fr/éthiopie-quels-sont-les-risques-d-extension-du-conflit/a-79523108?maca=fra-rss-fre-all-1482-xml-mrss,filtered
2026-10-02,"Sidya Touré, un dernier voyage vers Abidjan plutôt que Conakry",DW Afrique,DW Afrique,www.dw.com,fr,Batié,Burkina Faso,9.883,-2.917,autre,4,"Sa famille a choisi la Côte d’Ivoire pour l'inhumer, pays où il est né, où il a bâti une grande partie de sa carrière et où il avait retrouvé refuge ces dernières années.",https://www.dw.com/fr/sidya-touré-un-dernier-voyage-vers-abidjan-plutôt-que-conakry/a-79524044?maca=fra-rss-fre-all-1482-xml-mrss,filtered
2026-10-02,L'Allemagne s'est imposée contre la Serbie (2-0). Florian Wirtz a été impliqué dans les deux buts de la Mannschaft.,DW Afrique,DW Afrique,www.dw.com,fr,,,,,autre,1,L'Allemagne s'est imposée contre la Serbie (2-0). Florian Wirtz a été impliqué dans les deux buts de la Mannschaft.,https://www.dw.com/fr/l-allemagne-s-est-imposée-contre-la-serbie-2-0-florian-wirtz-a-été-impliqué-dans-les-deux-buts-de-la-mannschaft/a-79516710?maca=fra-rss-fre-all-1482-xml-mrss,filtered
2026-10-02,Sahel : rentrée scolaire sous la menace de l’insécurité,DW Afrique,DW Afrique,www.dw.com,fr,,Mali,,,autre,3,"C'est la période de la rentrée scolaire dans les pays de l'Alliance des Etats du Sahel (AES). Mais, au Mali, au Burkina Faso et au Niger, des milliers d'enfants risquent de ne pas pouvoir retrouver les bancs de l'école.",https://www.dw.com/fr/sahel-rentrée-scolaire-sous-la-menace-de-l-insécurité/a-79511361?maca=fra-rss-fre-all-1482-xml-mrss,filtered
2026-10-02,Octobre Rose : le traitement du cancer du sein reste un défi au Mali,Studio Tamani,Studio Tamani,www.studiotamani.org,fr,,Mali,,,autre,3,"Octobre Rose, mois consacré à la sensibilisation et à la lutte contre le cancer du sein, a débuté hier. Au Mali, les activités mettent l’accent sur la sensibilisation et le dépistage gratuit. Malgré ces initiatives, l’accès aux soins et aux traitements reste difficile pour de nombreux patients. Selon Faye Kadiatou Kanté, présidente de la Ligue […]…",https://www.studiotamani.org/208594-octobre-rose-le-traitement-du-cancer-du-sein-reste-un-defi-au-mali,filtered
2026-10-02,Diaspora malienne : comment transmettre la culture aux enfants ?,Studio Tamani,Studio Tamani,www.studiotamani.org,fr,,Mali,,,autre,3,"Vivre loin du pays tout en restant attaché à sa culture, un défi auquel sont confrontées de nombreuses familles de la diaspora malienne. Comment transmettre aux enfants les traditions et valeurs culturelles du pays lorsqu’ils grandissent dans un environnement culturel différent ?C’est le sujet au cœur du Club Tamani ce soir. Pour y répondre, nous…",https://www.studiotamani.org/208559-diaspora-malienne-comment-transmettre-la-culture-aux-enfants,filtered
2026-10-02,Faux communiqué sur l’arrêt du Fonds de soutien sur les crédits : le ministère de l’Économie dément.,Studio Tamani,Studio Tamani,www.studiotamani.org,fr,,Mali,,,autre,3,"Un faux communiqué attribué au ministère de l’Économie et des Finances annonce la clôture, à compter du 1er octobre, du Fonds de soutien sur les crédits. Le département dément en être à l’origine. « Aucune nouvelle demande ne serait acceptée au titre du Fonds de soutien sur les crédits ». Dans ce document présenté comme […] L’article Faux communiq…",https://www.studiotamani.org/208576-faux-communique-sur-larret-du-fonds-de-soutien-sur-les-credits-le-ministere-de-leconomie-dement,filtered
2026-10-02,LES TITRES DU 2 OCTOBRE 2026,Studio Tamani,Studio Tamani,www.studiotamani.org,fr,,Mali,,,autre,3,"Ci-dessous, écoutez le développement de ces titres dans nos journaux en français et en langues nationales : Français Bambara Sonrhai Peulh Tamasheq L’article LES TITRES DU 2 OCTOBRE 2026 est apparu en premier sur Studio Tamani - Informations, débats, magazines : toute l’actualité du Mali, en 5 langues .",https://www.studiotamani.org/208580-les-titres-du-2-octobre-2026,filtered
2026-10-02,San : une citoyenne distinguée pour son engagement dans la déclaration des naissances,Studio Tamani,Studio Tamani,www.studiotamani.org,fr,San,Mali,13.297,-4.896,autre,4,"À San, Rokia Diarra, de la commune rurale de Ouolon, a reçu mercredi 30 septembre 2026 une attestation de reconnaissance pour son engagement dans la déclaration des actes de naissance dans son village. Selon le maire de Ouolon, Rokia Diarra accompagne les familles tout au long du processus, de la déclaration jusqu’à l’obtention des extraits […] L’…",https://www.studiotamani.org/208567-san-une-citoyenne-distinguee-pour-son-engagement-dans-la-declaration-des-naissances,filtered
2026-10-02,Maradi : quelles solutions pour l’éducation des enfants réfugiés ?,Studio Kalangou,Studio Kalangou,www.studiokalangou.org,fr,Maradi,Niger,13.5,7.102,autre,4,"Listen to « Maradi : quelles solutions pour l’éducation des enfants réfugiés ? » on Spreaker. L’éducation des enfants réfugiés dans la région de Maradi est au centre de cette émission. Les déplacements de populations et l’accueil des réfugiés posent plusieurs défis au système éducatif : accès à l’école, insuffisance des salles de classe, manque d’…",https://www.studiokalangou.org/142676-maradi-quelles-solutions-education-enfants-refugies,filtered
2026-10-02,"En bref: Rentrée Scolaire, Agriculture, Jeunesse… les faits marquants de la semaine",Studio Kalangou,Studio Kalangou,www.studiokalangou.org,fr,Niamey,Niger,13.514,2.11,autre,4,Lundi 28 septembre 2026 Niamey accueille la troisième Université d’été des volontaires de l’AES La troisième édition de l’Université d’été des volontaires de l’Alliance des États du Sahel se déroule à Niamey du 28 au 30 septembre 2026. La rencontre vise à créer un cadre d’échange et de concertation entre les jeunes volontaires […],https://www.studiokalangou.org/142663-en-bref-rentree-scolaire-agriculture-jeunesse-les-faits-marquants-de-la-semaine,filtered
2026-10-02,Vulgarisation des chantiers de l'UEMOA : La commission salue le professionnalisme des journalistes et réaffirme son soutien,LeFaso.net,LeFaso.net,lefaso.net,fr,Ouagadougou,Burkina Faso,12.366,-1.534,autre,4,"La 6e session de sensibilisation et d'information des journalistes des États membres de l'Union économique et monétaire ouest africaine (UEMOA), tenue du 14 au 18 septembre 2026 à Ouagadougou, a pris fin sur une note de reconnaissance envers les professionnels des médias. À la cérémonie de clôture, la conseillère technique en communication du prés…",https://lefaso.net/spip.php?article149702=,filtered
2026-10-02,Burkina : La 5ᵉ édition de Translog Africa se tiendra du 20 au 22 octobre 2026,LeFaso.net,LeFaso.net,lefaso.net,fr,Ouagadougou,Burkina Faso,12.366,-1.534,autre,4,"La 5ᵉ édition du Symposium international sur le transport et la logistique en Afrique (Translog Africa) se tiendra du 20 au 22 octobre 2026 à Ouagadougou. L'information a été donnée ce jour, 2 octobre 2026, au cours d'une conférence de presse animée par la directrice générale du Conseil burkinabè des chargeurs, Denise Bado/Bouda, également préside…",https://lefaso.net/spip.php?article149695=,filtered
2026-10-02,Décès de El-Hajj NANA SOUMAILA : Remerciements,LeFaso.net,LeFaso.net,lefaso.net,fr,,Burkina Faso,,,autre,3,- Nécrologie,https://lefaso.net/spip.php?article149642=,filtered
2026-10-02,Décès de Lazare ZONGO : Faire part,LeFaso.net,LeFaso.net,lefaso.net,fr,Ouagadougou,Burkina Faso,12.366,-1.534,autre,4,"22/03/1942 - 29/09/2026 « Je suis la résurrection et la vie. Celui qui croit en moi, même s'il meurt, vivra et quiconque vit et croit en moi ne mourra jamais » Jean 11.25-26 Le Naaba Yilgha de Laye ; Les grandes familles ZAONGO, ZONGO, KINDA, OUEDRAOGO à Laye (Yissouka), Sondré, Pabré, Ouagadougou et aux Etats-Unis ; La grande famille OUEDRAOGO à…",https://lefaso.net/spip.php?article149671=,filtered
2026-10-02,Décès de OUEDRAOGO Stéphane : Faire part,LeFaso.net,LeFaso.net,lefaso.net,fr,Tenkodogo,Burkina Faso,11.784,-0.372,autre,4,"Les grandes familles OUEDRAOGO, BEOGO, OUBDA à Ouaga, Yimdi, Yondé, Fada, Tenkodogo. Les familles alliées, Compaoré, Kafando, Taram, Ouali à Ouaga, Yimdi, Yondé, Fada, ont le regret de faire part du décès de leur fils, beau-fils, époux, père OUEDRAOGO Stéphane, ce jour 30 septembre 2026 par suite d'une courte maladie. – Union de Prière. Programme…",https://lefaso.net/spip.php?article149670=,filtered
2026-10-02,Kibè n Moore : L'actualité en mooré du 2 Octobre 2026,LeFaso.net,LeFaso.net,lefaso.net,fr,,Burkina Faso,,,autre,3,- Vidéos,https://lefaso.net/spip.php?article149698=,filtered
2026-10-02,Résultats du tirage du Faso Loto WELHY du Vendredi 02 octobre 2026.,LeFaso.net,LeFaso.net,lefaso.net,fr,,Burkina Faso,,,autre,3,- Communiqués,https://lefaso.net/spip.php?article149697=,filtered
2026-10-02,Promotion de la justice sociale au Burkina Faso : L'ONG Trias Afrique de l'Ouest et ses partenaires évaluent les acquis du programme DGD 2022-2026,LeFaso.net,LeFaso.net,lefaso.net,fr,Ouagadougou,Burkina Faso,12.366,-1.534,autre,4,"L'ONG Trias organise, les 1ᵉʳ et 2 octobre 2026, à Ouagadougou, un atelier de partage des résultats. Cette rencontre s'inscrit dans le cadre de la mise en œuvre de son programme DGD 2022-2026, intitulé « Promotion de la justice sociale basée sur l'entrepreneuriat familial, inclusif et durable au Burkina Faso ». Elle réunit les acteurs et partenair…",https://lefaso.net/spip.php?article149694=,filtered
2026-10-02,Prix à la consommation : La crainte d’une flambée,Journal du Mali,Journal du Mali,journaldumali.com,fr,,Mali,,,autre,3,"© Internet L’Institut national de la statistique (INSTAT) a publié son Indice harmonisé des prix à la consommation (IHPC) pour août 2026. Selon l’Institut, les prix à la consommation des ménages au Mali ont augmenté de 0,3% par rapport à juillet. Sur un an, la hausse atteint 3,3%, une évolution préoccupante dans le contexte d’une campagne agricole…",https://journaldumali.com/prix-a-la-consommation-la-crainte-dune-flambee/,filtered
2026-10-02,Rentrée scolaire 2026-2027 : la sécurité des aliments au cœur de la reprise,Journal du Mali,Journal du Mali,journaldumali.com,fr,Bamako,Mali,12.609,-7.975,sécurité,6,"© Internet La rentrée scolaire 2026-2027 a été officiellement lancée jeudi 1er octobre au Groupe scolaire Mamadou Diarra N°2 de Médina-Coura, à Bamako. La sécurité sanitaire des aliments en milieu scolaire a constitué le thème central de cette reprise. La cérémonie a réuni élèves, enseignants, directeurs d’école, responsables du Centre d’animation…",https://journaldumali.com/rentree-scolaire-2026-2027-la-securite-des-aliments-au-coeur-de-la-reprise/,filtered
2026-10-02,Birahim Soumaré : « Notre diplomatie repose sur la défense des intérêts nationaux »,Journal du Mali,Journal du Mali,journaldumali.com,fr,,Mali,,,politique,3,"© Internet Ancien ambassadeur du Mali en Türkiye et analyste en stratégie internationale, Birahim Soumaré expose les principes d’une diplomatie attachée à sa liberté de décision. Il évoque la diversification des partenariats, la médiation et le suivi des engagements conclus avec les États. Sur quels principes la diplomatie malienne doit-elle s’app…",https://journaldumali.com/birahim-soumare-notre-diplomatie-repose-sur-la-defense-des-interets-nationaux/,filtered
2026-10-02,UFOA A U20 : le Mali connaît ses adversaires pour la course à la CAN,Journal du Mali,Journal du Mali,journaldumali.com,fr,Bamako,Mali,12.609,-7.975,autre,4,"© Internet La sélection malienne est désormais fixée sur ses adversaires au tournoi qualificatif de l’Union des fédérations ouest-africaines de football – Zone A (UFOA A U20), prévu à Bamako du 15 au 30 octobre. Pays hôte, elle évoluera dans le groupe A aux côtés de la Guinée, du Liberia et de la Gambie, tandis que le groupe B réunit le Sénégal, t…",https://journaldumali.com/ufoa-a-u20-le-mali-connait-ses-adversaires-pour-la-course-a-la-can/,filtered
2026-10-02,"Au Burkina Faso et au Mali, les juntes veulent tirer profit de la manne aurifère",Le Monde Afrique,Le Monde Afrique,www.lemonde.fr,fr,,Mali,,,autre,3,La maîtrise de la chaîne de production de l’or permet aux régimes militaires de réaffirmer leur souveraineté nationale sur les ressources naturelles.,https://www.lemonde.fr/afrique/article/2026/10/02/au-burkina-faso-et-au-mali-les-juntes-veulent-tirer-profit-de-la-manne-aurifere_6787188_3212.html,filtered
2026-10-02,"Sur l’île idyllique de Lamu, au Kenya, l’arrivée d’une mégaraffinerie de pétrole est vue comme une opportunité économique autant qu’un péril écologique",Le Monde Afrique,Le Monde Afrique,www.lemonde.fr,fr,,,,,autre,1,"Le lancement en grande pompe de ce colossal chantier du groupe nigérian Dangote a eu lieu mercredi 30 septembre sur le port isolé de Lamu, face à l’océan Indien. L’île du même nom, écrin touristique et berceau de la culture swahilie, retient son souffle.",https://www.lemonde.fr/afrique/article/2026/10/02/sur-l-ile-idyllique-de-lamu-au-kenya-l-arrivee-d-une-gigantesque-raffinerie-de-petrole-est-vue-comme-une-opportunite-economique-autant-qu-un-peril-ecologique_6787150_3212.html,filtered
2026-10-02,"Guerre en Ethiopie : des attaques de drones ciblent la capitale, les forces gouvernementales gagnent du terrain dans le nord du pays",Le Monde Afrique,Le Monde Afrique,www.lemonde.fr,fr,,,,,sécurité,3,"Après les frappes sur Addis-Abeba mercredi soir, le gouvernement éthiopien a décidé la fermeture de son ambassade à Asmara. En réponse, l’Erythrée a rompu tous ses liens diplomatiques avec l’Ethiopie.",https://www.lemonde.fr/international/article/2026/10/02/guerre-en-ethiopie-des-attaques-de-drones-ciblent-la-capitale-les-forces-gouvernementales-gagnent-du-terrain-dans-le-nord-du-pays_6787131_3210.html,filtered
2026-10-02,"A Johannesburg, la découverte de onze corps révèle l’ampleur des violences à l’égard des femmes",Le Monde Afrique,Le Monde Afrique,www.lemonde.fr,fr,,,,,sécurité,3,"Depuis juillet, des corps de femmes nues ou à moitié nues, violemment battues, ont été retrouvés en banlieue de Johannesburg. Si la thèse du prédateur en série s’amenuise, la réalité d’une extrême violence infligée aux Sud-Africaines au quotidien s’impose.",https://www.lemonde.fr/afrique/article/2026/10/02/a-johannesburg-la-decouverte-de-onze-corps-revele-l-ampleur-des-violences-a-l-egard-des-femmes_6786898_3212.html,filtered
2026-10-02,UEMOA : les ministres adoptent de nouvelles mesures pour renforcer l’intégration régionale,Malijet,Malijet,malijet.com,fr,,Mali,,,autre,3,"Le président de la Banque ouest-africaine de développement (BOAD), Serge Ekue, a pris part, le 2 octobre 2026 à Dakar, à la troisième session ordinaire du Conseil des ministres de l’UEMOA.",https://malijet.com/actualite_economique_du_mali/312147-uemoa-les-ministres-adoptent-de-nouvelles-mesures-pour-ren.html,filtered
2026-10-02,Logement : Le Mali et la Banque mondiale travaillent sur un mécanisme de financement innovant pour le secteur,Malijet,Malijet,malijet.com,fr,,Mali,,,autre,3,"Le ministre de l'Urbanisme, de l'Habitat, des Domaines, de l'Aménagement du Territoire et de la Population, Imirane Abdoulaye Touré, a reçu ce jeudi 0é octobre une mission conjointe de la Banque mondiale et de la Société financière internationale (SFI), conduite par Mme Maimouna Gueye.",https://malijet.com/a_la_une_du_mali/312146-logement-le-mali-et-la-banque-mondiale-travaillent-sur-un.html,filtered
2026-10-02,Formation professionnelle : La CMSS investit dans le renforcement des compétences de son personnel,Malijet,Malijet,malijet.com,fr,,Mali,,,sécurité,5,"Dans le cadre de sa politique de renforcement du capital humain, la Direction Générale de la Caisse Malienne de Sécurité Sociale (CMSS) a organisé, du lundi 28 septembre au vendredi 2 octobre 2026, deux sessions de formation destinées à ses cadres et agents.",https://malijet.com/flash-info/312144-formation-professionnelle-la-cmss-investit-dans-le-renforc.html,filtered
2026-10-02,"Diplomatie : Le Mali célèbre l'indépendance de la Guinée, rappelant la fraternité entre « deux poumons d'un même corps »",Malijet,Malijet,malijet.com,fr,Bamako,Mali,12.609,-7.975,politique,4,"Le ministre malien de la Communication, de l'Économie numérique et de la Modernisation de l'Administration, Alhamdou Ag Ilyène, a représenté le gouvernement du Mali à la célébration du 68ᵉ anniversaire de l'indépendance de la Guinée, organisée le vendredi 2 octobre 2026 à Bamako.",https://malijet.com/actualite-politique-au-mali/312143-diplomatie-le-mali-celebre-lindependance-de-la-guinee-ra.html,filtered
2026-10-02,"Premier pari confédéral AES : 150 millions de FCFA en jeu et une œuvre communautaire pour célébrer la coopération entre le Burkina Faso, le Mali et le Niger",Malijet,Malijet,malijet.com,fr,,Mali,,,autre,3,D’une réunion préparatoire en août 2025 à la concrétisation d’un projet inédit pour les parieurs de l’AES,https://malijet.com/actualite-sur-aes/312142-premier-pari-confederal-aes-150-millions-de-fcfa-en-jeu-et.html,filtered
2026-10-02,Guinée-Bisseau : Le Haut commandement militaire interdit le retour de l'ancien président Umaro Sissoco Embaló,Malijet,Malijet,malijet.com,fr,,Mali,,,sécurité,5,"L’ex-président Umaro Sissoco Embaló a été interdit de rentrer en Guinée-Bissau par le commandement militaire en charge de la sécurité, qui estime que les conditions ne sont pas réunies pour garantir son retour.",https://malijet.com/actualite-sur-afrique/312141-guinee-bisseau-le-haut-commandement-militaire-interdit-le.html,filtered
2026-10-02,"Pour apprendre, il faut plus qu’une salle de classe : l’UNICEF mobilisé pour une rentrée scolaire sûre, saine et inclusive au Mali.",Malijet,Malijet,malijet.com,fr,Bamako,Mali,12.609,-7.975,autre,4,"Bamako, le 1er octobre 2026 – À l’occasion de la rentrée scolaire 2026-2027, l’UNICEF réaffirme son engagement aux côtés du Gouvernement du Mali pour garantir à chaque enfant son droit à une éducation de qualité dans un environnement sûr, sain et inclusif. Cette année, la leçon modèle est consacrée...",https://malijet.com/communiques-de-presse/312140-pour-apprendre-il-faut-plus-quune-salle-de-classe-lunic.html,filtered
2026-10-02,Troisième réunion du Comité de pilotage du Programme MPRR-SSA à Bamako,Malijet,Malijet,malijet.com,fr,Bamako,Mali,12.609,-7.975,autre,4,"Le 1er octobre 2026, le ministre des Maliens établis à l’Extérieur et de l’Intégration africaine, Mossa Ag Attaher, a présidé à Bamako la troisième réunion du Comité de pilotage du Programme MPRR-SSA (Programme de protection, de retour et de réintégration des migrants en Afrique subsaharienne).",https://malijet.com/actualite-politique-au-mali/312139-troisieme-reunion-du-comite-de-pilotage-du-programme-mprr-ss.html,filtered
2026-10-02,Investissement : La Banque mondiale exprime son intérêt pour le Forum du Mali Kura lors d'une rencontre avec l'API-Mali,Malijet,Malijet,malijet.com,fr,,Mali,,,autre,3,"Le Directeur général de l'Agence de Promotion des Investissements du Mali (API-Mali), M. Ibrahim Ahamadou Touré, a reçu une importante délégation de la Banque mondiale dans les locaux de l'Agence. Les échanges ont porté sur les perspectives d'investissement au Mali, les opportunités de l'économie ma...",https://malijet.com/actualite_economique_du_mali/312138-investissement-la-banque-mondiale-exprime-son-interet-pour.html,filtered
2026-10-02,Rentrée scolaire 2026-2027 : la Fondation Orange lance la 2ᵉ édition de Kalan Kits,Malijet,Malijet,malijet.com,fr,,Mali,,,autre,3,"La Fondation Orange Mali a lancé la deuxième édition de son programme Kalan Kits, une initiative destinée à accompagner les enfants en situation de vulnérabilité dans leur scolarité et à contribuer à l’amélioration de leurs conditions d’apprentissage.",https://malijet.com/education_et_formation_au_mali/312137-rentree-scolaire-2026-2027-la-fondation-orange-lance-la-2.html,filtered
2026-10-02,Sit-in des travailleurs de la BIM-SA : le comité syndical exige une répartition équitable du bonus,Malijet,Malijet,malijet.com,fr,,Mali,,,autre,3,"Journée de forte tension à la BIM-SA, ce jeudi 1er octobre 2026, les travailleurs de la banque ont observé un sit-in pour réclamer une répartition qu’ils estiment équitable du bonus, fruit, selon eux, du travail collectif de l’ensemble des agents.",https://malijet.com/flash-info/312136-sit-in-des-travailleurs-de-la-bim-sa-le-comite-syndical-ex.html,filtered
2026-10-02,"Météo : Orages isolés attendus ce vendredi sur la majeure partie du Mali, températures stables",Malijet,Malijet,malijet.com,fr,,Mali,,,autre,3,"Le service national de météorologie a publié, ce vendredi, son bulletin pour la journée, annonçant une situation générale marquée par une visibilité globalement satisfaisante et des perturbations orageuses localisées.",https://malijet.com/flash-info/312135-meteo-orages-isoles-attendus-ce-vendredi-sur-la-majeure-pa.html,filtered
2026-10-02,Célébration du 66ᵉ anniversaire de l’Armée de Terre malienne,Malijet,Malijet,malijet.com,fr,,Mali,,,autre,3,"L’Armée de Terre malienne a célébré, le 1er octobre 2026, son 66ᵉ anniversaire à Djicoroni-Para, sous le thème : « L’Armée de Terre, 66 années au service de la Nation : cohésion et résilience pour la défense souveraine du Mali ».",https://malijet.com/actualite_de_la_nation_malienne/312134-celebration-du-66-anniversaire-de-larmee-de-terre-malienne.html,filtered
2026-10-02,UFOA-A U20 : le Mali connaît ses adversaires,Malijet,Malijet,malijet.com,fr,Bamako,Mali,12.609,-7.975,autre,4,"Le Mali connaît désormais ses adversaires pour le tournoi qualificatif UFOA-A U20 garçons 2026, prévu à Bamako du 15 au 30 octobre 2026.",https://malijet.com/actualite_sportive_au_mali/312133-ufoa-a-u20-le-mali-connait-ses-adversaires.html,filtered
2026-10-02,Sondage CGTN: La « Golden Week » témoigne de la vigueur de l'économie des vacances en Chine,Malijet,Malijet,malijet.com,fr,,Mali,,,autre,3,"Pendant les vacances de la Fête nationale, le tourisme réceptif chinois continue de prendre de l'ampleur, avec de plus en plus de visiteurs étrangers venant en Chine pour découvrir son attrait culturel et touristique, son ouverture et son dynamisme. Au cours du premier semestre de cette année, le no...",https://malijet.com/actualite_internationale/312132-sondage-cgtn-la-golden-week-temoigne-de-la-vigueur-de-l.html,filtered
2026-10-01,Mali : Amnesty publie un rapport accusant les FAMa et Wagner de crimes de guerre contre des civils,Google Actualités — Mali,koaci.com,news.google.com,fr,,Mali,,,autre,4,Mali : Amnesty publie un rapport accusant les FAMa et Wagner de crimes de guerre contre des civils koaci.com,https://news.google.com/rss/articles/CBMi9wFBVV95cUxPSFFVYzB4LWJuOHJvVklvYWZ5TkppbW0tOS1rTXdxa05JQkpCVW91WkU5eFhhSXgtb2tPQlM0R1Z0YmVpMnpOS0dPXzdDV3JNeXFGVFprbU13WG1jVXMzUk9IYzZwT3VSYXBDQ05aMHVHMm9PMFRsc1pDNlJMcUJSeE1VdklZaDhHVlRqaTUxbjRHT3g2Qi1mNXd3bjR3MHBDakpJNjc3eUVuc2hRVi1YTktRMnVQYzg4VlFBX1E5RFRZX3VvcTZETXhVSXMzdko3NS1aR3JLOGNhSEVxeTd4b3kyaFdCN2RXeEhGM2dMZkptQ05SUHg4?oc=5,published-signal
2026-10-01,Mali : l’ombre déstabilisatrice d’Alger derrière la violente attaque contre le pays,Google Actualités — Mali,L-Post,news.google.com,fr,,Mali,,,sécurité,5,Mali : l’ombre déstabilisatrice d’Alger derrière la violente attaque contre le pays L-Post,https://news.google.com/rss/articles/CBMingFBVV95cUxQT3JoZHJtLXRIcG04eXoxWFN6M25CVm1QMWNfbFQ5ZWxMTVFvOTZoODVNOUFRNEJwai01aXVJbnZsRU9ZR3BYWFFFN2lKM0JFM21haFlfa1VGRk5vTU1INVZ1OUdSWU5mSWt5Zng0am1fM25uVmVNbVVITXQzYnpMZlZzSmVMdnowS2toenVNbjU3RHNCaUhIVldaN1o1d9IBowFBVV95cUxPaXQzWWhFU0hhVTZOblUzei1CeEFIVmJCRElFdUpGb1FYS042bm5NcnhDVjhPT3J5UjNiZVpDMHJlY2F3dVdRRUU4MUYzbE5FaWZpNlhONVhvaGtKbldScThGd0F6TktNVnFlRnlhTzNISVFYNnhzRGc3UEpORFRyclFWMTFVSngwbGtNeE1jTU5pNkxXU0xvWmI2RmxUWUZXNUd3?oc=5,published-signal
2026-10-01,Coopération Niger-Algérie : départ du deuxième vol pour le programme des 500 jeunes,Google Actualités — Niger,Alwihda Info,news.google.com,fr,,Niger,,,autre,3,Coopération Niger-Algérie : départ du deuxième vol pour le programme des 500 jeunes Alwihda Info,https://news.google.com/rss/articles/CBMirwFBVV95cUxPNWVIM0lsRmNFbklrUUIzNDJrVjFmalcwVDBMQ1hfdGxER0xPeVNLOHJySUJlR1ZZYnRXSzQ5Mm1ueFlJYVBIY1pvTmw5Ul91b3gwTnBiNFVyeG9ERGwxdkNTQkk2VTBjRVZkYVNzai1fWnQtOVVpbDZCWm5VT3NySVpGeVY4T3llcTBLVGRtYlVZWWlwYXlZU09UTXM1WXRGOFl5NUJod1YzQ2dZQ1I0?oc=5,filtered
2026-10-01,"Niger: un mois après la disparition du journaliste Moussa Kaka, les appels à l'enquête se multiplient",Google Actualités — Niger,DAKARACTU.COM,news.google.com,fr,,Niger,,,autre,3,"Niger: un mois après la disparition du journaliste Moussa Kaka, les appels à l'enquête se multiplient DAKARACTU.COM",https://news.google.com/rss/articles/CBMi1AFBVV95cUxOclRHcThPYkRvc0p3Y1FTRFBzeS1oZFY0Tjh1elVfVUsxTU5HaDVxVTlwRVpXaEhzN3F0UUNNMFdrM0g4UV9jMEo0dW05MGhndk45SjNhN2FlaDFad3d2RWxCQm5CX1dmNXp5eFBlQW8tcUVDZ25VZXNKZm92SGt6SHJXUHBncEROY1NBb21RR0hkOG11emxfSnd6Y2dvdjRTc0l1dmdfOFc1NDd0WUlodGZsNTVvZUFfc3lwaXZuZGV4QU4yMzg5anNaMTA3N0ZCUUNpaA?oc=5,filtered
2026-10-01,Niger-Algérie : 500 jeunes partent en formation professionnelle,Google Actualités — Niger,Journal du Niger,news.google.com,fr,,Niger,,,autre,3,Niger-Algérie : 500 jeunes partent en formation professionnelle Journal du Niger,https://news.google.com/rss/articles/CBMiigFBVV95cUxPcXhvRGFPblVIajdJcFc0NTdfMUVlRmQ1d0M2Vi1GdXM5cmo1TU5CbTJzRjFEam5uYzlTamlwVXctaExwb3FuN1FNVkRfZEVSY1dYMVV0REl6NFpRSVdsbGJDTi01UXAzYVBiNW82R1VvYXY1aDhjRVJhNWNtS0E3eHo4cVJQM21KMXc?oc=5,filtered
2026-10-01,Sécurité routière à Niamey : 323 véhicules immobilisés,Google Actualités — Niger,Journal du Niger,news.google.com,fr,Niamey,Niger,13.514,2.11,sécurité,6,Sécurité routière à Niamey : 323 véhicules immobilisés Journal du Niger,https://news.google.com/rss/articles/CBMiigFBVV95cUxPeHVsODhfQW1QTnppaGljN2x2U1BHQjZkQ1o2OGtzdmpKRXh0QzVIZlNXcDB6bHNNMkU4aDZJOGYzRGFoTnhGTmloMjN2NjR0dHMyd1Z3NVZaWENZcmhvRDRZZlRENUJoU0owTnprMHVNYXRnWTlXSWswMk9HMUd0b3BOR01ySWIySWc?oc=5,published-signal
2026-10-01,Cure Salée 2026 : les autorités inspectent les stocks et les installations d’Ingall,Google Actualités — Niger,Journal du Niger,news.google.com,fr,,Niger,,,autre,3,Cure Salée 2026 : les autorités inspectent les stocks et les installations d’Ingall Journal du Niger,https://news.google.com/rss/articles/CBMijwFBVV95cUxOaDJWOWhIYlUwNzNhMzd4aVlWTVVZUGRpUl9hN0FTZFBFaURIVWZiaHhhdE1NdW0tVDZHeXRQMl9teWF0bVo4V1FvRV8yM2tlc0R0TElJelNDbnNuQmRBZnVFSHVkSDNiSTE3MjJLWVRtaURYb2s0c3JSbmdidlZLOFp4ZWR3N0tObGVSREZEbw?oc=5,filtered
2026-10-01,Filière bétail au Niger : les acteurs formés pour fluidifier les échanges,Google Actualités — Niger,Journal du Niger,news.google.com,fr,,Niger,,,autre,3,Filière bétail au Niger : les acteurs formés pour fluidifier les échanges Journal du Niger,https://news.google.com/rss/articles/CBMikAFBVV95cUxNaThlQ0RpOWJUYXdodmZTTTZWbUJTM1dMcHh3SmZsOTFEM3J4STN0VUlTMHNnLXRHZHJJQ1RpamdTck5FclF3X0hYSmxUbTVHNVdrdlVyaVdUbXBuZDkwRVJ3a1hhYngyRmQxTFFjSWRkWnZheTBLNFBFbXhRQ0ZUTGtBdF81SjZVQTdoZXBZM0M?oc=5,filtered
2026-10-01,Centrale de Goudel : le ministre exige un nouveau calendrier,Google Actualités — Niger,Journal du Niger,news.google.com,fr,,Niger,,,autre,3,Centrale de Goudel : le ministre exige un nouveau calendrier Journal du Niger,https://news.google.com/rss/articles/CBMif0FVX3lxTE1rbWVIaG15QVVDdnJ5ZU9MVGRRV3dZVE5IVWVHS3F4cVJqa1JsS1RXd3liNEJnUFdxN3VwVlpsRFZ6WmV3OTFiSkhUdVMxYVVpV0tzOUR1Rmt5RlhuODM0SUw1TG1EWGZJTW1NdVpraUk1WHVSQ2RyUDZZaXY5amM?oc=5,filtered
2026-10-01,"Faux, cette image ne montre pas un soldat français tué « lors des récentes attaques » terrorises au Mali",Google Actualités — Burkina Faso,Africa Check,news.google.com,fr,,Burkina Faso,,,sécurité,5,"Faux, cette image ne montre pas un soldat français tué « lors des récentes attaques » terrorises au Mali Africa Check",https://news.google.com/rss/articles/CBMiwgFBVV95cUxNWGpYWU9wTzJ3Y0k5NGV3Z0tKS3lGb2NZOVdNR3NMMDFvTFh6a1c2N3Y4LTBnc1BiVG1UdDBOUmI5X1ZCUXlIQWk2c09VTERtVUdnZDZoZmwxTmFxUTBSUTZqSWh5QzIxMEctYkU2VjJmbkQyQXczbzBtX2xVMEhQdjN5NjB3aVBCRTVNX2RXV25pSmV1dF84Qmh4Z1hNS1dxR0sxN0xyNC04R1NJZElJTVp4SWVTX1AtZnA2TUR0Tl8yZw?oc=5,published-signal
2026-10-01,"Au Ghana, le retour au calme à Bawku signe-t-il vraiment le recul de la violence jihadiste venue du Burkina Faso ?",Google Actualités — Burkina Faso,Jeune Afrique,news.google.com,fr,,Burkina Faso,,,sécurité,5,"Au Ghana, le retour au calme à Bawku signe-t-il vraiment le recul de la violence jihadiste venue du Burkina Faso ? Jeune Afrique",https://news.google.com/rss/articles/CBMi8AFBVV95cUxQYjF0M0g4dWdSX3Z0R3JKYU9UR184Ylh4Skg4UG1hZHctRjZUUFdlQTRaTnBUbEMyTUkxbEpRUF9rdFBkWkxFMm1ZSmNlOERSbkJwQkFESjdBdjRpZkYwUDY5dU1DSjQ2dldPaERveGRvdHFXWWpXNi0waTlSX19mU1d1U1JXem16MTlYU181QVFsNEMzaXRBQ0NDS1R6dUtaeE0yazR6aDdPU2Z4aTZyaEc2ZTNnVGZCRUdiU1c5NXV2cEMyeUNFT3JpRFJWVlZ4TlpIWXUyU1c3OG90X2JGMU05UUpiV0M0STY3Q2hIaFY?oc=5,published-signal
2026-10-01,Burkina : célèbration de 4 ans de Révolution,Google Actualités — Burkina Faso,APAnews - Agence de Presse Africaine,news.google.com,fr,,Burkina Faso,,,autre,3,Burkina : célèbration de 4 ans de Révolution APAnews - Agence de Presse Africaine,https://news.google.com/rss/articles/CBMigwFBVV95cUxQdEtKUUlkSnFMbkRjY0tzVXhVMUZXQ2ZncHl0N1FjbnFwdEpycGZ4Qk5CU21xdUxVNVlxaXd1SWJPZ1lxQ3Q5dW5wUzVjWmV1WGV6YnFMM01NU1FHcENkZmNEemhnam9XeEdIeTBUcGlyaThUei14WmJucGlqbXRXYmllNA?oc=5,filtered
2026-10-01,Afghanistan : neuf civils tués dans des frappes pakistanaises ciblées,Google Actualités — Burkina Faso,latele.ch,news.google.com,fr,,Burkina Faso,,,autre,3,Afghanistan : neuf civils tués dans des frappes pakistanaises ciblées latele.ch,https://news.google.com/rss/articles/CBMijwFBVV95cUxPa1hKMElVY1Fsa01HMkhmaXZJQVpyQzRIMkU4R3VMc3NYb2FzUWFBTVpUV3hyMG9lcjNYVzR1UHNaY3pPelVRUm0yZkZfX3oxQUNZNFJCRW56NHR5NVE0aWZfUDhVSDc2S1ExNjRhd3hSMDJJZC00M0ZBVy1ZLXRUbzRuZkNMVHVWWUt3dWZjaw?oc=5,filtered
2026-10-01,Défense au Burkina Faso : 250 milliards FCFA collectés en neuf mois par le Fonds de soutien patriotique,Google Actualités — Burkina Faso,La Nouvelle Tribune,news.google.com,fr,,Burkina Faso,,,autre,3,Défense au Burkina Faso : 250 milliards FCFA collectés en neuf mois par le Fonds de soutien patriotique La Nouvelle Tribune,https://news.google.com/rss/articles/CBMi2AFBVV95cUxNOVZLSnpsenNPSml5ME9uSlZ1QjhQSjVTTy0zdmxaakRsQ2lfTEh6Z2NkSVhkMnE5OTdYUnY1ek81ZWRBVE9KU1VxVFJMMndPX2VEeGdIY1FLOG5pNHhwWW5IWVEySDVxdWNERmxUQUN3VWZRenAxSzIyVXNpd3I3NTMzY2VJVWVScmZBaFhkTEZFc1RxZVpDZ2JiT05kR1VIWHEtT1h5aVlwZVRJM2JfUXFLS19rTmNVMUVYajdvSEprSS1GaUdodW9JeFhkVEFkSUlFbWRWcmw?oc=5,filtered
2026-10-01,Insécurité : plusieurs soldats tombés au front suite à une attaque terroriste contre la position des FDS de Tessa (Dosso),Google Actualités — Burkina Faso,actuniger.com,news.google.com,fr,,Burkina Faso,,,sécurité,5,Insécurité : plusieurs soldats tombés au front suite à une attaque terroriste contre la position des FDS de Tessa (Dosso) actuniger.com,https://news.google.com/rss/articles/CBMi7gFBVV95cUxPUEtpc0t3VGJnU096aXhCOU1OWjI4bXFLM1ZyTXZMQXllZTgzLTRTRU9NbmEwWU5RYlBES1M1UjlCREM4QmRTQU9ZRVVxNjU2R3B6WFRsWlBQN3FJeFRReTBYakdDRHRvY1E2V2hLblN4UGxoZDNlbXBSNlNxWHM0M3NWdTYtdHRFOF9hYVRiT1gyamRtNGwyNVVWdF9ZUUJEbUt0VWdRZVB0UnpXeU9UdTlUZHR0dlB3OUE1MWlFamFGb0liekF5Yk1kTDBpRTJydHNvZkFXQjFxRWZLTjZaU1Zsc0NPcUpTeVlISHVR?oc=5,published-signal
2026-10-01,Mauritanie - MGI : Nouakchott explore de nouvelles pistes pour restaurer ses terres,Google Actualités — Mauritanie,Cridem,news.google.com,fr,Nouakchott,Mauritanie,18.086,-15.979,autre,4,Mauritanie - MGI : Nouakchott explore de nouvelles pistes pour restaurer ses terres Cridem,https://news.google.com/rss/articles/CBMiW0FVX3lxTFA4SmRueTFheWJab3JMRGhxNUhaX3ZhRlpZTUV2YnM5ZG0tem5ONzNrWFdnM1Qzb0Q4WEFBaUpEZkhoNWota2laUGNXUDB3X1RvZE8xUDlQVXU3RVU?oc=5,published-signal
2026-10-01,Mauritanie : Nouakchott : des passagers d’un vol Turkish Airlines bloqués pendant près de 20 heures,Google Actualités — Mauritanie,Cridem,news.google.com,fr,Nouakchott,Mauritanie,18.086,-15.979,autre,4,Mauritanie : Nouakchott : des passagers d’un vol Turkish Airlines bloqués pendant près de 20 heures Cridem,https://news.google.com/rss/articles/CBMiYEFVX3lxTE5pOExtUFFtSkxHMF9qZWF3bmR1ck14Q1gtSG9kc3JZMHVlOUNtNmw5Y3hDMjVXMDdLb0hSb0VBYjdacWxZWnJORDNUVi11V2VRUkUxM1d1TFkwNzlNWlRKRg?oc=5,published-signal
2026-10-01,Nouakchott : des passagers d’un vol Turkish Airlines bloqués pendant près de 20 heures,Google Actualités — Mauritanie,Cridem,news.google.com,fr,Nouakchott,Mauritanie,18.086,-15.979,autre,4,Nouakchott : des passagers d’un vol Turkish Airlines bloqués pendant près de 20 heures Cridem,https://news.google.com/rss/articles/CBMiWEFVX3lxTE1haG9YRmNHN3dlVzRTeVF6eGZBMjhMV1hUZC1sU0hqdUU5d3lWSm5mRnhIT2dzbmludlVwNkZJbGJWZXJ3SmJCSmh0LTU0QWs4RVRkZzRJQXM?oc=5,published-signal
2026-10-01,"Entre la France et le Tchad, les coulisses d'un rapprochement",Google Actualités — Tchad,tv5monde,news.google.com,fr,,Tchad,,,autre,3,"Entre la France et le Tchad, les coulisses d'un rapprochement tv5monde",https://news.google.com/rss/articles/CBMirAFBVV95cUxNdnNVbzMyZjFzaGhUb25pdHJMX1NKZmRyNTdIV3d4ZDhrbWx4emFqcjFabmc4R3VDcXF0c0Z2SVZDU3RTQ21iZ3RpazIwUkQ2MFNaNGhCM25jVm1SZHhYaWZ4S0J4MjIycjBnbWUyNnJXZmZKalVESW02bFpHVWJ2WWRpakdHaGFQRDJxTzdDenU5Q2VFYzREN3pUUTluTEJqUFBZV1Awem51bVJw?oc=5,filtered
2026-10-01,Bassin du Lac Tchad : les survivants de Boko Haram refusent de céder,Google Actualités — Tchad,Journalducameroun.com,news.google.com,fr,,Tchad,,,autre,3,Bassin du Lac Tchad : les survivants de Boko Haram refusent de céder Journalducameroun.com,https://news.google.com/rss/articles/CBMiogFBVV95cUxPM3pLRXA4T2hUY3VZSDQtanBGUnNvQk9IajBWTG5XYlBOOEtBZDNwV05XVFJwWm9VMmhQck1LS3FPTV9OMnlRc0tXT0F6OXBzanNDMzlwaTktTmNGUEw1aEhjckdPdW5lVnJGeVdBbTRnMkVKdWxteGQ3b3VOZGQwakdhM3I3cy1fMWtwaHMtaXFPT0paTmpQOWV4ZmdnZnZwV3c?oc=5,filtered
2026-10-01,L'Érythrée rompt ses relations diplomatiques avec l'Éthiopie,France 24 Afrique,France 24 Afrique,www.france24.com,fr,,,,,sécurité,3,"L'Éthiopie a accusé, jeudi, l'Érythrée voisine ""d'actes d'hostilité et de belligérance"", fermé son ambassade sur place et sommé dix diplomates érythréens de faire leurs valises. Asmara a répliqué en rompant ses relations diplomatiques. Les tensions se sont intensifiées en plein conflit dans le Nord éthiopien entre armée éthiopienne et groupes anti…",https://www.france24.com/fr/%C3%A9missions/journal-de-l-afrique/20261001-l-%C3%A9rythr%C3%A9e-rompt-ses-relations-diplomatiques-avec-l-ethiopie,filtered
2026-10-01,"L'AfCRA, une agence de notation africaine pour contrer les biais des géants mondiaux",France 24 Afrique,© studio graphique FMM,www.france24.com,fr,,,,,autre,1,"Le continent africain s'apprête à inaugurer sa propre agence de notation de crédit. Développée en collaboration avec l'Union Africaine, l'AfCRA compte fournir une évaluation du risque de crédit adaptée aux réalités africaines, face à des agences internationales régulièrement accusées de sévérité excessive envers l'Afrique.",https://www.france24.com/fr/afrique/20261001-afcra-agence-notation-africaine-credit-taux-moodys-fitch-g%C3%A9ants-mondiaux,filtered
2026-10-01,Ethiopie : des explosions entendues dans la capitale Addis Abeba,France 24 Afrique,France 24 Afrique,www.france24.com,fr,,,,,sécurité,3,"🇪🇹 Des explosions ont été entendues dans la nuit à Addis-Abeba, au quartier général de l’armée. Leur origine reste inconnue, alors que les combats ont repris dans le nord du pays entre l’armée fédérale et des combattants tigréens.",https://www.france24.com/fr/vid%C3%A9o/20261001-ethiopie-des-explosion-entendues-dans-la-capitale-addis-abeba,filtered
2026-10-01,Côte d'Ivoire : la lutte contre l'orpaillage illégal s'intensifie,France 24 Afrique,France 24 Afrique,www.france24.com,fr,,,,,sécurité,3,"🇨🇮 La Côte d’Ivoire renforce sa lutte contre l’orpaillage illégal et se donne six mois pour éradiquer le phénomène. Pendant que les mises en garde se multiplient sur le terrain, les forces de sécurité sont également équipées pour faire face au ""fléau"".",https://www.france24.com/fr/vid%C3%A9o/20261001-c%C3%B4te-d-ivoire-la-lutte-contre-l-orpaillage-ill%C3%A9gal-s-intensifie,filtered
2026-10-01,"Nigeria : comment des hommes politiques corrompus ont acheté ""un bout d'Amérique""",France 24 Afrique,"© Michelle Mosqueda, Getty Images/AFP",www.france24.com,fr,,,,,autre,1,"Un rapport publié par la plateforme de protection des lanceurs d'alerte en Afrique révèle avoir identifié près de 300 biens immobiliers aux États-Unis liés à des personnalités politiques nigérianes. Des propriétés acquises pour la plupart en liquide avec de l'argent public, alors que ces personnalités occupaient des fonctions officielles.",https://www.france24.com/fr/afrique/20261001-nigeria-hommes-politiques-corrompus-ont-achet%C3%A9-un-bout-d-am%C3%A9rique-etats-unis,filtered
2026-10-01,Ethiopie : explosions dans le coeur d'Addis Abeda,France 24 Afrique,France 24 Afrique,www.france24.com,fr,,,,,autre,1,"Tom Canetti, notre correspondant sur place, décrypte la situation.",https://www.france24.com/fr/vid%C3%A9o/20261001-ethiopie-explosions-dans-le-coeur-d-addis-abeda,filtered
2026-10-01,Kenya : le projet de nouvelle méga-raffinerie Dangote inauguré,France 24 Afrique,France 24 Afrique,www.france24.com,fr,,,,,autre,1,"🇰🇪 Au Kenya, le milliardaire nigérian Aliko Dangote lance le projet d’une nouvelle méga-raffinerie, présentée comme un pas vers l’autosuffisance de l’Afrique en carburant. Mais des communautés locales contestent déjà le projet en justice.",https://www.france24.com/fr/vid%C3%A9o/20261001-kenya-le-projet-de-nouvelle-m%C3%A9ga-raffinerie-dangote-inaugur%C3%A9,filtered
2026-10-01,Le Niger sur Kalangou du 01 octobre 2026,Studio Kalangou,Studio Kalangou,www.studiokalangou.org,fr,,Niger,,,sécurité,5,"Listen to « Violence basées sur le genre, Numerique, Education (Le Niger sur Kalangou) » on Spreaker. Au menu de l’émission : Playlist musicale :Mouchan Lakkole- Hadiza Mangou Ay SI BA ECOLE",https://www.studiokalangou.org/142646-fonctionnement-centre-holistique-de-lutte-contre-violences-basees-genre,published-signal
2026-10-01,Éliminatoires de la CAN 2027 : Les Aigles font le plein,Journal du Mali,Journal du Mali,journaldumali.com,fr,,Mali,,,autre,3,"© Internet Avec deux victoires en autant de sorties, le Mali a parfaitement négocié les deux premières journées des éliminatoires de la CAN 2027. Six points qui installent déjà les Aigles en tête du Groupe K, à égalité avec le Rwanda. Le Mali pouvait difficilement espérer meilleur départ. Pour leur entrée en lice, le 25 septembre au stade du 26 Ma…",https://journaldumali.com/eliminatoires-de-la-can-2027-les-aigles-font-le-plein/,filtered
2026-10-01,81ème Assemblée générale de l’ONU : Le Mali porte ses priorités et celles de l’AES,Journal du Mali,Journal du Mali,journaldumali.com,fr,,Mali,,,sécurité,5,"© Internet Du 22 au 28 septembre à New York, la délégation malienne a défendu les priorités nationales sur le développement, la paix, la sécurité et la coopération. Le discours du ministre Abdoulaye Diop a conclu une semaine également marquée par plusieurs rencontres bilatérales et par une présence coordonnée de l’AES. Le ministre des Affaires étr…",https://journaldumali.com/81eme-assemblee-generale-de-lonu-le-mali-porte-ses-priorites-et-celles-de-laes/,filtered
2026-10-01,"Amina Dicko : « Nous constatons une banalisation des premiers symptômes et, chez certaines femmes, une gêne face à l’examen médical »",Journal du Mali,Journal du Mali,journaldumali.com,fr,,Mali,,,autre,3,© Internet Amina Dicko est la présidente de l’association Solidaris 223. Elle nous donne son regard sur la lutte contre les cancers du col de l'utérus et du sein. Elle revient sur les raisons du diagnostic tardif et les actions à mener pour une meilleure sensibilisation. Quelles sont les principales raisons qui expliquent encore les consultations…,https://journaldumali.com/amina-dicko-nous-constatons-une-banalisation-des-premiers-symptomes-et-chez-certaines-femmes-une-gene-face-a-lexamen-medical/,filtered
2026-10-01,Pourquoi l’Algérie a élargi la peine de mort aux incendiaires et aux kidnappeurs d’enfants,Le Monde Afrique,Le Monde Afrique,www.lemonde.fr,fr,,,,,autre,1,"Après les feux de forêts intenses et meurtriers de l’été, le chef de l’Etat, Abdelmadjid Tebboune, a souhaité élargir le nombre de « crimes capitaux », passibles de la peine de mort. Le pays respectait pourtant un moratoire sur cette question depuis 1993.",https://www.lemonde.fr/international/article/2026/10/01/pourquoi-l-algerie-a-elargi-la-peine-de-mort-aux-incendiaires-et-aux-kidnappeurs-d-enfants_6786586_3210.html,filtered
2026-10-01,"Au Kenya, le lancement en un temps record du chantier de la raffinerie Dangote",Le Monde Afrique,Le Monde Afrique,www.lemonde.fr,fr,,,,,autre,1,"Le magnat nigérian Aliko Dangote ambitionne de répliquer sa raffinerie de Lagos à Lamu, une région isolée face à l’océan Indien. Mercredi 30 septembre, en présence de chefs d’Etat africains, s’est tenue une cérémonie hautement politique et symbolique.",https://www.lemonde.fr/economie/article/2026/10/01/au-kenya-le-lancement-en-un-temps-record-du-chantier-de-la-raffinerie-dangote_6786533_3234.html,filtered
2026-10-01,"Port du casque au Burkina : « La récréation est terminée », prévient le ministre de la sécurité, Mahamadou Sana https://t.co/d4FqNeq7jk. - x.com",X indexé — @burkina24,Burkina 24,news.google.com,fr,,Burkina Faso,,,sécurité,5,"Port du casque au Burkina : « La récréation est terminée », prévient le ministre de la sécurité, Mahamadou Sana https://t.co/d4FqNeq7jk. x.com",https://news.google.com/rss/articles/CBMiX0FVX3lxTE9vb0pUMjhZVlJpR1NFZl90QTB1ckdrVUh6REktMTloUGZCTlQzTWFLMEtDMmtLWHVUNWhsSG5DODJqSzMzRnhNREZpbF96c0p5VEZyTmJxN1ZDQUUyZmh3?oc=5,filtered
2026-09-30,JNIM waɗii hippannde faade e konu Mali e wallidiiɓe mum Africa Coprs haa waɗi maayɓe,Google Actualités — Mali,RFI,news.google.com,fr,,Mali,,,autre,4,JNIM waɗii hippannde faade e konu Mali e wallidiiɓe mum Africa Coprs haa waɗi maayɓe RFI,https://news.google.com/rss/articles/CBMi2AFBVV95cUxOV2FHUV95V2daTUVJcEtKYjlRREJ1MzJRN3ZLUlR5eFdjd0ItQjdvMEgwWW1rQ0lDMjBUZTMtX1dlTjBFVWRCRjZ2WjNLRXgtU2ZhaVdBdEVab1pqTWZUdU1OWWNocVN6T3NOZ0JEdWpBc3RqOXRPSFNHbGtzNlNpU2tlUVhkWFcxcEI4OFBDVlRTMXlqWVJLSVdGc3g5WnFDdlE2MXJ1U0pET0RrT2x1dmVSSkJ5MWZ1WmtwTXdaVEgzcVZJZUphY0JCbFYxbkJNNnFnYmlaV3k?oc=5,published-signal
2026-09-30,"MALI: Sɔrasi 3 ani Russie kɛlɛcɛ 4, o de fagara JNIM jatigɛwale-kulu ka binkanni dɔ senfɛ Niono",Google Actualités — Mali,RFI,news.google.com,fr,Niono,Mali,14.251,-5.987,autre,5,"MALI: Sɔrasi 3 ani Russie kɛlɛcɛ 4, o de fagara JNIM jatigɛwale-kulu ka binkanni dɔ senfɛ Niono RFI",https://news.google.com/rss/articles/CBMi_gFBVV95cUxNN1BCTjJaUFZwanUyWmc2V3J2aFFlVmxmTTFRdVZjU0l0RDRkZEFFaWZKUzZudmk3U0NfeXZCLUFaSElZbG1Ya01OZ2twck5uUERrUDNsSTZUTldTZldEenNPN1prekNUVzJUOTBuVm5VOXUyWnBlS0IyN1FrRUdoWTlzazZKcXJpdDhJOHdGQ2ZkZFFVWl9KVW9JVEg4YXR4MXNVYTJ3R00tRElvWlBiVDNzRXlVYVN1T2wtZ3g2RGx0N1J4NGszMHlCXzU5UjlnakRXcllidVdrcjI5dC1vSHc4eUtvUDY1VGI1U0R2cjZIYzFEME5MWkRLRFlOdw?oc=5,published-signal
2026-09-30,"Mali : sept morts, dont quatre Russes, dans une attaque jihadiste",Google Actualités — Mali,africaradio.com,news.google.com,fr,,Mali,,,sécurité,5,"Mali : sept morts, dont quatre Russes, dans une attaque jihadiste africaradio.com",https://news.google.com/rss/articles/CBMiqgFBVV95cUxOWEl6RXdSdW1WeERpYXFxdk9TQmJZeGY0T3pURWU1OTBpVk9UWk1KQWtFWnRNWEZGSEpyUGFjT1Ita0o2aGFDemN1SVlWcEctUnByZVFpM0JsSFlKaV9FbmNMMkxEWmFGaGlGSkJnQmI1VHNoVlJCVm8zRGM4eHlXV1oxTGRQTkFxVmxqNW1VNmh2N1VpNXdUNnI5SXFHWWhibmxPVnhVVUVSdw?oc=5,published-signal
2026-09-30,La filiale d'Al Qaeda au Sahel revendique une attaque contre Africa Corps au centre du Mali,Google Actualités — Mali,Demócrata,news.google.com,fr,,Mali,,,sécurité,5,La filiale d'Al Qaeda au Sahel revendique une attaque contre Africa Corps au centre du Mali Demócrata,https://news.google.com/rss/articles/CBMizwFBVV95cUxOVUlZcmlrSnVHOXdha2lPd19RdGZMalNKWHpMWHRiUFhsakZleTNZUVF4VTJxakE0WE0yTkVadFo2VEdZWTEtTm9uYTZVWXczWk5yajI5alUyZjFUbDdDT2lpb0x1amZSREROT0dXbExtYjVnVmJRaFdObXdTcWx4eThKQmJjWldYbVZIdzJZZm9aNndFOHlOMnpaVFRQTFY0cThxb2U3YTdaSnUxSnFEb3QxZ29nQ3lxd3YyQlIzQmZzNC1rQmo2c0x2SF83VlHSAdQBQVVfeXFMTklHVmU0R3k0OW5RZV8xVnVDV3ZrTmtaN2tPZEdnNEpVaTl0NGpGdXg4OXNXZF9ZS3p1TnBReVRVdTlQS3RqYnBaRmZDQU40Y1ZlTlVMV1dBUXBNRDdDT3ZoZmtTQVo5c1o2SlRPNHNsZ1YyM2lGbnJ1MWF6bmd6cC02bzJRU09RdXBEZE05OTVUV1c0V3ZNaUlEVjVqZ1Y4NnF3Z2R4d1FYM2dqZFBlcjE0LWdBWXhrbGpRb0Y2WlQyT3NNaWVkMXhyTy1MbVNqclNzUlI?oc=5,published-signal
2026-09-30,Mali : Une embuscade du Jnim fait au moins quatre décès parmi les Russes de l’Africa Corps,Google Actualités — Mali,afrik soir,news.google.com,fr,,Mali,,,autre,4,Mali : Une embuscade du Jnim fait au moins quatre décès parmi les Russes de l’Africa Corps afrik soir,https://news.google.com/rss/articles/CBMirwFBVV95cUxPZFZfT3dDUW1HOWF0T2dJc2pnd1ZraU40UE1GZHNaMlFxNXRpSFl0OWlxUEsyLTFxT0llSEZFcVpQVEN2b0NjOHo5UXVFX1BkWm90cHNDd3VQWkpVRkphM3o0a3ItcF9oRlJ6SkNpTF90dEg4c1c0LV9Cam5DYWxPVnZrTGZmNEV2VXRrZGJqc2pkSWNHdmxzY3pQM2xjSm9RUk0xZ0pJQlZ2RUdfUE4w?oc=5,published-signal
2026-09-30,"Uranium au Niger : entre rupture avec Orano et nouveaux alliés, la stratégie de Tiani au banc d’essai",Google Actualités — Niger,Jeune Afrique,news.google.com,fr,,Niger,,,autre,3,"Uranium au Niger : entre rupture avec Orano et nouveaux alliés, la stratégie de Tiani au banc d’essai Jeune Afrique",https://news.google.com/rss/articles/CBMi7AFBVV95cUxNMGRwRUUwd3Vxb1A4UjBLbGE3UzhKWXo0QjYyRC1LLXFscDh0X0NmV3MwMTFmbXlNNlk2OUp3aFpJZlNIVThGM2RNQ0lFV2JhOFRmQzJoeFZ2czhib2lISUJadkItaXlOeWtRX3ZNazlscGF2OWRwTUcxVExpZVZ5NkotSW5YbmxFRTRQV2JNS1NHS2pYbGdvX1U5LUxPdlVJek93alYycGFRaWZNRVVuTjFnRGhHdGhQeXRfQnNOY2NaYjA3SmpzZlRmdWE3VUVQRWNTa0Z3UFBfQ1BHaklJLWlkY0lIVkdQUU9ITQ?oc=5,filtered
2026-09-30,66è anniversaire de l’indépendance de la République du Mali : L’ambassade du Mali au Niger célèbre l’événement à travers une réception à Niamey,Google Actualités — Niger,Le Sahel.org,news.google.com,fr,Niamey,Niger,13.514,2.11,autre,4,66è anniversaire de l’indépendance de la République du Mali : L’ambassade du Mali au Niger célèbre l’événement à travers une réception à Niamey Le Sahel.org,https://news.google.com/rss/articles/CBMi9gFBVV95cUxPZ0ZqdDNnQXFUVHVqc0ZGeTE1eDVXMzgzOFoyZGtENU15VlpmSThOWVExZTcwd2xjVE90S1VQRm9Kb0FHZndzbWxhTl9GTkdfNWREcFc5aTJ4Ykk5NXhHZjlqRlVXVGtoUE1ZVXJqZmhSZlFRR0M1SGJGUDBkNmlOV0U4YlFkemlNVmdJQ25uSVdweXZvMGh6UnNOYTRrNHc1dndTTk8yT2pXeC1KVXJYLWpiZjVNbE1VeHo2akRXSkxpckszakRYSjZ2WElfMi1tWm9MMzNzNGNaR21uNjc4Mnh6WmxEVjMxb3JDVGhTdXV0M1JidWc?oc=5,published-signal
2026-09-30,Niamey reçoit un véhicule de démoustication grâce à la MISIN,Google Actualités — Niger,Journal du Niger,news.google.com,fr,Niamey,Niger,13.514,2.11,autre,4,Niamey reçoit un véhicule de démoustication grâce à la MISIN Journal du Niger,https://news.google.com/rss/articles/CBMilAFBVV95cUxPbHkyNkVmZEZHZ3dnTHBPaGZIdjJvbElzRG5UVlRhU3psb0pNQ09QZ2NwMkE2ald3ZmREZHZWa0prbVVyYWFhYUI5Zm9nMVhwUFRIaEgzQ09DUWdmM1g1MGU2ZWRrN2RDY2liSHJOZ1ZueTA0STJGQ05Ec1hmaUk1RUVYRUc1OFlXTGxJenJqQmdtaXNL?oc=5,published-signal
2026-09-30,Tirmini : des jeunes filles offrent 100 bidons de savon aux centres de soins,Google Actualités — Niger,Journal du Niger,news.google.com,fr,,Niger,,,autre,3,Tirmini : des jeunes filles offrent 100 bidons de savon aux centres de soins Journal du Niger,https://news.google.com/rss/articles/CBMijAFBVV95cUxNM2FBNGY5SF95NGVnWjdOV0xCelBEdHRIclpsSXFFM3VQNWtiRWlPMmx1WVNLV3hpVVJmNTVFeUVMNkpOTGNmV1ZfUlVYUnljSWVUb0JuSlYxRzZPdVZlZ3NQM1QxRjg3UFotTlQyZmktcVF3RmdDYXZ1clVGSW1hZlZOVFozOUR3bGYxQw?oc=5,filtered
2026-09-30,"Niamey : Le Ministre des Transports, Représentant le Premier Ministre rend hommage à 12 femmes pionnières du Niger",Google Actualités — Niger,Agence Nigérienne de Presse,news.google.com,fr,Niamey,Niger,13.514,2.11,autre,4,"Niamey : Le Ministre des Transports, Représentant le Premier Ministre rend hommage à 12 femmes pionnières du Niger Agence Nigérienne de Presse",https://news.google.com/rss/articles/CBMixgFBVV95cUxPSy1sRjJBdkRnYWlCNXJWdl82SUJaUzhacXpsSkR4VHdZRGlBc3k5OEpsNzNDcnluQzdlWkF0NzJyVVVZWHRUZUd3dzVwendxSXBjRDlYU1dCRkYzNHBUSkp4OXVjYVlYVnJoWlNHY19yNzZ5T0xoRTROaGoxYVUwV1JKWlJKT3JNdFNueHJValFHVlFBLXViZVRlYVNDTlVNMGpieGpMMFRXOFpSS0dBN3RHc3JXZmRud1VLN1ViWmp4RXFJZlE?oc=5,published-signal
2026-09-30,Paix au Niger : les artistes de Zinder marchent pour l’union,Google Actualités — Niger,Journal du Niger,news.google.com,fr,Zinder,Niger,13.807,8.988,autre,4,Paix au Niger : les artistes de Zinder marchent pour l’union Journal du Niger,https://news.google.com/rss/articles/CBMihAFBVV95cUxNNEZITW9GVVdYX3NFYWF0M19KVHR1c2dMZTZuY1Bkb0JnV3B1ajNfYjBKOXhCRVlnMzBDV0t5WXZEeHZVT2pkU096eGlIQ0NETms0aV9wSzhBbjMweXdlUEJRQmE1QUJyT0xaMENKanNhMTk1MHRwaDQ2STBDWWd3TkMzdVU?oc=5,published-signal
2026-09-30,Dosso plafonne la dot et réduit les dépenses de mariage,Google Actualités — Niger,Journal du Niger,news.google.com,fr,Dosso,Niger,13.049,3.194,autre,4,Dosso plafonne la dot et réduit les dépenses de mariage Journal du Niger,https://news.google.com/rss/articles/CBMidEFVX3lxTE00SWloRW5lSFU1ZkN2RXRhYUFxUlUzS19TcVNrSmUyTXFlUUlKbkdXQ1NJOG9lNG40dmc5bThqMlhNUjdyZE5VY3pUejVqUVlzQmFIandWemZQTjNuNDVZTnlUWTVaOVVaa0ZQT08wbno0Wlpv?oc=5,published-signal
2026-09-30,Niamey : les pionniers honorés pour leur engagement social,Google Actualités — Niger,Journal du Niger,news.google.com,fr,Niamey,Niger,13.514,2.11,autre,4,Niamey : les pionniers honorés pour leur engagement social Journal du Niger,https://news.google.com/rss/articles/CBMinAFBVV95cUxPY3lOR3JZekx1SkNaajQ1N2Q3Vm5uWDVSVXJRNi1JTGNHbWN5MTE0eEswSEdzbWM0TUtGWlNhSFctMkZTVFlyQTNvRTZWRS1LZU1HX1pDMzFmMTZrNzIyeTk4RUt6eGpJdjF5Sll0TjhVaWFPVl8tSVViZUhab2VORzR5TDgxbGVxbEF6Ump6WFRZUEZfOVlpcVp5THY?oc=5,published-signal
2026-09-30,Coopération Niger-ONU : les enjeux sécuritaires au Sahel au cœur des échanges entre Ali Lamine Zeine et António Guterres,Google Actualités — Niger,aNiamey.com,news.google.com,fr,,Niger,,,autre,3,Coopération Niger-ONU : les enjeux sécuritaires au Sahel au cœur des échanges entre Ali Lamine Zeine et António Guterres aNiamey.com,https://news.google.com/rss/articles/CBMiTkFVX3lxTFB3Rkl3VHE1NTgxT201dDJLbmNkX3plbno3Z2lFaWNpZE9fUHdPRnVybW1EU1g5RVF6T1IzTFBMVVdGZDdHdmtydndvLTFVZw?oc=5,filtered
2026-09-30,Tillabéri : Le chef de canton de Sinder appelle la population à la vigilance,Google Actualités — Niger,Le Sahel.org,news.google.com,fr,Tillabéri,Niger,14.207,1.454,autre,4,Tillabéri : Le chef de canton de Sinder appelle la population à la vigilance Le Sahel.org,https://news.google.com/rss/articles/CBMioAFBVV95cUxQTXZSTlJCSDVsa1hsNDduYjJmcHpwUGN5RUdWeG5XcHdEaE9iWXEwQ2ZLcnlPUVZMZFpHWi1wNlpkNHlZUGdBQVBHYmREU0FOWVRQN2llUDN1UU1KU251aFlXdGV0bHpjdzJGLXRiZERreUk0N3ZWTnhWZ2lsTkdlcGo2Zi15eTQxZVBaZ1FBZmxWTXpkYl9nYTVrZjAydG9z?oc=5,published-signal
2026-09-30,Appels sur l'actualité - Angleterre : le projet d’attaque d’une base militaire a-t-il un lien avec l’Iran?,Google Actualités — Burkina Faso,RFI,news.google.com,fr,,Burkina Faso,,,sécurité,5,Appels sur l'actualité - Angleterre : le projet d’attaque d’une base militaire a-t-il un lien avec l’Iran? RFI,https://news.google.com/rss/articles/CBMi3wFBVV95cUxNYWJsQUN4YWt3bl92ZnM0aWc3c0w2bUVHU2dONk9VZ3pnZVZuN1dUN2VBY2FLaV9WMTRyZ3JJaTJkdmNUWTJtaEpIR3dJN20ySmtWZFd6cTZDUUxKV21Pc3lVMGxmdnVkSE40YnFDUGstVTlxMm42aUp3TGh6OUNkQ3dXa3hwRmZjanhmUzJvdFYxdWdNQ2tFc294WTFPMEFQcXUwM0JYVzFJTHBadV8tb3hoRXJrWGZ4TFppSUFPVk5HbThOOXVfTy1aUEJhMk5hMEoxc2RKajB2WGFhM2p3?oc=5,published-signal
2026-09-30,"Burkina Faso : comment Ibrahim Traoré joue la corde révolutionnaire, quatre ans après son coup d’Etat",Google Actualités — Burkina Faso,La Croix,news.google.com,fr,,Burkina Faso,,,autre,3,"Burkina Faso : comment Ibrahim Traoré joue la corde révolutionnaire, quatre ans après son coup d’Etat La Croix",https://news.google.com/rss/articles/CBMi4AFBVV95cUxPM2RhNGNObW9xOEZOeGxyWkxXZk1HdWJvdUxBdVVBaHRrbEZmYUxLVjdKcjAtTkdwVFR2R3hXYUk4Qk4tdEU1dHhiVEVkQVU5RzVhMVhNeDg3X0dTYy1NMkpGSlBjUGd3XzNmeVlCVkRUNElEMVZoMW1KWVlWYkgzTDc4RTFFWlV6SWhxVEhESlhpaVY4cm82V3VNa1VpeHZFTWh3ZXBwTEFuZU05Q0F3VFZSMHh4VnF6QUVkWTY3RldvaTg3cFNxTm9CejNXeVFfemFkZ2E4cm9FbzlfVEgtRQ?oc=5,filtered
2026-09-30,Burkina Faso : quatre ans de pouvoir pour Ibrahim Traoré,Google Actualités — Burkina Faso,DW.com,news.google.com,fr,,Burkina Faso,,,autre,3,Burkina Faso : quatre ans de pouvoir pour Ibrahim Traoré DW.com,https://news.google.com/rss/articles/CBMiiwFBVV95cUxNektqRmVpeXJpT2hHaHBRdnNLX3Vka3pNakJkdTlJdFlLM2tJSEQwdEtfU1lERXFlaTVLNURzb3FYVzVIajJhY3pUOGRydnNFUnV1M21QTjJpOXVEd1VxMmRsUFhtWUxhdnB4ZElYRThySzgtbkxhbTBPYUJKSTRaNzBjMjJfQkQ3RlhJ0gGLAUFVX3lxTE56cHF0OEs2ZWJvUWRNSjFRU3MyWXp0Wi1ISmxXVUozYzJNRGhQdU5ySVBkdnZKZmVCWHVvVl9LeHA1SEVHRklTQUlJSUFqSmVObHh6TVRZS0pKX0JqNG5ReG4xRzdhYm1YOG9CdVVIVXppX3FMSF9ZLTI2cVJueFFhZzA0Sjh4cEZpek0?oc=5,filtered
2026-09-30,Boussé : un crocodile capturé après l’attaque d’un enfant – International,Google Actualités — Burkina Faso,linitiative.ca,news.google.com,fr,Boussé,Burkina Faso,12.661,-1.895,autre,4,Boussé : un crocodile capturé après l’attaque d’un enfant – International linitiative.ca,https://news.google.com/rss/articles/CBMilgFBVV95cUxPR2R5QWFreGcwSDdhMm1OQ2Jacm1iRWw1T1FvUkpldndicWw3dkVDT3kxZ0Z0Q1g3Ri13WXltU2NlbjlneGtEYk5COWZxRTN3bVloeUJub3FXUXlJT25QWUVJWVB2YTBScGZzRmx5cGRTdy1VcFpmZmNmWW00QW1yb2tmaC00eUxJMHZXdzczUnJ6VHp3SWc?oc=5,published-signal
2026-09-30,Burkina : 250 milliards FCFA mobilisés pour le FSP,Google Actualités — Burkina Faso,APAnews - Agence de Presse Africaine,news.google.com,fr,,Burkina Faso,,,autre,3,Burkina : 250 milliards FCFA mobilisés pour le FSP APAnews - Agence de Presse Africaine,https://news.google.com/rss/articles/CBMiiAFBVV95cUxOekNYMTdtZjlYYWNpUlprdXlTbEdPNFJxX1l4bFF6MFpHRktLYmNXbV9kdDI5YWpaVzFVVWJucFhyYjhfOWphbnVIODBwbUstVnM4UVIyNVpLMi1KakZyUXpCV1lFUTVHT1YtRTNsWng4NEpDVHlhT2hIdFh5cUFiOHlidTl1MmNR?oc=5,filtered
2026-09-30,Burkina Faso : L’Initiative présidentielle pour la production agricole et l’autosuffisance alimentaire (IP-P3A) outille 100 jeunes en pisciculture en bac,Google Actualités — Burkina Faso,Burkina24.com,news.google.com,fr,,Burkina Faso,,,autre,3,Burkina Faso : L’Initiative présidentielle pour la production agricole et l’autosuffisance alimentaire (IP-P3A) outille 100 jeunes en pisciculture en bac Burkina24.com,https://news.google.com/rss/articles/CBMijgJBVV95cUxQbUtaWGwzRGloc1JZU0JTbHM3OTgyUDJmY0t3TzdRV0pVQjkzTzYybjRaVEpBVXlHS0xtUm51Vy02SHNWMkFjc1JUOHdCUkpHdnJTWlBCVVNybTgzTTAxTU9mdnA2VWN2OXNCckNsU0luS0p1LUh0N2V3NXRmeEZ2SHJOUHRkLWZKa21nYTNfdzZsWmRzS0I4WUNLOVFPVXdMcFg1ZnVQVkNTTlJGbEhmdFN3VmIxejBfLXNfeVJicENOMVN2QVY1ZmxBcG9HX1l5c1FCOFJLVGk5TTd0elhmUy1QRFBMSjdha0JvTmJxS2txY0ZpMjJiUmtwSF94ZTVKNThMQ2hlYTEzVWRPTmc?oc=5,filtered
2026-09-30,Fonds de soutien patriotique : Plus de 250 milliards FCFA mobilisés au 29 septembre 2026,Google Actualités — Burkina Faso,Burkina24.com,news.google.com,fr,,Burkina Faso,,,autre,3,Fonds de soutien patriotique : Plus de 250 milliards FCFA mobilisés au 29 septembre 2026 Burkina24.com,https://news.google.com/rss/articles/CBMivAFBVV95cUxQUU0wdXlIdVIwcjRZSW82S3hvSndZV0lTbUFZR3ZCd05ueDQ0UFlrN0k3elZTaHBxZ1EzUGpFbC1sUm5jVlROcVRvLUw0bUcyQ1pCakpGeThaMWRwZk9LWVhYSHpoaHYxLWJXcXFMY1dQRE12WmpXbnJDUW4zcC1KV3pOem9YaUJ4S0FOc2Z3eTBPVDhtWWhBZlhTYzU0MlhCenFCV0ZfbWhSV0tSa0kyeFYwb0dtODF0YWtNeQ?oc=5,filtered
2026-09-30,CAN 2027 (Q) : Le Bénin prend la tête du groupe F devant le Burkina Faso,Google Actualités — Burkina Faso,Pan Africa Football,news.google.com,fr,,Burkina Faso,,,autre,3,CAN 2027 (Q) : Le Bénin prend la tête du groupe F devant le Burkina Faso Pan Africa Football,https://news.google.com/rss/articles/CBMibkFVX3lxTE1oX2JDZXJYQWMyb29iX3ZJNUpGY3RoZmd2am5aUGZoRGFYSW5zUGJpdnpjWnZQVjJ0b3Y0OE9DOGpCRERGRGlTallzVGZSU19BWDFrZkJrbnNpSUw5R29YeWNmUXNoSl9oZ3dkYS1R?oc=5,filtered
2026-09-30,Burkina Faso : un enfant de 7 ans sauvé des mâchoires d’un crocodile,Google Actualités — Burkina Faso,Le bled parle,news.google.com,fr,,Burkina Faso,,,autre,3,Burkina Faso : un enfant de 7 ans sauvé des mâchoires d’un crocodile Le bled parle,https://news.google.com/rss/articles/CBMimgFBVV95cUxNck1mM2NlMUUwVDhnT05rX3NReDE0RG1FdnFiUzdjV0FQQ2tHWEh6Y0FOdDJOWWVBV0lFM2VhQWtBc0pnVUxvNHl4aHZNLTQxRm1lOXMwVF9TY3hCdW52YktoeGJxR0hTLUY4czJUTF8tLXpVcUFMNURnVWxxeTRnMmJadTYzb3hpeHlzaXBiOVRkQUd1dHQ0OER3?oc=5,filtered
2026-09-30,Mauritanie: des proches de blogueurs installés à l'étranger arrêtés par la police,Google Actualités — Mauritanie,RFI,news.google.com,fr,,Mauritanie,,,autre,3,Mauritanie: des proches de blogueurs installés à l'étranger arrêtés par la police RFI,https://news.google.com/rss/articles/CBMi3AFBVV95cUxQclAyZ0xGNzQzeTMxRENzVmVsLThXdHAxT0oxUTBWSkRrM1pmWS1OcWdjWjJhTFZCb0EyQVU4YmJyRmJaMEFEcl9ROFdJMXhNcjBCY0J1NTV3bktiMml5bnBjWVdvSTJkalM4Z1dQN2JCR3AzS0FrZjB4SkZyMWpETTJUTURwN1FJZHE1clJYazRJeFhrbl9ZYjFsNFl6UHdlV2wxdGxKSTNINkFUbktZbUFSUE52T1FZS1lzQW1YVE1rRTcyc25NYUZYMEJHWmFEMVI1WUxPV1VOVVRO?oc=5,filtered
2026-09-30,Polis Mauritanie fawii junngo yimɓe njeegomo tawi ko koreeji blogerɓe e jeertinooɓe wonɓe caggal leydi,Google Actualités — Mauritanie,RFI,news.google.com,fr,,Mauritanie,,,autre,3,Polis Mauritanie fawii junngo yimɓe njeegomo tawi ko koreeji blogerɓe e jeertinooɓe wonɓe caggal leydi RFI,https://news.google.com/rss/articles/CBMi8AFBVV95cUxQelR3c3JJMjVFWmJMNHRxZVNwSHdoZjNZMGwzbTI3SzIxYUFienhUS0NkdG82d2VZWkNLWWJZQW9uR1VFTElUSDZpQ3c2UW1kdEVEUUpQTkYzQWphU2lzT0k5Mkd5Sm5hMzBKNW9hZDNlNU1BbnZJa1lPZDVNZzAyeVRDc0llWkhOUDAxRjZMVlIzeFpYd0lUYTU2c2FIb3ladlNld3AxaFFwQXoyMXpPSTF0dUNJN2JVbmxhTWEzV1dzdG81VmRkSTR5a0RzUE1UTF9aYWtDZFJma2JUU1FRYXRSbHVvMmxpSGptYU1ROE0?oc=5,filtered
2026-09-30,"Mauritanie. Fintech Hackathon: femmes, innovation et finances dans l’espace OCI au menu de la 2e édition",Google Actualités — Mauritanie,Le360 Afrique,news.google.com,fr,,Mauritanie,,,autre,3,"Mauritanie. Fintech Hackathon: femmes, innovation et finances dans l’espace OCI au menu de la 2e édition Le360 Afrique",https://news.google.com/rss/articles/CBMi9AFBVV95cUxQTWMtU3h0WkdCT0NYMmEwcUdMcXotS09yS2FhdDlTT0ZHOTVOdnJaeGtQOVlSMHpld0pCT1Y3d1NIeDhWcnhrU1R1dFMyRHloNkhpTEtlX0VLRllfSGRENFN6cU1HSVhiT0lTdXU5RnlRUDlRUHV4NFRsUEpJbHdIN3AzTEpCYWtieDdRQXFhb2ZWTWhiSGdVMm5keEROcF9aN0hzZllxZm1pQ2RrbUtMckt5ejNiVUVDNGtRVzJBSWZTVnNvaG42c3dCRnNRNDNEWWFPOUVHbkkxLUtjNkdmb0N6RTJnXzdJRGZLeXptS2RxUkZH?oc=5,filtered
2026-09-30,Mauritanie : Dakar et Nouakchott renforcent leur partenariat dans la vallée du fleuve Sénégal,Google Actualités — Mauritanie,Cridem,news.google.com,fr,Nouakchott,Mauritanie,18.086,-15.979,autre,4,Mauritanie : Dakar et Nouakchott renforcent leur partenariat dans la vallée du fleuve Sénégal Cridem,https://news.google.com/rss/articles/CBMiYEFVX3lxTE9yc2plV200eS1mYkxPV3Mwam9qdlBKM1lGd3hBVnlrVnFvbEYyYVNSbnRDbDZVYXFnSms1UUc3ZEZZaUMxRE9WR2JxVXJuTG84MmlfRWYyRExCRXdweVJ1Xw?oc=5,published-signal
2026-09-30,Dakhlet Nouadhibou-Poste-frontière PK55 / saisie d'environ 26 kg de cannabis et arrestation de deux étrangers,Google Actualités — Mauritanie,Cridem,news.google.com,fr,Nouadhibou,Mauritanie,20.942,-17.038,autre,4,Dakhlet Nouadhibou-Poste-frontière PK55 / saisie d'environ 26 kg de cannabis et arrestation de deux étrangers Cridem,https://news.google.com/rss/articles/CBMiYEFVX3lxTE5qaEg5THZheXlSOEYzRXJjLXpVSHk0ZUk0OTd4eTdDbHBFUTgtS0Y4OFEyN1h3S0FORWtTSmdZaWdnSFhLWi1SNU5GQk91MWt6aWllamM0RGdRLTdaNWJ4eQ?oc=5,published-signal
2026-09-30,Mauritanie et l’OTAN examinent le renforcement de leur coopération militaire,Google Actualités — Mauritanie,Cridem,news.google.com,fr,,Mauritanie,,,sécurité,5,Mauritanie et l’OTAN examinent le renforcement de leur coopération militaire Cridem,https://news.google.com/rss/articles/CBMiWEFVX3lxTE1KdEx5Z1hkUVlVb2Izb25aWFh5cndvOTNudUNYdE0xNFc1V2d0VjZyRWFZYzU5T2xMNEcycVFfRWNmcVMwN21HRllQQXNISEpTdk9MTkI2UFc?oc=5,published-signal
2026-09-30,L’insécurité étrangle les économies du corridor Cameroun-Tchad,Google Actualités — Tchad,ISS Africa,news.google.com,fr,,Tchad,,,autre,3,L’insécurité étrangle les économies du corridor Cameroun-Tchad ISS Africa,https://news.google.com/rss/articles/CBMingFBVV95cUxNX2NBZFc0aVFxdVZNUm5ZaE91Q0lHNm56dENkbVQxc3NYNUU5Wl8wYjlUY1lLckFUYXBmSlFBUjJ6M3IwMktlYWRxMmVHVklucEtreXNUU21ncGl6OGhva3VTSXUwZ3ZmbXJEYTZLMUV0cVkwOXAzeU5yT2lzdnZBY0FaTzZtYjRfYTZhdDdMbFRnN0EzQkFOVW5KUUU1UQ?oc=5,filtered
2026-09-30,Extrême-Nord : une unité du BIR annoncée au Lac Tchad pour stopper l'hémorragie sécuritaire et humanitaire,Google Actualités — Tchad,Journalducameroun.com,news.google.com,fr,,Tchad,,,humanitaire,3,Extrême-Nord : une unité du BIR annoncée au Lac Tchad pour stopper l'hémorragie sécuritaire et humanitaire Journalducameroun.com,https://news.google.com/rss/articles/CBMi0wFBVV95cUxNT0liOHlZTl91NHFBSGRicEJCR3lkVzg2RXFoZVlEdC02UlhMSGUzV05UTko0eHdoQmgxVkFUc0dQUmdQRlBWaUxIWDNaSDdwOFFkWkNyYUhhQmRiV3VDNXFtUXkzMWZfTkd3V1ExNWQwajQ0UnRWblBlRS1JSjByWHltRWd1UV9sSmRFSkxCLTZCMDFwZVItYnpyT3dwVDVmWmpVRDFidjZycVdxWl85Tk4tbUVhRERBRDN0c0pPNllFTVhsU0ZYbVN0ZkJ1M1M2bUNV?oc=5,filtered
2026-09-30,"Au Cameroun, la grève du Syndicat national des enseignants du supérieur se poursuit",France 24 Afrique,France 24 Afrique,www.france24.com,fr,,,,,autre,1,"Au Cameroun, la rentrée universitaire prévue le 7 octobre prochain pourrait ne pas avoir lieu. En cause : une grève illimitée déclenchée par le Synes, le Syndicat national des enseignants du supérieur, depuis le 3 septembre 2026. Les enseignants réclament le paiement de 16 milliards de francs CFA de primes académiques, soit près de 24 millions d'e…",https://www.france24.com/fr/%C3%A9missions/journal-de-l-afrique/20260930-au-cameroun-la-gr%C3%A8ve-illimit%C3%A9e-du-syndicat-national-des-enseignants-du-sup%C3%A9rieur-se-poursuit,filtered
2026-09-30,CAN 2027 (Q) : la Guinée-Bissau surprend le Nigeria,DW Afrique,DW Afrique,www.dw.com,fr,,,,,autre,1,La Guinée-Bissau a réalisé un exploit en s'imposant contre le Nigeria (3-0). Les Bissau-Guinéens enchaînent deux victoires en deux matchs des éliminatoires à la CAN 2027.,https://www.dw.com/fr/can-2027-q-la-guinée-bissau-surprend-le-nigeria/a-79492268?maca=fra-rss-fre-all-1482-xml-mrss,filtered
2026-09-30,Le Niger sur Kalangou du 30 septembre 2026,Studio Kalangou,Studio Kalangou,www.studiokalangou.org,fr,Dosso,Niger,13.049,3.194,autre,4,"Listen to « Élevage, espaces pastoraux et dialogue social (Le Niger sur Kalangou) » on Spreaker. Dans l’émission de ce mercredi : Playlist musicale • « Gozombiro » de l’Orchestre Toubal de Dosso « Debbo » de Dadin Kowa",https://www.studiokalangou.org/142638-lavancee-des-terres-agricoles-changement-climatique,filtered
2026-09-29,Crimes de guerre commis par l'armée malienne et Wagner,Google Actualités — Mali,Amnesty International,news.google.com,fr,,Mali,,,sécurité,6,Crimes de guerre commis par l'armée malienne et Wagner Amnesty International,https://news.google.com/rss/articles/CBMicEFVX3lxTE5RdmM4N0Z6M0tjVWc3V05KN2lmdW5KdHJXcWNhRVd3VnowM1otZ2VDWUVNZUwyUTA5MzNtZHVnMzJvNmhocnhkSEpiU0xmMzhuVlJQSzBWVHR5dUJBdy1aNjg0bHVUc1h0Qm1WOHB1WGg?oc=5,published-signal
2026-09-29,Mali: embuscade meurtrière des jihadistes du Jnim à Niono contre l'Africa Corps russe,Google Actualités — Mali,RFI,news.google.com,fr,Niono,Mali,14.251,-5.987,sécurité,7,Mali: embuscade meurtrière des jihadistes du Jnim à Niono contre l'Africa Corps russe RFI,https://news.google.com/rss/articles/CBMizgFBVV95cUxNQklpbTNwVlQ3TkdlaENzbEpINHdDZkFzV3lYamJCWk12NUZ3M0tPeW1zZFNobGFxR2Vabjd5a25qc1d3OGc3ZmtlM3ZvUG92anc3V2Z6MlRWOGREN0F6MFVxUjBoMXZNM2s3T1RIZ1VYQWRzMEM0c2RQVDNlbnB2U2hPRlZ0bVRLemV6cmkyUDgtVUxLQ0VOS1BmeWJoYm00ZXJ2ZjRkaWRlQWE5ZmVsM2pURExrYU5YVzc4YnhsWWllMmkwYm5NbEV3bFBzdw?oc=5,published-signal
2026-09-29,Mali : Amnesty accuse les FAMa et Wagner de crimes de guerre,Google Actualités — Mali,aa.com.tr,news.google.com,fr,,Mali,,,autre,4,Mali : Amnesty accuse les FAMa et Wagner de crimes de guerre aa.com.tr,https://news.google.com/rss/articles/CBMioAFBVV95cUxOYWVuNWpwOUlidTNZLWlfTVlUQlNpVklCeDBHRXhHSE9HNEZCdFZHa3ZqMHlHMDJaMEs0TkNGZFItSFZwRFRrYnQ4VnpGaVd6U09qZDhMb3dpZUxYS0pXbkc0MWtrdDlYVS1UdjZUT25oQTc4YXZlcWdsMWVheUNqc3lCVVpXbWxMVkpUVDJrRTZEYmFhd3NPSUl1OHN4LTZY?oc=5,published-signal
2026-09-29,Mali : Amnesty International accuse l’armée et le Groupe Wagner de « crimes de guerre »,Google Actualités — Mali,Le Monde.fr,news.google.com,fr,,Mali,,,autre,3,Mali : Amnesty International accuse l’armée et le Groupe Wagner de « crimes de guerre » Le Monde.fr,https://news.google.com/rss/articles/CBMi4wFBVV95cUxPQzhmM1VsVmN2aTFrZy1IWEFYc2tXVHgtTGJlN3dNQU40SWhYM2NEa1NneDdmNXh2RjVJZkNTcUJQQ1A1SERSakJfLVViZDUya0JySzdNcGNfV1N0MmNqbEJBYl9PVWI5TlJPRC1UZ1R4b2pTSUd4Z3YwQXJwNUlTZ1FpT1laOGlLRzRzSVlZRTFKRHdXdmF3dHRGQmwtVlZHMVVhTm1Jajd1YjF2cFNYM2g2bEVQaGplNlhRY19KejYyVXhuM0thVTZ6SThzM1p1c1htZnVrUXNlbXNBRkhkbU14OA?oc=5,filtered
2026-09-29,Mali : Amnesty documente des exactions de l’armée et de Wagner,Google Actualités — Mali,Africtelegraph,news.google.com,fr,,Mali,,,autre,3,Mali : Amnesty documente des exactions de l’armée et de Wagner Africtelegraph,https://news.google.com/rss/articles/CBMilwFBVV95cUxONW1Za2FjV0k3NVJkc0FzdzNOLUhOQkRodHhDZE5IV193dGZqYkw4ZGV3Si1QTGtxbjRQTENZTTFkUkFlaHdHUktiZDdkTFcyR25XY2R6VzRzM01CZDAwYV9ENTdCUUNDM1FDX3BBWjQtbWo5czNhVEF1NHhuWUlFdnBCd3pQeVZSSjVmS1NIRUpGN1l1aW5F?oc=5,filtered
2026-09-29,Mali : au moins 3 militaires et 4 paramilitaires russes tués dans une attaque jihadiste,Google Actualités — Mali,DAKARACTU.COM,news.google.com,fr,,Mali,,,sécurité,5,Mali : au moins 3 militaires et 4 paramilitaires russes tués dans une attaque jihadiste DAKARACTU.COM,https://news.google.com/rss/articles/CBMiwgFBVV95cUxPcUd2bFV0V3JJSWRzOWVyT3d4X2o5THBlel8tZWFNcjBwRmNKLW1kcnUxYnZ5S29XX3ljZ2F6QWtNVC1RYTBIV29zTU1weVBJajdCVHA1X2FDd2pCaUZ2enRYa2ZXbVMtaVVPV0pJTUlheWtwTnhnWW43bnk4Sk5pMXNVRDdtaE1KQlZpSHlrenVLeWVPZzRnZ1RsMnNWVGFWMW1hdDVrTUVGXzcwaDdJUk03aW0wb2pLeUJNbUdsRVdfdw?oc=5,published-signal
2026-09-29,Des rebelles touaregs du FLA assument des attaques avec des drones contre l'armée et les forces russes dans le nord du Mali,Google Actualités — Mali,Demócrata,news.google.com,fr,,Mali,,,sécurité,6,Des rebelles touaregs du FLA assument des attaques avec des drones contre l'armée et les forces russes dans le nord du Mali Demócrata,https://news.google.com/rss/articles/CBMi-gFBVV95cUxNbDYwdWtkaGtRNmxlNEFKd2VwTEo4SmFNT2FQX1JWTXc4ZGJhV2lTYUYycDdXNTdZMjVZalN1YXNROURtbkZfY3RrbWdQTndVSThpaUxUbXgyS1lxT3pkZ2ZpeHQ3azF6YkFCTm9QUlZFX2xPRGoxV01fMWhfSUQ3OElxb1hFbDcya2lSZHl2ek92bVZrNU5OREE4NUhieHZuM093NVdGdzhEYXhzaWRxSWZKdFJqTWkzVEROSk9oTzlPTTlMZVpxZ0pPVjh2S1RUQW5XSGpobG9DeEFFdE9HTkNmRHp1bXRpTmJkMmZoZHRuVVF1bVcteWln0gH_AUFVX3lxTE0tT0djZ3VJZUNvcFQ0cWotdVJ6ZnJXSHg0c1l4dXhTdVJrTnBwWEZzOUdkelUyQXpaamQtM19FNW1VcXpzUHlrSW1CNEhTd2FyTzQySkV3bFNqTnhPWnRYVlE1eGU4YnJmanRiZkY0aWxadUJvZlpxdUxmRWUzT2dXQWlHazQ4RkM2enY1dHByLWx6V3g4OHdTbHpRZlZwTmoyRlpOZmt0VjRNZjlqTkpTOGtrYW5WS3pLQlpJWGFHSklUZ3lEc19iWUdram1nX3JieEFDNi10MjRvNlFEMWhZUVI2c0U5VjJYWFg0dC1YRE9ZUDNvM211X0dxZ2NoMA?oc=5,published-signal
2026-09-29,Conflit au Mali depuis 2012 : ce que les données révèlent de la vulnérabilité des femmes et des enfants,Google Actualités — Mali,MaliActu,news.google.com,fr,,Mali,,,sécurité,5,Conflit au Mali depuis 2012 : ce que les données révèlent de la vulnérabilité des femmes et des enfants MaliActu,https://news.google.com/rss/articles/CBMiwAFBVV95cUxQRDhVS3cxWjlEdFhSOUpGVUpqMlpBRkpHNWkwZDBsbTMxcmIyYlR3MkJjNzV5ajlfc19QbmR3OVFSa0NtRnNRY3dkUnp2MzNFeENMeTdRLVAyUERVV2FpUTJHLVNxWWNSUDExeVhVNzNlSWxYMEJZVDJVZ3U4MWVZYUpQQ1gtMWxZNXZZZ0ZVTFhtaDROS2VXWnpmMUNrMUpteVlEejFsUTVwVkdWWlhQTHRRSHBlV1dBVlJkalpfSC3SAcgBQVVfeXFMTm1qLXk0SlZxaWJEdXN2UmZmMVBrMUl2d2N2bzJlczdNeXRWZmVHR1pROFJwbnJ5QlNuUnEyTjNteWZrSWYzdURnUGRNbEJIZE91Yll1ZUNLM3BhWGNVWTQ0VFBXcDU1YUhtTUZia0VlemJ4WlFON1hGRXJ2azNYVjhSMk0xcHk3cEVGZEUtb2hiM2J2NVVuaWRHUEEwLUx0TndGdTNmU0hDU1dVbmJQTVlUOU5OQmt3a2l3OFFyZ1lsdV8zOEsweFM?oc=5,published-signal
2026-09-29,Mali : l’armée affirme avoir neutralisé au moins 50 combattants près d’Abeïbara,Google Actualités — Mali,Benin Web TV,news.google.com,fr,,Mali,,,autre,3,Mali : l’armée affirme avoir neutralisé au moins 50 combattants près d’Abeïbara Benin Web TV,https://news.google.com/rss/articles/CBMinwFBVV95cUxQRmJWeHBYY0EyT3N5bXBfcXI2TUxMLVozZTBmVGUxWFBqSm1FX0F6LUlNcmZoREM0ZktvbFY2SWVIeFlpR0M0RDBIMHVIbTVtMXgzM1BhOEw4TGN3cUFabEZ4dkc3NWcwMUZQNnJ4WjMxMXVRV3BKa3pKZlZsTS1DX1JlcHVyLWIwQlBJcHFSZnkxd3dsdU1TX2R4SmYzWWc?oc=5,filtered
2026-09-29,Mali : Amnesty International accuse l’armée et Wagner de crimes de guerre contre des civils,Google Actualités — Mali,icilome.com,news.google.com,fr,,Mali,,,autre,3,Mali : Amnesty International accuse l’armée et Wagner de crimes de guerre contre des civils icilome.com,https://news.google.com/rss/articles/CBMiS0FVX3lxTE1OQjEzOGZUcFdsQm8wTXNxV0VleVhuT3dfd2tsY19oMW4zTy1nbUd4OVRRR1hvVm9MQ0NxYko3X0l4and3OFdEU3p1RQ?oc=5,filtered
2026-09-29,OPÉRATION DOUGOUKOLOKO : LES FAMA NEUTRALISENT PLUSIEURS GROUPES TERRORISTES À BOGHASSA ET SOFARA,Google Actualités — Mali,Mali 24,news.google.com,fr,,Mali,,,autre,4,OPÉRATION DOUGOUKOLOKO : LES FAMA NEUTRALISENT PLUSIEURS GROUPES TERRORISTES À BOGHASSA ET SOFARA Mali 24,https://news.google.com/rss/articles/CBMitwFBVV95cUxONF9TVHpiemMzeXZ0Z2JQQmd1WVZmR0EzeHYwWGljSFhJcGswS1RMbEt3dmJjeFdBWDJQM054TDhaZDVDVnVlSnZmUWdpUXVxUS1IUWtJU0hoU25XUmhqSVhtbVpGMzVDUjJVX2JLeExkYXZOR1ZWVGdheUxzYm11UGdZMV96dzFsckVuekNwZmFaYUZkLXBESWRQcmU3Y2JIZlJEN2wxMVdCekNnZjZNc1ZhZml4bXPSAbwBQVVfeXFMUHNob1p2SS1OOU5Eb1RzdGRsa0hjbWppRi1EalJhX0tjOGV6TkNleDI0Z1g0c0Yzb0ZEMFpjM3ZCcVVPelhkT3Z5QXJSaWFqQ2lUMWUwejl5YUJ1SHFRZ1Y2bVI1Y08tVVoyN1d2UUdfR0xOTVBPVzQySFhpQWJQd2tvT3Q0a243bExsRFNWNFB5VHJfbzBSX3UtVDQ0ZkVLeXRvX1NZSnhrNTA2REwtWExac19UYUNhLV9Pa24?oc=5,published-signal
2026-09-29,OPÉRATION DOUGOUKOLOKO : LES FAMA ÉCRASENT PLUSIEURS NIDS TERRORISTES À NIONO ET DIOURA,Google Actualités — Mali,Mali 24,news.google.com,fr,Niono,Mali,14.251,-5.987,autre,5,OPÉRATION DOUGOUKOLOKO : LES FAMA ÉCRASENT PLUSIEURS NIDS TERRORISTES À NIONO ET DIOURA Mali 24,https://news.google.com/rss/articles/CBMiqgFBVV95cUxORnd4eXd0MDd3S3luSW5HRHNxMDB0WkluYkxESjJjbHlyd1dYVG91ZlBoX2Jld25LazAwQ1JmTi1LYTFFbDRmVjJwT1YzWWxlLXlEbUZUQnF2RU9GMENraGhET3laeU5iRkctWFFRWGtGa2xONjdQdEZ2Z2taRlUzVml6TERzVHAtd1N4NXMtYTc3QWF1QjdaTS03U2c3U0N2NXRyZFpfNDhrd9IBrwFBVV95cUxQc0JxNEtvcC0tcGVYUmlDZ0lNdXF0NmVsS1NHLTlOZ1ZyeUx5X3VLZzRsVDRSRnBESTlzQXp0bGRGd2d6NGJaWUZOZFJMXzZ0NGdrc3pVU3hMY2FJcU5rWTZDSUVGNnE3czZZa3draWJRV3I2ZHF1VmhiOExtMU52RVpWcExGZ0xNa29zdW9TcUEwVU5udWVHWFc0SUhfa3A4QkdtTUhIbnIwSDhUbHVF?oc=5,published-signal
2026-09-29,Le Niger relance son exploitation d'uranium pour attirer de nouveaux capitaux,Google Actualités — Niger,fr.africanews.com,news.google.com,fr,,Niger,,,autre,3,Le Niger relance son exploitation d'uranium pour attirer de nouveaux capitaux fr.africanews.com,https://news.google.com/rss/articles/CBMivwFBVV95cUxPOXNmMlB3QWduVnZRcExZampha3A5YTI0YVpndG5zSHZMNGx5MWhJWHIxVTlIMDk3UXNsMi1ja1pnSmYyZkxUWmhNWTJaSkpQUXpRSTI3bjFWYzVGcnF5SlAtbmYyOGpmRnp3S25vbVNfUDE5bEVoUDV5YXJJSGFNQmZVRXNGelFac3JIOElRYXVuaGs4T2NRZ0dKZDBKV09ULTZrQlgyeTFxXzdiSHlfVU9ZRlRHVnpNdzJfTVoxRdIBxAFBVV95cUxNTlFncjFIN2FVTUFMLVFvTHliWGJCMW1BYVJoYTNxVnlFZzM3QVoxbmJ0c0lsRHJ3bTRuWE04cTRKUVp5U0Fla2lIbGVUV0ZGdm9feEhST0EwVlB3ekdjUF94bnh5MlZjWmlKR1FWeFRfRkVOY3ZtM2RNdnBpQ0N5UlQtUlhvZ09yNjdhMmpvVmc2UUt0aDY2TTJ5RTdYZ2t6SjQ0RlZxZXQyNUFfQW9fSzJyVzVENzU1RVYwY0YyUlExRy1Y?oc=5,filtered
2026-09-29,"NIGER: Nin y'a tile 29 ye, kabini kunnafonidila Moussa KAKA diyagoya minɛnen don",Google Actualités — Niger,RFI,news.google.com,fr,,Niger,,,autre,3,"NIGER: Nin y'a tile 29 ye, kabini kunnafonidila Moussa KAKA diyagoya minɛnen don RFI",https://news.google.com/rss/articles/CBMiwgFBVV95cUxNb2Q5QzQ0Z1pBblBtMDJ3N0xLRTVQMWhPajhSdnJ3SDlBbW5vTlI3S2pvaHYzX1lNWG9EeXVxeng3dVVjMWszMldQLV9KVERxQ3VoUVdmUTh0RjNBLXJzeGJpNUhMV3VLQkYxdWtuekQ0MTZfRGlwSF9lU0tueUlKbVF1Tm1STGJJUjQ4Y3NOcDc3ZmpYVjdZUkRsRkFJUk5DUHdreF9tQlhSOHpqdDBDeldJWGs3R0M4dTVrM2R1VWZ0UQ?oc=5,filtered
2026-09-29,La mutinerie au Niger révèle une stratégie de la sécurité défectueuse,Google Actualités — Niger,Africa Defense Forum,news.google.com,fr,,Niger,,,sécurité,5,La mutinerie au Niger révèle une stratégie de la sécurité défectueuse Africa Defense Forum,https://news.google.com/rss/articles/CBMiqgFBVV95cUxQNF93Wnp4Q2E1WnAxNXJfZGJrVUR3VHVkVnRkZl9EU0dEeDdPQmxKa0ZiX0g0OGVDWFpRdFpIamhLdTY4TU9ybXloYnlvOW5LUHl1YmJWLVp0aHpyOXdTaHJKc1B4QlRsSktXakVUN3ktVV9jaTZiMXNhY3F1LUd4bF8tU1EtRGROemZFV1FHSUVWUV9XQkoydzZhb1pYWDNKVGQ0cjdPaWlpdw?oc=5,published-signal
2026-09-29,Pétrole nigérien : pourquoi Bamako et Ouagadougou peinent à en profiter,Google Actualités — Niger,Africtelegraph,news.google.com,fr,,Niger,,,autre,3,Pétrole nigérien : pourquoi Bamako et Ouagadougou peinent à en profiter Africtelegraph,https://news.google.com/rss/articles/CBMipAFBVV95cUxQalYzNmJaWjFJOTRSNlpEVmVoYjYyVVlTUk9TX1g4bmVMcjlhVnZiR1hfeFoxcUd3aXF4YU1EZDRUT3RKbHBrVXZkaGY4a25DUTZZdjA2YXozYnVwb1VNc1Y3NHFBZjBjLTZJaHE5enVvM0RLNTY2NnAyY1NFaXV2bkFaZG9MU29ySlpENWRwRG5UdWxBYjlrT1JpLVN4T1l2Y2hxbQ?oc=5,filtered
2026-09-29,Science & Écologie : un colloque régional inédit s’ouvre à Niamey,Google Actualités — Niger,Journal du Niger,news.google.com,fr,Niamey,Niger,13.514,2.11,autre,4,Science & Écologie : un colloque régional inédit s’ouvre à Niamey Journal du Niger,https://news.google.com/rss/articles/CBMipwFBVV95cUxNMkdIQ2cyU3FwR09zT0QzNnhoblo5azhwSnhkVDlmTmZCdk5HNFNYWHo4N1JLbGtsMlJzUzJrZUhiMzRBNTZDcjlSc09Ydzk3d0JPOG81NnZXdDJ6aS04cnJrZldwRTFVdUVsbnJNLTQ3MnVHVVM0MWMtSjl1R3p1Z1piNEFCN3hCamJJMGxtcXB2dHJUV1hKRUFEcVdZN3NVRXpwU1JjMA?oc=5,published-signal
2026-09-29,ARCOP Niger : délégation à Lomé pour étudier le dispositif togolais anti-fraude,Google Actualités — Niger,Journal du Niger,news.google.com,fr,,Niger,,,autre,3,ARCOP Niger : délégation à Lomé pour étudier le dispositif togolais anti-fraude Journal du Niger,https://news.google.com/rss/articles/CBMilgFBVV95cUxNQlFXVHZJcjZQcnp0Vkx3TVFPUlZZTFdya3p6cllrUGZtODV3LXl5V0hhOGVvc0FBU2FRRl9VcXJDUlpWQ1JvNzAtWDN4emRmcE9vX21wYktnR2p0RlZoWDVoVkJKb1VyQ19fTjMxM3JaRVF6UnVCZmVFNzlYdWNDOTd1S0pWNXRuTnhQMXhENVB4QjlYeWc?oc=5,filtered
2026-09-29,Le président du CCR découvre le nouveau campus de Swiss UMEF à Niamey,Google Actualités — Niger,Journal du Niger,news.google.com,fr,Niamey,Niger,13.514,2.11,autre,4,Le président du CCR découvre le nouveau campus de Swiss UMEF à Niamey Journal du Niger,https://news.google.com/rss/articles/CBMiiwFBVV95cUxPUWxRMjNqUVFfeUp2SlkwNWwycWNGeDNsX3pwR3JDdEdlSDIxcFFPTWJNczBlNUVSV2M1Vm9HYllURUZsMFZ2cjJwTnpLUjZrNzdvcjgwUmF1NjBpVkxHRVBsSUNrVEpmQ3R3VXh4d180M1Ayd09ONWgzUVBROGRkZDM0WHJ3cHJSUUxr?oc=5,published-signal
2026-09-29,Niger : l’Université d’été des volontaires de l’AES s’ouvre à Niamey,Google Actualités — Niger,Journal du Niger,news.google.com,fr,Niamey,Niger,13.514,2.11,autre,4,Niger : l’Université d’été des volontaires de l’AES s’ouvre à Niamey Journal du Niger,https://news.google.com/rss/articles/CBMigAFBVV95cUxPRElUOGJycDR5ams4OHlhY3BFVGQ1eVFFY3FQVWUzcEQtMFpCNjV3Z3FrTVMtd25WZ2pyUlYyZk1JTnN1Wnc0QUhmZzhGYS1hRVk0MlkxSkUzWGNPVDgyc1cxRXhCdlFSWTVYeW8tQ2tQbEFjc1ZYZnBLZjVocUZuSw?oc=5,published-signal
2026-09-29,Burkina Faso : Ouagadougou inaugure Raffinor-BF,Google Actualités — Niger,Journal du Niger,news.google.com,fr,,Niger,,,autre,3,Burkina Faso : Ouagadougou inaugure Raffinor-BF Journal du Niger,https://news.google.com/rss/articles/CBMiogFBVV95cUxPeVpILWRodjVyWl9hdHMtWlVzbFdZbmhTUVVySUdhNUtCMjVwNHdBWU5Gaksxcy1kSjRjRGk5WWhZdVctRkJlLVZNV2V6M0pmWTdJeEttb2ZjZEkwZTRSQjhNRWd0WjdsTnNhUGRzczJwb0pVVlFwOTQ5LVlBdzFCQ21Od3k4U2hueUgwYzVrMlJCSlg3RVExVUJDX09lUGw4c0E?oc=5,filtered
2026-09-29,"Plus de 50,72 kg de cocaïne saisis à Arlit",Google Actualités — Niger,Journal du Niger,news.google.com,fr,Arlit,Niger,18.737,7.385,autre,4,"Plus de 50,72 kg de cocaïne saisis à Arlit Journal du Niger",https://news.google.com/rss/articles/CBMiekFVX3lxTFByWWQ3cjJka21tLW8yTFZhTUJmVlQyY2t6OHdyNGl4ZFZ2S2dlaHJLamZMMDRlVVpRd3N5NWtFcDlmVWJ5bkw5WHpYUEd1c21hNzkzV3dKSW13OTBYNXV3Tm8yX1RPOVN6ZVhXbnByWjUxcVV1UDk3NWJ3?oc=5,published-signal
2026-09-29,Pourquoi le JNIM est-il en pleine mutation au Sahel ?,Google Actualités — Burkina Faso,bbc.com,news.google.com,fr,,Burkina Faso,,,autre,4,Pourquoi le JNIM est-il en pleine mutation au Sahel ? bbc.com,https://news.google.com/rss/articles/CBMiX0FVX3lxTE1tZTVZb3VjNmFaUlJtNkhLd3NBeEFTVnBfeVFCdTV2d1psYzJuajNuYzUtV1JPX3lYRFBheEp5V1JFaVc1d1RiZDVZRmxVa29PZkt2LV9VUjBRc0lOZEhv0gFkQVVfeXFMTVZPWXp1cnFVWGZRemJxUUNhQ2prTF9sRzBhN2JTUUJ4MWJNeEttVmU4ZVc3MkxGLUNGV0g2dnRvdTltbWYxVjZvYWV2aGYtRll3aDlzVjVQbWQ1bWJjVThkTXNlZw?oc=5,published-signal
2026-09-29,"Les « traîtres », la France, l’AES et la Cedeao… Au Burkina Faso, Ibrahim Traoré fixe sa ligne",Google Actualités — Burkina Faso,Jeune Afrique,news.google.com,fr,,Burkina Faso,,,autre,3,"Les « traîtres », la France, l’AES et la Cedeao… Au Burkina Faso, Ibrahim Traoré fixe sa ligne Jeune Afrique",https://news.google.com/rss/articles/CBMizgFBVV95cUxPU0Z6aXdVWGE0Y19jcHJDX1dhTHhVSXJTSmhCVlBQalFmTmVXZVdTZjFFd01wbXZ1WDZvWmotdzFjZXpETS1lc3BtN1RTZEVJcHRyVi1yd0w0RnBqeUwtSW1IVGJMRXRqSmpwYUNMdXpBOTR0amRVaGNadnBvODV1RThwbEhINUgyVWRHb3R5d2ZoUWhnYmM4YjRLR2dwRl9OaTh2RjNJWXEtY0VzTU5WNDlNSnpDRjJtZzZyY25zRF9iSDd2ZG5kbEVPRHhIUQ?oc=5,filtered
2026-09-29,"Ibrahim Traoré, du Burkina Faso, inaugure la première raffinerie d'or à Ouagadougou",Google Actualités — Burkina Faso,bbc.com,news.google.com,fr,Ouagadougou,Burkina Faso,12.366,-1.534,autre,4,"Ibrahim Traoré, du Burkina Faso, inaugure la première raffinerie d'or à Ouagadougou bbc.com",https://news.google.com/rss/articles/CBMiX0FVX3lxTE9lRk5xa1M5UU90ZHJqNWRKTUFuWVNzN3dfMlFpYTM0LVdzTXQ0RDk4OGR0N28tUV8ya3ZiTGdadU1JaGYycVRWSEdFRVZZVV9QYmxBSUVUZXZQQm5mTDdj0gFkQVVfeXFMT0xpNmdTbndObXVUZ25uMzBmSVRTUnJYeXlwNkZEZTdnRF9JcmFBTFZSaDhteG1XN1p3Rm9UYWFwdzlCYngzNlVOZ2dJcC1FSnRoMzBuWDZ4YzRDS1RrX19rOXVZVg?oc=5,published-signal
2026-09-29,Crise sécuritaire au Burkina Faso : Bassolma Bazié dénonce les « calculs politiciens » à l’origine de la fragilisation du pays,Google Actualités — Burkina Faso,Burkina24.com,news.google.com,fr,,Burkina Faso,,,autre,3,Crise sécuritaire au Burkina Faso : Bassolma Bazié dénonce les « calculs politiciens » à l’origine de la fragilisation du pays Burkina24.com,https://news.google.com/rss/articles/CBMi6AFBVV95cUxNVUU0a1lwdkRnbDkxMXZfU1dOaWJ6T0MteFo0Nm05QnFrU0xWQnJXdTJzd1RLZXZfVTEtS2RzeVlLY3F2dlR1Vm5DM1MwYjNBMjg4akZjXzNNS19lUU1EWkpNYVB3UDJRcFBKLWlycnBqVlRMbF9ialVuQVBDZm5QSV95VmlpQlFHTFpmYlI5ZEVORVNYdTJOdlJQc01uaE1zYjNQaWEybVAwX094Tjl5Ykx1SWZuUmd1UGpuTjY3Y01zRkpOV0tKMXIwTE9mVTJOV1l3UDV3M0pCWGhSdjJZR0ZiQ3E0Zk8t?oc=5,filtered
2026-09-29,Éliminatoires CAN U23 : la RDC s’incline face à la Mauritanie Nouakchott (0-1),Google Actualités — Mauritanie,ACP | Agence Congolaise de Presse,news.google.com,fr,Nouakchott,Mauritanie,18.086,-15.979,autre,4,Éliminatoires CAN U23 : la RDC s’incline face à la Mauritanie Nouakchott (0-1) ACP | Agence Congolaise de Presse,https://news.google.com/rss/articles/CBMinAFBVV95cUxPYTB4VURvQVdzRzhuZkpVS3NWa1dNUHlNS3pKU3gwTGgxSlhOeUZmRzJDR1Jpdi0ySFZralppX2ZoelZGajRZQUZqZTUySzZMcTVXcE92blhwVVJ6ZW1fUmtndWs0X3M5UGt5UkhmNXhOS3JFb2dFeGExTmFsc0VJMVpvTUFvOGoyVDk0ZjJHVE01c0dfQUZLVHphSTU?oc=5,published-signal
2026-09-29,Mauritanie : Réunion à Nouakchott de la commission douanière mixte mauritano-algérienne,Google Actualités — Mauritanie,Cridem,news.google.com,fr,Nouakchott,Mauritanie,18.086,-15.979,autre,4,Mauritanie : Réunion à Nouakchott de la commission douanière mixte mauritano-algérienne Cridem,https://news.google.com/rss/articles/CBMiYEFVX3lxTFBma2l5YzhuaEFUcFRiMHlTNWNsMFdhU25oUUtyelU4Zk9YVFVmb01vQ3ViNk15ei1wMDZIVWJ3empOaUg2cnY0LUdxb1F4czE4NW90YkRnMngzT3NPUHJXMQ?oc=5,published-signal
2026-09-29,"CAN 2027 : avant la Mauritanie, le Bénin retrouve un adversaire qu’il connaît depuis 1961",Google Actualités — Mauritanie,Cridem,news.google.com,fr,,Mauritanie,,,autre,3,"CAN 2027 : avant la Mauritanie, le Bénin retrouve un adversaire qu’il connaît depuis 1961 Cridem",https://news.google.com/rss/articles/CBMiWEFVX3lxTE8yNWZXNmp4MlkyS1VXa1YwZXRPQWtKUXdkTHQtZnVsT2MyRWoxYjJDS2EzQndVUGJMSFlCTkZUaFYwME1MMXlyLTRoMTBjTlJsM1R2WVFLQy0?oc=5,filtered
2026-09-29,"Derniers séismes, Nouakchott City, Mauritanie, depuis 1900",Google Actualités — Mauritanie,volcanodiscovery.com,news.google.com,fr,Nouakchott,Mauritanie,18.086,-15.979,autre,4,"Derniers séismes, Nouakchott City, Mauritanie, depuis 1900 volcanodiscovery.com",https://news.google.com/rss/articles/CBMiekFVX3lxTE1PLWhxNFBIYkhwRnRFczhDYnp6T3BwaUVFXzRqaW9SVUNOYjQ3dHFrbjFzay1zVDZpQmlRLTcwck5EaVZPaXNqa3JGNjRESUR1VEt4ZXloTW05dWNORjRYTFFaS3dZN1lSSWhDdzdsZUR4T0pTVVBiMW93?oc=5,published-signal
2026-09-29,Mauritanie : Le frère et la sœur du célèbre blogueur Sidi Kmache arrêtés sur fond de transferts financiers monumentaux,Google Actualités — Mauritanie,senalioune,news.google.com,fr,,Mauritanie,,,autre,3,Mauritanie : Le frère et la sœur du célèbre blogueur Sidi Kmache arrêtés sur fond de transferts financiers monumentaux senalioune,https://news.google.com/rss/articles/CBMi2AFBVV95cUxQb1NyNDVBNTJmVnBnUlF4MjlCNS1ydFJCeWppQWRtbVM3b1RLVGVrdWZUa04yUHBZcVhENFVUV2lyQVZYVmNPT3huUzlfQWxMSWFiLUZCSTNSNG5feEcydnpFNHZaaGZ5WlRyLW5qcjA5SXNBcnpJWkVJMlVNVnpabXBjVGdWRnhOVWZLVzFoT0FrVHZGc1BVWkI5WG5xekFXdGV2cWpSVTFweUpIMDdSZjQ2MUdtWWlMSDhfSFh2cXJKNUtjS0g0R2o5R3NoeTUyRjJCTkVQdEc?oc=5,filtered
2026-09-29,Mauritanie : Plus de 15 000 élèves inscrits dès le premier jour de la rentrée primaire 2026-2027,Google Actualités — Mauritanie,senalioune,news.google.com,fr,,Mauritanie,,,autre,3,Mauritanie : Plus de 15 000 élèves inscrits dès le premier jour de la rentrée primaire 2026-2027 senalioune,https://news.google.com/rss/articles/CBMiugFBVV95cUxQLWMxazNxS3QzaXB6TTlDVU5SU0dib3g1dFZlU3RLdmM1UkJUZ0ZYZGVoM3FaUE5kYzJqdjIzdzcwdk9GTlRmWGZLMkM4ZjZPZjZaNk9lZXNtM192VmhiaXJFQ0w4TS1tUFJFeGNEN0F0OUNERTNhaWszQjdRektyelg4QjNkOE1PMFJvQkpnb2VKT0ZpdmJtR0xFOU16SElfelBFZ2tjZHQ0aVEyNUo0bmNWSGNBZFgyeXc?oc=5,filtered
2026-09-29,"Cameroun : Logone-et-Chari, le Cameroun prépare le déploiement des renforts militaires dans le Lac Tchad face à la menace de Boko Haram",Google Actualités — Tchad,koaci.com,news.google.com,fr,,Tchad,,,autre,3,"Cameroun : Logone-et-Chari, le Cameroun prépare le déploiement des renforts militaires dans le Lac Tchad face à la menace de Boko Haram koaci.com",https://news.google.com/rss/articles/CBMiugJBVV95cUxQYU1GYlBidEtNY1RJVGVseGMtWjRVc1dacGsxeDRlQUlIeHFveDRSNFp3OU5qbFlFejE2SzFUdmp2ZEpWdzlNcVZqU2tLa0MxNm1GemFMdE9NUlNUTTFhSGwwMGdlLXU1SUZ1VE1vb0RRcEpqTnJlbTk1TndJVlJFb2NMSUhsRklEWWpaVGJjbGFvZDRlTjNlTnl3UWxUV1pSWmhNcFVOUU11a2VyOHZKZFVvdVhjTy1IZ0N5QnVBRERrMDlNM3FWTjIxUE9JQjJqdFpiaEJFSHN2RHV4bWNSNDJJcm5YbmtQR1JKVGRhRU1iTHY2NVBTT3Zta1k2VmVUZWNRMW5SekpaVzRGU2UtOFVsZ3pSRTNOcDZKSmdOcXpxS3RpOEVENl9ZVFVpbjVnaFZfTXhRTm5jdw?oc=5,filtered
2026-09-29,Le Niger sur Kalangou du 29 septembre 2026,Studio Kalangou,Studio Kalangou,www.studiokalangou.org,fr,,Niger,,,autre,3,"Listen to « Langues nationales, santé et environnement (Le Niger sur Kalangou) » on Spreaker. Au menu de l’émission : Playlist musicale",https://www.studiokalangou.org/142631-rubrique-sante-conduit-auditeurs-a-birni-nkonni-region-tahoua-medecins-menent-campagne-sensibilisaticontre-depigmentation-peau-reportage-evoque-les-risques-lies-lusage-produits-eclaircissants,filtered
2026-09-29,{En langue nationale fulfuldé} Ministère de la Sécurité : Sept cadres appelés à renforcer l’action du département - x.com,X indexé — @burkina24,Burkina 24,news.google.com,fr,,Burkina Faso,,,sécurité,5,{En langue nationale fulfuldé} Ministère de la Sécurité : Sept cadres appelés à renforcer l’action du département x.com,https://news.google.com/rss/articles/CBMiX0FVX3lxTFA2QkozYUg5U09hY2ZhRmxoZ2Z2R1BWMi00RmdFVXJwcUJaMEdYOVR0VU11T2dLMXk5djh2ZWdCRXNCYlJaMlNoLURrcEZkcm8yR3AzQVo1YkFxNUNLdkxF?oc=5,filtered
2026-09-29,"Un homme âgé d’environ 60 ans a été retrouvé mort à son domicile, au petit matin de ce 29 septembre 2026, au village Bam, dans la sous-préfecture de Bessao, département des Monts de Lam, province du Logone Oriental. Les circonstances de son décès r - x.com",X indexé — @tchadinfos,Tchadinfos,news.google.com,fr,,Tchad,,,autre,3,"Un homme âgé d’environ 60 ans a été retrouvé mort à son domicile, au petit matin de ce 29 septembre 2026, au village Bam, dans la sous-préfecture de Bessao, département des Monts de Lam, province du Logone Oriental. Les circonstances de son décès r x.com",https://news.google.com/rss/articles/CBMiYEFVX3lxTE02bWNRQjhmYThCT21FRVU1LTJGdWM0M2JzOFJvWFlPZk9zaGVmakR0djFCNkQ0d2tqcUlJSWM3cXNoSnVEd2NrZm5fdUl6bG9DM2tFbmxBRFNjZmlfbF9tdQ?oc=5,filtered
2026-09-28,Mali : 50 terroristes neutralisés par les FAMa à Abeïbara,Google Actualités — Mali,APAnews - Agence de Presse Africaine,news.google.com,fr,,Mali,,,autre,4,Mali : 50 terroristes neutralisés par les FAMa à Abeïbara APAnews - Agence de Presse Africaine,https://news.google.com/rss/articles/CBMikgFBVV95cUxPdF9zdXlZMmcyR19sQlpnMkhUek55SDZHaXJ6SlBjaHRXclNZNGxlRnZSWkFkZUluWVNVS3ZucHM2ODZIZXlOSWxzV09CLTdhN3hHRTdjeHpZYzFscng5dGxkLUMzMlF6MXZzaVZwVmVXRExRa1NrZlNXR21USXJOTGlNLXU5LWczSjlZTnFCVFFEZw?oc=5,published-signal
2026-09-28,Mali : au moins 50 « terroristes » neutralisés dans une opération des FAMa près d’Abeibara,Google Actualités — Mali,aa.com.tr,news.google.com,fr,,Mali,,,autre,4,Mali : au moins 50 « terroristes » neutralisés dans une opération des FAMa près d’Abeibara aa.com.tr,https://news.google.com/rss/articles/CBMi1wFBVV95cUxQaWQ2OXRrT0ZFdmtid1dqY0VEN3ZnaXFlWERRX1U3dEVQdUFlbFNwS2J3OTltYkJEdGExZGJxdTJTakN6VXpmYTZYbVQ3aENselVjVVRmNURiNU95aU0zYk1xNzhlX3FDY0ZBaFFLSmV6STcya1ZZbVZCY1JBc2RpeXNEMEFyd0lzTUs0MUxyRFVNbFBPNHRnMFpSOHhleGd3Q0ZiRWtjUU1WdjhtbUI0WGpHWkFCSTR3U1pldGMwOGpudFlVMUJkalFfSHgzZXdlYkRDUVNSMA?oc=5,published-signal
2026-09-28,Abeïbara : les FAMa ciblent des regroupements armés dans le cadre de Dougoukoloko,Google Actualités — Mali,MaliActu,news.google.com,fr,,Mali,,,autre,4,Abeïbara : les FAMa ciblent des regroupements armés dans le cadre de Dougoukoloko MaliActu,https://news.google.com/rss/articles/CBMiowFBVV95cUxPUVdZWEdiV3ZweTNoSlVWNDF0Q2NZLWpSSURNekRoV3NaWl9aNUZSS1N5M00td0pCUkNWU3pOcDVscDdodVlNM3VKQkYxb28zWUNsS3dScnhpUHQ0c1NqbGZkR29aY1dGU0NzMVBZR1FYOGFoLW9meUlFdnU2Zks5dnlwWTFTN0ZYemNFYWlKZzlmdTlqM1RySTB6VU5RNjB1YTRn0gGrAUFVX3lxTE9EUmxJbE9ZVkZVSmtZV2R1ejd4UEhONzg3SWE4dnlEMVNqSTcyTEhHX0NnN3B0c1Q0NWNBS0tUeHowdU9VVjJldFpCYUp4c1YwY0dCalNVSW9VSzdlTXdiZkNKUXlJM1hranJvRkdwazI1Tm5QYjZzMUZMZjBiX1JDMnBkNzZMSGxlc2pBdFBHNElHeEcxMmhrbTFkekVzNGZ6U19EZTlUTkZlSQ?oc=5,published-signal
2026-09-28,"Mali : 50 terroristes tués dans la région de Kidal, plusieurs cadres visés par les FAMa",Google Actualités — Mali,La Nouvelle Tribune,news.google.com,fr,Kidal,Mali,18.443,1.409,autre,5,"Mali : 50 terroristes tués dans la région de Kidal, plusieurs cadres visés par les FAMa La Nouvelle Tribune",https://news.google.com/rss/articles/CBMiwgFBVV95cUxNRTh0TjBRLVJ0WF82TldlQlBzc1FKQ3dKdlJ5eGNqeDYzd0xCM1ZyWDJvMkJ0QnlCNlg4dnpqdnhCR0pudVdlM2VqbkpTQTRoaHJkZUZnZUhtVWhEaGxMQ1I2TW5VcWNNXzk5dGhPQnY2YVhnNkNhUGQyVGZybWJIenB5VEFiTVlGczlFdmN6U0lNNGdoTlNuTTVFRkt5cUNRaWtGMXAtdHFRQkRNNkwyRGN3NFZVUUVVUmhGMVlHTTNLQQ?oc=5,published-signal
2026-09-28,"Météo à Isari, Diffa heure par heure",Google Actualités — Niger,SpaceRef,news.google.com,fr,Diffa,Niger,13.315,12.611,autre,4,"Météo à Isari, Diffa heure par heure SpaceRef",https://news.google.com/rss/articles/CBMiYEFVX3lxTE95TEpmRWlVQTAwelFlNHF0Z2VYbkJIcHhWNFE0dlktWEx2TnZqNkhTWjVWMkI3NEJMckxmY3dOMU14STFidkRoSUVvaVBuQS1Cd2h1UUlvMTQ1YjZWbmR2cw?oc=5,published-signal
2026-09-28,Niger | Uranium : Niamey rebat les cartes à Madaouela,Google Actualités — Niger,Afrimag,news.google.com,fr,Niamey,Niger,13.514,2.11,autre,4,Niger | Uranium : Niamey rebat les cartes à Madaouela Afrimag,https://news.google.com/rss/articles/CBMiekFVX3lxTE9mRVZ1Um5CNDd3QXBmRmRkcndKRElfaGlrTFlJeWw2X3JkQm5fVDFMSzI3dGdPdGRvYzQ1VUpJNV9NY0FWNy1hWG1USENlUHJaRGpYN19rLXQyNGk1R1hhMEdkTkYtcmptbi04SGhjbzNzNDdnTi1QbWFR?oc=5,published-signal
2026-09-28,"Prévisions météo et conditions pour Ayérou, Tillabéri, Niger - The Weather Channel | Weather.com",Google Actualités — Niger,The Weather Channel,news.google.com,fr,Tillabéri,Niger,14.207,1.454,autre,4,"Prévisions météo et conditions pour Ayérou, Tillabéri, Niger - The Weather Channel | Weather.com The Weather Channel",https://news.google.com/rss/articles/CBMiZ0FVX3lxTE5TRDM5ck9XM09TR2tPa0F4Sk50d3AwOUkxUnRKTktmRTNmWlE4SEhZVTIyTjhiX3V3VExockpRWmhhZGJ6Nkw5MlVCMnRRd2NCYWRvVl9MY2E0OHRYQmZ5cEVubW9wbGM?oc=5,published-signal
2026-09-28,Niger : un réseau de faux billets démantelé par la police à Zinder,Google Actualités — Niger,Journal du Niger,news.google.com,fr,Zinder,Niger,13.807,8.988,autre,4,Niger : un réseau de faux billets démantelé par la police à Zinder Journal du Niger,https://news.google.com/rss/articles/CBMijwFBVV95cUxPclpfTWprRFVhajNoeDVudDFtNkJNMkpUVjE4WkRianRGQzFsa0ZBdjBuYVZQNXZxRDREb3M3TG5oTjZjZVZxM0lOa0F0QkdTYWRfVFYyaEtjSWxXRjc0T2FEUnZiSC1zS3hCQmY0T2V5bE1vSmtlLTJncGxHOG1WVG5mZ19UQWJmM1hzOVJtcw?oc=5,published-signal
2026-09-28,Soudan : Un dépôt stratégique de carburant ciblé par une attaque de drone,Google Actualités — Burkina Faso,Sahel Intelligence,news.google.com,fr,,Burkina Faso,,,sécurité,5,Soudan : Un dépôt stratégique de carburant ciblé par une attaque de drone Sahel Intelligence,https://news.google.com/rss/articles/CBMiswFBVV95cUxQRzFxdWJPQjJpMnRrdWxNU0RmeXJjZDVuclRQb0NKd1NYaXRUOGc1TWpEQjdrWDl6T1BjUkdnNWpkWEpyQmN6WUd1d0lVa25lbmhvRUtYcnhtbmRCTmFIaTVBeV9NRmNvOXp5U00yZnBkd0gzZ0JpZUZ6TjlucFdKWlF1eTh4eW5tWXpiN2FWdE5fT2JzTTdNTXRoQWZ3dlR4d01mS18yMDRldFdxQXZ1dy04WQ?oc=5,published-signal
2026-09-28,Burkina Faso : Ibrahim Traoré annonce une nouvelle Constitution,Google Actualités — Burkina Faso,Sahel Intelligence,news.google.com,fr,,Burkina Faso,,,autre,3,Burkina Faso : Ibrahim Traoré annonce une nouvelle Constitution Sahel Intelligence,https://news.google.com/rss/articles/CBMipgFBVV95cUxNRzBORU5LT1lCajZMZ1VfVjc0NVVNbnBsNHRxc2NaQUVrc2k5RmtpU3lTUDA0b1ZWRWE3dVNiWmdXQWdNdUI2dWRSZk82MGNSQmpvb2NNcm53UU90Q0Zxa2htOUlDQ3hOVlg2MERfWlkwbmlYQVpNbzB5aVQyM2lrSnBkbGk3TF9iRlIzSGcyQ3VQSTItYnBkYzNrQUc1OEp1REZZTWZn?oc=5,filtered
2026-09-28,"Ɗuuɓi 12 caggal njomngu laana wirooka Air Algerie iwnooka Burkina Faso faade Algerie, suudu ñaawirdu Paris fawii gollorgal Swiftair alamaan 225.000 e kaalis oro",Google Actualités — Burkina Faso,RFI,news.google.com,fr,,Burkina Faso,,,autre,3,"Ɗuuɓi 12 caggal njomngu laana wirooka Air Algerie iwnooka Burkina Faso faade Algerie, suudu ñaawirdu Paris fawii gollorgal Swiftair alamaan 225.000 e kaalis oro RFI",https://news.google.com/rss/articles/CBMitwJBVV95cUxNODdrUVdZWEpldGlVS2NuamRnNHQtd2k0TjJfZER0MktuLTUwQVdBREtpeGxqY3F4dzcyYXhKdjFlSVgwbWk3Z1o4QW9EMHBMUzM4eEh3cHd4Rlg5RWZGN3FfaGNWWWVQQTh5OW9YQlFrVUh5OEhtVGRUNzE2cWlValJpdW5jSC03bXJIejJNZFBsVExHQURrMWJrdG5HZHhfX1JIbGk4ZEYxd1dMLU5ucTJXRVpHSWptVS1xbFB0cEdxTldRck93M1RqSXc5M1VOMkMzOEdEdDlCX2NlSkp2MGtwNEk2R24yRlZ3Wm42YXM2VjMxMmV2eFAxbUVlMkNfbDBDRmFIem5sVWtVeUZXcnZnQkRUWllsc0gwTVVCdm5zdmkySTNHX3VxQ0k3Mi1yUmJXZXJrOA?oc=5,filtered
2026-09-28,Ségou : Une trentaine de terroristes du JNIM et du FLA neutralisés par les FAMa et l'Africa Corps,Google Actualités — Burkina Faso,malijet.com,news.google.com,fr,,Burkina Faso,,,autre,4,Ségou : Une trentaine de terroristes du JNIM et du FLA neutralisés par les FAMa et l'Africa Corps malijet.com,https://news.google.com/rss/articles/CBMiowFBVV95cUxOMUhpYktIZDlDYnNVRGluenlEUk5sNGpHdlVRcGwzdEJkUnA3aFhKVjNGQ21qeDBFOHd5X1lRTWpLdFVyQ2NmV0xlWk1ZR2NJWUU5ZFNBcVBOa3NSMVQ1Slg3MDRXM2RrS09qdERKY0d3ZmRNSjgtZEhsYzFOM1Z6MU1JNmZITzExWGY1WVJzbk0yNFJjQlNLak9BOUlNcEZxYzhF?oc=5,published-signal
2026-09-28,"Le Burkina Faso, 3e producteur d'or d’Afrique, inaugure sa première raffinerie",Google Actualités — Burkina Faso,EcoMatin,news.google.com,fr,,Burkina Faso,,,autre,3,"Le Burkina Faso, 3e producteur d'or d’Afrique, inaugure sa première raffinerie EcoMatin",https://news.google.com/rss/articles/CBMimwFBVV95cUxNMVpUeUQ2ZmROdm1pbTd4aEFuSmJRSmR2YXhMUktsejYtTnk5bTFiZkdUUDJYa2hQZ3dKVFBnTlR0OFBtSDZsREJVWFQ5VF9vOFpsMFRyMnZ1RUVGcnh4bkxJMDZRS2RjMXNXUGJjS005YTdfSWxxR2x1UmlsajNITlduR0tDWkZHWFVzVUFlVDhGN0ExVldyR1JJbw?oc=5,filtered
2026-09-28,Burkina Faso : Le capitaine Ibrahim Traoré révèle les dessous de la nouvelle stratégie contre le terrorisme,Google Actualités — Burkina Faso,Burkina24.com,news.google.com,fr,,Burkina Faso,,,sécurité,5,Burkina Faso : Le capitaine Ibrahim Traoré révèle les dessous de la nouvelle stratégie contre le terrorisme Burkina24.com,https://news.google.com/rss/articles/CBMi1gFBVV95cUxQYnZMRkJQa3dCWnpaT2hvcDdwUTFHTmtFZzJGX2NmZEt0X0I1blFOSGNldHNFdGVPcmtyMmRoWWVpellXQml5YklCekhSdkRrNktSdG1tM1djTWpSeW14MmJRVXl0YXZIdm5UTW9QSlNreDJ3ZmlWcU96cWVUWGNWZ2w1Ymc3MkNOWG15MjlfMm5TalpjQ1ZTc3M5aTJhRmJDUUVQbnA3MTJabFZPeGxsa08yMVAzUjQ0Z1ZhVWstLUZWcWlIQmNCQTBDTUU3Y1FLbUFwSmJn?oc=5,published-signal
2026-09-28,Burkina Faso: Quatre ans d'acquis et de défis sous Ibrahim Traoré,Google Actualités — Burkina Faso,allAfrica.fr,news.google.com,fr,,Burkina Faso,,,autre,3,Burkina Faso: Quatre ans d'acquis et de défis sous Ibrahim Traoré allAfrica.fr,https://news.google.com/rss/articles/CBMiX0FVX3lxTFB4Z2E3WEpzaUlPUHhYQ0w2NnA2V2plYWt3YURyemxRaHB0SmpWbFNGWUlrLXlSQlcxNG90dDl4aXRVNUV5R25TWUpaWS1XVmE0aWY0bG5fRXR6Zi14ejY0?oc=5,filtered
2026-09-28,Football Main dans la Main : Le FC Namalgzanga s’offre la 4ᵉ édition,Google Actualités — Burkina Faso,Burkina24.com,news.google.com,fr,,Burkina Faso,,,autre,3,Football Main dans la Main : Le FC Namalgzanga s’offre la 4ᵉ édition Burkina24.com,https://news.google.com/rss/articles/CBMiqwFBVV95cUxQSExJbDRTRU9pV0g4T29IR1BHWUdXZmVKSVBtRmsyUldjNFFid0J5Q05yZFRWOHBneWVYTjdMVUROVWhabm4yeDZ4R2pRRXUwMnFpcWw2ODFBRGpVZmN1RW5xN1puVTFrVmZ3QzhMUUNURTlsWVVRSU9tU1liSThxR1dvRGJBMWZRdlF1M25FTmR1TlI0bHBGdnhDODlSZTd5NElfTjNmbm9nbE0?oc=5,filtered
2026-09-28,RAFFINOR-BF : 11 milliards FCFA pour transformer l’or au Burkina Faso,Google Actualités — Burkina Faso,leFaso.net - L'actualité au Burkina Faso,news.google.com,fr,,Burkina Faso,,,autre,3,RAFFINOR-BF : 11 milliards FCFA pour transformer l’or au Burkina Faso leFaso.net - L'actualité au Burkina Faso,https://news.google.com/rss/articles/CBMiY0FVX3lxTE9FeEJDbVljMkpNWWU1X1VySG1UdkVkVGFuaEJHT3hTYzlRbWpkdmc1UTNxMFluczdlQkdCUUFPYXc0Z0ViVHJ6QlJHSk82MjYyUkdFbGpkV1pjZkV0MklLY3R1RQ?oc=5,filtered
2026-09-28,Burkina Faso : Ibrahim Traoré alerte sur l’impact des réseaux sociaux dans la lutte antiterroriste,Google Actualités — Burkina Faso,beroya fm,news.google.com,fr,,Burkina Faso,,,autre,3,Burkina Faso : Ibrahim Traoré alerte sur l’impact des réseaux sociaux dans la lutte antiterroriste beroya fm,https://news.google.com/rss/articles/CBMiuAFBVV95cUxPQWVSelkwR0ZxcXo0Sm9hNktBeE5jeG9PTHFkUHFVM05QSl9tVTBKa29sMHcteWpWN0lZVTF4Z2V2c29nbGhsaUJTbVQxTENZOTEtelN1RC1PUUZSQXh0alhXb0V1SEpYT2FKOTl6NHBsSWxHeUpkWndNWnRyWGxYbWRWZzFlU1lYTkR1TUZGRU1sR3dPeVctYVUwYkFTUGZSOUszMWVtR0VnSFZMZFZWa3EyMmJfNlBP?oc=5,filtered
2026-09-28,"En Mauritanie, la société civile réclame l'adoption de la loi Karama après plusieurs viols",Google Actualités — Mauritanie,RFI,news.google.com,fr,,Mauritanie,,,autre,3,"En Mauritanie, la société civile réclame l'adoption de la loi Karama après plusieurs viols RFI",https://news.google.com/rss/articles/CBMi4gFBVV95cUxPeGZNMXd1N1NuZ0tIMGJ6R3lHZVA0QlRyVXRlaEtZYXV5aElZVnpianN4b29UbmdvWk9pblBVOGpWMy1pSkl6NUxCY3BiRVVST1ZJSDZ0aExSTFdLUlZNU0o4TEE1cldjaldjUUFmTVRvWUUyVFJSV2EyQ1dWOXNTUW9EdFFfUGp1Y2NjTDhOUl9WcHY1N0VXRktPRGt4YmQ1QkpTZnFrWlFRUkphWlBiNWpTOFFkNGxkNHZXN1JfTlBLQ1hSRXpCaU1RLW9kTWQtY19oc0FmNVExTXQzSUhVaTBR?oc=5,filtered
2026-09-28,Mauritanie: les fortes pluies paralysent les déplacements dans la capitale Nouakchott,Google Actualités — Mauritanie,RFI,news.google.com,fr,Nouakchott,Mauritanie,18.086,-15.979,autre,4,Mauritanie: les fortes pluies paralysent les déplacements dans la capitale Nouakchott RFI,https://news.google.com/rss/articles/CBMixwFBVV95cUxPeUxTQTlTSUlEaVJvQUhyTTYyX282TFpXVzM0V3pLbG56cUhTYmNPaDhXeFA5WjJFLWwzMWd4WTBOczFaeFJqSExkc0tGdUs4QThENUVLa1pYTnhfdlE2Wll3d0xjR0NIQWxSWG5wWUpKTTVmaXhCSDl3VnJORVd2am1jR2s3cl9Xb2wzTERvWUo3QmJHRmY3NEFZdXZ5QXhIMHhGUFlXQkU2Ykp1R0pfOHVtNmNIY2l0UWR4a0Rub1RjV1VfVVUw?oc=5,published-signal
2026-09-28,Nouakchott : ouverture du Forum Fintech Mauritanie 2026 après trois jours d’intense hackathon,Google Actualités — Mauritanie,Cridem,news.google.com,fr,Nouakchott,Mauritanie,18.086,-15.979,autre,4,Nouakchott : ouverture du Forum Fintech Mauritanie 2026 après trois jours d’intense hackathon Cridem,https://news.google.com/rss/articles/CBMiV0FVX3lxTE0zRjNyRkJmQng5ZldCWDRXQ0taWGlkcVgtWHNQQ25qSUt2dDlUTXFEZkVYZGRyQnNkd0pseU1GT3Jwb21QZENGMWdIc212aGRZR3UtbHpvWQ?oc=5,published-signal
2026-09-28,Mauritanie : plus de 250 migrants secourus au large de Nouakchott,Google Actualités — Mauritanie,africaradio.com,news.google.com,fr,Nouakchott,Mauritanie,18.086,-15.979,autre,4,Mauritanie : plus de 250 migrants secourus au large de Nouakchott africaradio.com,https://news.google.com/rss/articles/CBMirAFBVV95cUxOeW9PYTFZYjdxbUxhMmtMTWJGd3RDbEIxVURmNk5jQzJfNm1sZEhRTGtmb09hdWdDTUl5UVVnVG1KYWlaZGtjN0k2dHJVNU5pWHgzSXVaVWV3RmlzOWQyZ29JT1h6UHpnUjNlS2ZnZ0piTHlNc2RwZl9mc0dPaHpOVnUtcWJub3BQaFEtR1JhMS0wamtVcnY4QTE5VHBpOXdnSktQQzhudkNWYVF1?oc=5,published-signal
2026-09-28,CAN U23 (Q) : les Léopards Espoirs chutent à Nouakchott face à la Mauritanie,Google Actualités — Mauritanie,Foot RDC,news.google.com,fr,Nouakchott,Mauritanie,18.086,-15.979,autre,4,CAN U23 (Q) : les Léopards Espoirs chutent à Nouakchott face à la Mauritanie Foot RDC,https://news.google.com/rss/articles/CBMipAFBVV95cUxOZDBhcGdDMEpmTU9sb2xnSGp0RmZQeVBVU1NqY2oteHlULXMzN3VUNmMwWWxyN0ptWTB6MGcxYUJteEVuby1wRXBBM04zRUE4UjdEamZqRE9ma1hZRmxZNUt0RkFOOU9xcUNHeUFlUEU2QjViX3pSR1RQRVNoQ2V5U2VCZ1FRTUgtYkY5NzRLM3lMWjZwdHpSbEs3U191b29ja044bg?oc=5,published-signal
2026-09-28,"Mauritanie/UE : 195 millions d’euros pour la sécurité alimentaire, l’État de droits et la santé",Google Actualités — Mauritanie,Cridem,news.google.com,fr,,Mauritanie,,,sécurité,5,"Mauritanie/UE : 195 millions d’euros pour la sécurité alimentaire, l’État de droits et la santé Cridem",https://news.google.com/rss/articles/CBMiWEFVX3lxTE1iMTk5UzVQc2VXTEp4WXhjNEhlSFY3YkhEOWYzQ2JuOUdBNUNZXzFHbEo1WmlDMHpsQUhDOUtvbklkTy1COFZYWi02TkQ5UE9hR04xMXc1dlk?oc=5,published-signal
2026-09-28,Mauritanie: 260 migrants ouest-africains secourus en mer,Google Actualités — Mauritanie,horizons.dz,news.google.com,fr,,Mauritanie,,,autre,3,Mauritanie: 260 migrants ouest-africains secourus en mer horizons.dz,https://news.google.com/rss/articles/CBMikgFBVV95cUxPd3lKSDZjVG1KU3dSb2JfWFNiUFVfTkVpRE1uN3A1WlFGaHV1NFJpaVJlYlFuSklNMHBqTTRkc3QtcTZPWkVrMkkxNEd2WnJwOFNWWHl5d3hvZFRTa211ZERlcDJMcWRDWmtpVERfRlVVMlpaN2cwaHlCVXAyN3ZaaEI2d3hzRHc4NXk2eUJGTTBOZw?oc=5,filtered
2026-09-28,"La Mauritanie sauve 260 migrants, dont 17 mineurs, dans deux canots pneumatiques au large de Nouakchott.",Google Actualités — Mauritanie,Demócrata,news.google.com,fr,Nouakchott,Mauritanie,18.086,-15.979,autre,4,"La Mauritanie sauve 260 migrants, dont 17 mineurs, dans deux canots pneumatiques au large de Nouakchott. Demócrata",https://news.google.com/rss/articles/CBMi3AFBVV95cUxOUkNWZzJnY3ppaVhvQkw0MjdFSktONVFoTTFxdXhTcTE1cUR4NTRVRjZyaWxuSHNKMFRmbTEtM0pPVHpKZ0VFcmhIUUJDQVd5QjFqNzBiNUx6VTlQTVZROGZ1N0RnMENYeXNLcDYtcXlQNkxLeTBac19MbmRUYUFmR283bTVxaHViQlcySkZmUk9zb1p0STNwcGs2Ylk1bHZwNWt0Wm5HZmNMSVBIS2hCSEJzbWVWNTNHcDJwdUk2dkNZNXpuSjBCbndhYkhfWmhpN05tWjZmVmlUbk5K0gHiAUFVX3lxTE54UGdOVFN0Y2xzWkx0V3M1WERadXIteVp1RmFLNUgxbXJIOENYUU5WSGZJTE45WjFiQzBqTmVDZV91NThMOXRRQ3Bqajd2U3JEZ0xzTXdWbWhoaFBkcTVnTVpYQmVNMjI5ODQwam5UYU9MN3lpbW04d2RSU1h3U1AyWGh1UXJ1Z3BWam0zXzZCYWlqb1dkc3JYTDVVdjJTZ0JYQ3pPTG5kdG05TUhxQlJ5SE1NNXpMU2JPWnhyYmRsSHlOZTY5QUszQWxVeUlDSzlBSDQxWXF1UXBWR1hvQmV6cGc?oc=5,published-signal
2026-09-28,Qualif CAN U23: la Mauritanie prend une option face à la RDC,Google Actualités — Mauritanie,Foot-Africa.com,news.google.com,fr,,Mauritanie,,,autre,3,Qualif CAN U23: la Mauritanie prend une option face à la RDC Foot-Africa.com,https://news.google.com/rss/articles/CBMipgFBVV95cUxNWmx2MDlRM0hqNFJQZFJudVBXd3gyUmNOVC1uRWhpcENMRmk2X1llcnB5UFN2OXJLTHVWb3NHX0pNSGlncHpoNFFpWlI0QTFHaldTRlZ3UmdfbFgzNmp6WVpVSFZxWWFBelkxWHVHeDdzcmRKc3dXaV9qVDZoQnc2cUl4LVFpVndhRGFHN243SHpmSmFFNnJJempyOGY1cDJydmNQMHh3?oc=5,filtered
2026-09-28,Cameroun : Les autorités préparent la grande offensive contre Boko Haram,Google Actualités — Tchad,AfrikMag,news.google.com,fr,,Tchad,,,autre,3,Cameroun : Les autorités préparent la grande offensive contre Boko Haram AfrikMag,https://news.google.com/rss/articles/CBMiwgFBVV95cUxOUlh3OXR0YmxfUGJ1dkx2QzVGeVBEZnFpNFIyallmMFZwYUI0VUowRzMwQjBzV2VxVE1WeHBRU2VNWHV0UVloWUtNcmtjTW8wZ0JWTDhldnI5WGdrTzVsX3JJWUZCRlNia1k4N0V4QmJDZUdKM2J0S2dZclpobmVwNkNXeWYzem1tcktQb3J1cExrQTQ2VDVid3B3MHpTZ0tSaE5ackJCNmlsWWZXREFCdVdYTksyVVZGLW50VjhwNkltdw?oc=5,filtered
2026-09-28,Cameroun : Maître Alice Nkom condamnée par la justice,DW Afrique,DW Afrique,www.dw.com,fr,,,,,autre,1,"Maître Alice Nkom réagit à sa condamnation le lundi 21 septembre 2026 à un an de prison avec sursis et à une amende de 500.000 francs CFA, soit environ 760 euros.",https://www.dw.com/fr/cameroun-maître-alice-nkom-condamnée-par-la-justice/a-79458946?maca=fra-rss-fre-all-1482-xml-mrss,filtered
2026-09-28,Le Niger sur Kalangou du 28 septembre 2026,Studio Kalangou,Studio Kalangou,www.studiokalangou.org,fr,Agadez,Niger,16.973,7.991,autre,4,"Listen to « Justice, industries culturelles et diversification des revenus (Le Niger sur Kalangou) » on Spreaker. Dans l’émission de ce lundi : L’entretien du jour parle des différentes formes d’exploitation au Niger et les efforts engagés dans la lutte contre la traite des personnes. À Agadez, l’Agence nationale de lutte contre la traite des pers…",https://www.studiokalangou.org/142625-echo-regions-retour-4e-edition-foire-industries-culturelles-nigeriennes-tenue-14-au-18-septembre-2026-au-palais-du-29-juillet-a-niamey-levenement-vise-a-valoriser-promouvoir-produits-culturels,filtered
2026-09-28,Les experts appellent à renforcer la sécurité face aux progrès de l’IA https://t.co/8CZvu8gwxe - x.com,X indexé — @tchadinfos,Tchadinfos,news.google.com,fr,,Tchad,,,sécurité,5,Les experts appellent à renforcer la sécurité face aux progrès de l’IA https://t.co/8CZvu8gwxe x.com,https://news.google.com/rss/articles/CBMiYEFVX3lxTE8yYTd0WkFXWTVhVkluZHplaGp3aENRTkRBQ0wwajhFelZKWWNMcnI4Tm1NOTAxYUp3dHZoblIxUlNYMmQxZExjM2pJXzU3WEdMdEFwYmFWcUFBUXZHY0lFeg?oc=5,filtered
2026-09-27,Le JNIM au Sahel est-il en train de se dissocier de « Al-Qaïda » ?,Google Actualités — Mali,bbc.com,news.google.com,fr,,Mali,,,autre,4,Le JNIM au Sahel est-il en train de se dissocier de « Al-Qaïda » ? bbc.com,https://news.google.com/rss/articles/CBMiX0FVX3lxTFBxNWFrNFlFUmxkNlg5TlIyMjF1WHQtX0VjNmMzMmd6bHVqVDJyZ0tBanJqTmlIaTRYRGRTeWFfMmNPM2pETFBjTkFoTmdOakF3QUFkS29WblRBT3NDN0hF0gFkQVVfeXFMUDdwcWpjZ3NRWUFmTXpFUE9SeVBvNkctb1doamZ3UERBTUxwWHEyYmY4NG1MSWJfX2JWMzU1V2dqVzBvTmlVNWM1dnU2RXNSN1lMZmVFZWxhZGF1XzhVZUlxQmNsYg?oc=5,published-signal
2026-09-27,"Burkina Faso : à l’ONU, Ouagadougou dénonce le silence après l’attaque du 25 avril au Mali",Google Actualités — Mali,Benin Web TV,news.google.com,fr,,Mali,,,autre,3,"Burkina Faso : à l’ONU, Ouagadougou dénonce le silence après l’attaque du 25 avril au Mali Benin Web TV",https://news.google.com/rss/articles/CBMisgFBVV95cUxPaGV3Z1FKRXk5dEN0UnlNM2NFTkdFNENUeTUtYjVCczR6UENGbWt5N2lMd0ZsQ2NqVnJjVkJFMXYwRl9MclRCR2FYd2dYOWxKbXRGRFdBTTExLWpzZEdDWjl3OUNpendGYXQwMFQxc3ZoOUpkUkVCN0UtdjRDaWVJQTRwZ1pQN3pQd0ZwUXRnVEIzU3FpNUNTOWdfa29lQWJISGI5NjFHQW1aeXRrV0IyeFF3?oc=5,filtered
2026-09-27,"Garin Gao, Diffa, Niger : radar météo",Google Actualités — Niger,AccuWeather,news.google.com,fr,Diffa,Niger,13.315,12.611,autre,4,"Garin Gao, Diffa, Niger : radar météo AccuWeather",https://news.google.com/rss/articles/CBMifkFVX3lxTE1sM0dWMVFPX3k3V0JjNWhxRjFhNE9oR2phbGhmS1BfSjZvdG9nVVZKRm85NzJUR2c1NDVHMTN3eGoyeFhWUjBvQmdHUzVQaVZ5bGNvb2tZVXA1Q3lqUndqaXhZMlphQ3pyZ0dsZHR2WjBpekxEZUtNZTR5RUZIQQ?oc=5,published-signal
2026-09-27,"Prévisions et conditions météo pour Ayérou, Tillabéri, Niger - The Weather Channel | Weather.com",Google Actualités — Niger,The Weather Channel,news.google.com,fr,Tillabéri,Niger,14.207,1.454,autre,4,"Prévisions et conditions météo pour Ayérou, Tillabéri, Niger - The Weather Channel | Weather.com The Weather Channel",https://news.google.com/rss/articles/CBMiZkFVX3lxTE9UYmFjREVtazRvamprWmRCdVYteE5mNGdoWnJBT3Zac2JGM1dlUFFPUTVxM0NzSVBKdTNrLXIteXNzV1lzSWVxR1BVSHVFZFB0MWpoR0NsMWNfdU9CbDhFa0RvUFloQQ?oc=5,published-signal
2026-09-27,Le Barça s'attaque à un champion du monde à zéro euro,Google Actualités — Burkina Faso,Foot01,news.google.com,fr,,Burkina Faso,,,sécurité,5,Le Barça s'attaque à un champion du monde à zéro euro Foot01,https://news.google.com/rss/articles/CBMiiwFBVV95cUxPUENBSHhWSWozbUhmUlBmZTZLeVBadU00SGdnRU5iVmdycWpOTmxKZUtVNkNnWXd1ZU9pZnpyUTV2cmp6a0ZkYXRtaGZKaV9sbW0yNzg4MTUza280TkdnNTJkTERPdmpxZnlDLWkzLTY1ZDFiWTlyTG12UnFFU2R6ZFFrTnkwOWZYREt3?oc=5,published-signal
2026-09-27,Attaques terroristes au Sahel : le Chef de la diplomatie burkinabè déplore une « caution inavouée » de la communauté internationale,Google Actualités — Burkina Faso,linitiative.ca,news.google.com,fr,,Burkina Faso,,,politique,5,Attaques terroristes au Sahel : le Chef de la diplomatie burkinabè déplore une « caution inavouée » de la communauté internationale linitiative.ca,https://news.google.com/rss/articles/CBMi9gFBVV95cUxQTVZQMjhWaVltV2NBWThnTXlEMUR0Mm1Ea0RGR3M3WEpGSTdfZlZNMGphajVsTFBPQTZ6dVBpcE1yQVNBcFBLRmhqc1kwbmczTXdkV05jcjlCbDBVQ0J4eTZBWTdqNWdweTk0TlNmaHB5dUdsZEVSOXNfUWlKUE1CVnMwYVVKaGJfSFoyVGtUWGlRRldtN1NIckloeEVySWoxMFVqMkQxYWFGTThqT29GWDIzVVVGSkFCU0ZWZzZRRmVkdnNOYS00cEpBeTNHa2VmTWdrM2JIS3UtS0xORk8wRmxKb2Zkc01FMnpaRDFWVzdTWkNPbHc?oc=5,published-signal
2026-09-27,Pronostic République Centreafricaine vs Burkina Faso 28 Septembre 2026,Google Actualités — Burkina Faso,dailysports.net,news.google.com,fr,,Burkina Faso,,,autre,3,Pronostic République Centreafricaine vs Burkina Faso 28 Septembre 2026 dailysports.net,https://news.google.com/rss/articles/CBMi5gFBVV95cUxOaG1FYUFtVE1FcXVJTFVMcFhJZW5VYlo0Mzh1UG9BdnFwMEJvWXBVSndRQ1gyTS1SRFBjeXdTY2ZNXzdwZHM3TkRBVHh0MV9XYi1sQnBRZm1IWWtXOVRva3V5a2dNbG5jR1F2dkE0SlFTSVlhZEVQVEtBcDlxVG05clRNbW9jT1d2alI5Y0ZOS1pnQTItS1QwYkxCS2wwOHM0dG5TMWU2TktNcXlwWEU2LVM4ajBoWkdGaUZzY1dLZHdBMUZqMnZZaGI4SU95R3c2dXpYN2Fxd0V5b1VvcWlMenlwWk0yQQ?oc=5,filtered
2026-09-27,La coexistence pacifique dans un village scindé en deux par la frontière entre le Sénégal et la Mauritanie,Google Actualités — Mauritanie,Courrier international,news.google.com,fr,,Mauritanie,,,autre,3,La coexistence pacifique dans un village scindé en deux par la frontière entre le Sénégal et la Mauritanie Courrier international,https://news.google.com/rss/articles/CBMi_gFBVV95cUxPYU1JYUFVbWdITXhOYUhxeXRjbXlOdXpaNXdXcXJ2dlNUY1duODhMM3FKYVNxTVp1V1kxWlJYRTMyME9ORHVRUi1mWEp1X0FrT1FoVVJybkF6ZWx3X1FSWFpLaHg0OFgzcWI2Z2RERGxqT3l2QUpSYUk0Z1AyTVdiNUI3NDJlRWphQm9YTmZNSW1YWDJYU2NGVG1BbVlwY1lJR081a2JsRWRDTWZpYXdEQVFaSm02QkFTZl8xak0wYzU1RTBCX2xHdTJUTjYxNU9iRjFRSE1uWWJWR1B2aUItSjV0dHp6MFJUbmdhZWFtZ18xR1hLMGYtOFU4M21yUQ?oc=5,filtered
2026-09-27,La Mauritanie condamne fermement l’attaque contre Taif,Google Actualités — Mauritanie,وكالة الأنباء السعودية,news.google.com,fr,,Mauritanie,,,autre,3,La Mauritanie condamne fermement l’attaque contre Taif وكالة الأنباء السعودية,https://news.google.com/rss/articles/CBMiSkFVX3lxTE9PRzY0ZkJXWlNkOGhRcWlIWEMyamp3Q2tGX3BfZ2RSTlRlUUZwd0RYWk1JODNyNm5UT0ZWeXctWGlXZFBVVkRpRzhn?oc=5,filtered
2026-09-27,"Mauritanie : 260 migrants, dont 4 Guinéens, secourus après sept jours en mer",Google Actualités — Mauritanie,guinee28.info,news.google.com,fr,,Mauritanie,,,autre,3,"Mauritanie : 260 migrants, dont 4 Guinéens, secourus après sept jours en mer guinee28.info",https://news.google.com/rss/articles/CBMimwFBVV95cUxOXzVJTHZqbGZfYzVaX3RTRjdKdng0SEM4di1TWDI3dkNPRjlLUFJ2a0RGYlVNdHc0Y3loR2xCY1ZOQTgtWXI5dnlfekNSWGhYQWpNUTEwUmJPUmQ4SDFHMVI2bGNWaHc4dlBjcWtPZDNSOVJEN0l1bVdYNEpPTmh0SnJlZHMzTDRPZEJnLUF0TVlnLUZPOXZWWkEyOA?oc=5,filtered
2026-09-27,"Nouakchott : Plus de 250 migrants, dont des Guinéens, secourus au large de la Mauritanie",Google Actualités — Mauritanie,Africaguinee.com,news.google.com,fr,Nouakchott,Mauritanie,18.086,-15.979,autre,4,"Nouakchott : Plus de 250 migrants, dont des Guinéens, secourus au large de la Mauritanie Africaguinee.com",https://news.google.com/rss/articles/CBMitAFBVV95cUxQWnp3RW1MMUVBOUFhLXJZSWE1VjNlc1RMS1UxSF9oUVg0V1RJZmVmLVNiSHgyeXBWRGphT3FHRmZtX0c0bW1VVUF3Ni16YzEwX2Q3dk83ak5EQlNTeGpKQXpqVmp2Sms2dW9tSEV1RWdCLXJZOU1udWZOMEhEYUNNUFV5REJwemdEdHBPYWFManNLMG90eE12eWEwUl9hU0xRTzRCMWFLeFlEdmFlZ3JGb3Qzclk?oc=5,published-signal
2026-09-26,"Mali : Dioura, le revers qui interroge l'efficacité d'Africa Corps ?",Google Actualités — Mali,Timbuktu Institute,news.google.com,fr,Timbuktu,Mali,16.773,-3.007,autre,4,"Mali : Dioura, le revers qui interroge l'efficacité d'Africa Corps ? Timbuktu Institute",https://news.google.com/rss/articles/CBMizwFBVV95cUxPUFA4UDBMa194SG1UOXRPcXBrSm5yeTVSbHVEVlRSSEhTY3RLdVgwWVhVVU5VVExqamtiU214UW9rZC1NTl9jUURYMWhZRXIzUmNTVHFUbnl4eHVGUEt2SWdaMEw3eWxPWFVyblB4V3NtUlMta1N5X3l5OEtSRDNlTTNrLWZCSnBQX3V3ZC1EU2hfQ29aVUZ1MzRkR2JEZmM5THV3bkZGbEVEa0x0bFpPNlcyOUdySjB4N25JUDFNWjdOSUdLM0M3S0dyWVVVMXM?oc=5,published-signal
2026-09-26,"Mali : Dioura, Sévaré, Kidal… les armes russes ne suffisent plus à tenir le terrain",Google Actualités — Mali,Afrik,news.google.com,fr,Kidal,Mali,18.443,1.409,autre,4,"Mali : Dioura, Sévaré, Kidal… les armes russes ne suffisent plus à tenir le terrain Afrik",https://news.google.com/rss/articles/CBMiogFBVV95cUxQQ0tNUVFHVEFwemVOSVd2Q09mVXRDZS1VSEdrT2NXeGNqRWpPbUZabHpqeE9IUGlpWVBBbDVZS2lDR3d0dGZOWFphY3BGaHA2WlhKRUNIQm05dkRieWxUSFdhZThfN0VEd3lBT284YjBZMEUyZG9QYXBYeXZvV1ptallZY1g0WkZzRVJITkl5YzZ0V2JrTHBLYTBXb2o5NGZRUUE?oc=5,published-signal
2026-09-26,Le Premier ministre nigérien salue le soutien de l'Algérie au Niger et l'esprit de solidarité entre les deux pays frères,Google Actualités — Niger,aps.dz,news.google.com,fr,,Niger,,,autre,3,Le Premier ministre nigérien salue le soutien de l'Algérie au Niger et l'esprit de solidarité entre les deux pays frères aps.dz,https://news.google.com/rss/articles/CBMi-AFBVV95cUxNbXFfWEtyRm5RRXZ6QmtOOUJDZTBYLTJoUUluTTFqckhpWVNKSUFQSVNTbzZ3V1YxcVlaNVFjenZSUS1HOFdDWTYtSTBjSU1rR3NqTUFfaHI4RlVoUWZmdWV3eDc5ZWdlOENWMnRNMkgxMHZNOW53cEhfSkJhQzRDZnliR2NZNGk3RG1QblE1UXRwUHB1bXhRSzhQOG9wa0xWMWZlc2VJaUJRaWpXdDNTQWRPRWJZQTBXRkVaUzJ3MERwLUVTakNuU003WVZfNjVsclpZajhGdTB2UGJDTEJOY1cyc0FtUzBJbXczRElmel9wWllqc0FVSA?oc=5,filtered
2026-09-26,"Météo à Gondokéré, Niamey heure par heure",Google Actualités — Niger,SpaceRef,news.google.com,fr,Niamey,Niger,13.514,2.11,autre,4,"Météo à Gondokéré, Niamey heure par heure SpaceRef",https://news.google.com/rss/articles/CBMiaEFVX3lxTE1rOTEta3VSbHlNS3A4V1JPaFBWX0lXT2hKS01fb2ItUV9fMFk1ek1waE5yeFI3VVhxTEh3N3hLTE5pRWZITE55U0hiaF9iSnNoS253R3M4ZnpRWml6SHJlUWRsSU9ubUp0?oc=5,published-signal
2026-09-26,Niger : Niamey accuse la France et l’Ukraine de soutenir des groupes prêts à attaquer ses installations pétrolières,Google Actualités — Niger,Tchadinfos,news.google.com,fr,Niamey,Niger,13.514,2.11,autre,4,Niger : Niamey accuse la France et l’Ukraine de soutenir des groupes prêts à attaquer ses installations pétrolières Tchadinfos,https://news.google.com/rss/articles/CBMi4AFBVV95cUxNSWZjMkxkUlhYSTFIZHFDMzQxMkJCVW1ITjBoNFp4Y0l4bDdodVA5emVOR2FoU2tDT1Z6dGhMcTRUUlJjVXZucDQtODRyV0xxOVo1Wl9Wd3Qwai14MXF2Tk1sZkhLdDNnMmJnOU9mWEVEU0F5YXA5QVNySV9jMlVpT1lJcmtoejBXRzZlMjBwMU5DN0ZIYk55OFBZZ2V2YWFGMG5XQU5XQ2g2ME42OWlXTGlERHczTnJ0TFpGYXBjMktoRmpYZUpEVTlWMkVlbEJBUnVXM3JWZkRfd2NaM1F2RQ?oc=5,published-signal
2026-09-26,"Niger : Mutinerie et attaque de Fartel, les failles du système de sécurité mises à nu...",Google Actualités — Niger,FratMat,news.google.com,fr,,Niger,,,sécurité,5,"Niger : Mutinerie et attaque de Fartel, les failles du système de sécurité mises à nu... FratMat",https://news.google.com/rss/articles/CBMi1AFBVV95cUxNeFRuOFA4Y28zdWZZcXp4VXN6SXF1SVNkRTU5WnBYcmR0a0N4amdGa3YtMlBCVC1aMmdtd09EOEJIMEI4U0NWa0h3VTEtdUhHT2tCMnVZLUtDN3QzV1V4UFNYOWpqWHZRaXo0OU82VlRhM1diczl5bmp6c0d3eFN4bU0xZk40MFNLX3oxbDE3d3hTLXZic284TEdDNzk0cHRQYlU2WG9GdjI2VndvOUVsMmx2c2J0ZEFKZzhUZE94NXFvZ3UwSmF6NndsYmdGalI5aU9ZOA?oc=5,published-signal
2026-09-26,"À l’ONU, le Niger met l’Algérie au cœur de sa résilience et de sa nouvelle souveraineté",Google Actualités — Niger,Le Jeune Indépendant,news.google.com,fr,,Niger,,,autre,3,"À l’ONU, le Niger met l’Algérie au cœur de sa résilience et de sa nouvelle souveraineté Le Jeune Indépendant",https://news.google.com/rss/articles/CBMivAFBVV95cUxNZUlOQTBvcnZjMTRTaldQNEkyN1JyY2FzUHB5ZjN3TzFhUWl1aDZtUThNdmJQdUZGcDFtQ1NIYWJ4N2JMX3ZCbHMwNEtuMWZ4U1huMFNfY0JFRktLRHF1X2txYmVwSDdwSkNUZV9CVU5VXzJsRUlRc01BbTlsckZrQVNZczItcTgxMkZRLXZzdUNpUUptTlpESVhweEVRR0U2Z0lWQkZYMmE3Nl8zbkJfZ1N2NmtHczRnSjlHSA?oc=5,filtered
2026-09-26,"Prévisions et conditions météo pour Ayérou, Tillabéri, Niger - The Weather Channel | Weather.com",Google Actualités — Niger,The Weather Channel,news.google.com,fr,Tillabéri,Niger,14.207,1.454,autre,4,"Prévisions et conditions météo pour Ayérou, Tillabéri, Niger - The Weather Channel | Weather.com The Weather Channel",https://news.google.com/rss/articles/CBMiZ0FVX3lxTE9yMUJic2Y1eDRVTkFNUmdlRk5TSWpYVTUzZUEwcXRSWFBjMjNLbUJRWl80WHZtTE1md05ydG1EbmZkNW85X295a1pVSzRjM2F1UzZWS1ZFSXFVUmpmeXpuaTVXOGlNNnc?oc=5,published-signal
2026-09-26,Niger : La Conférence des recteurs s’ouvre à Niamey,Google Actualités — Niger,Journal du Niger,news.google.com,fr,Niamey,Niger,13.514,2.11,autre,4,Niger : La Conférence des recteurs s’ouvre à Niamey Journal du Niger,https://news.google.com/rss/articles/CBMilAFBVV95cUxONkVYSUVwMm1jVnR1MzZqMzJjZTRoNjVsQnZuSUJCM2J6djdWZjgxZVhKWTFLNGU0M1oxV0h1b0pJMHluYXJBc1piWFZDejhCZUNnRlRVLXNDSG9zdHctVDZLc1MtbkV3Q0owMDEtNm5fRXlUODV4ZWFDSmZ0QUhqLUl2MkhVbUV1VWVpclE1Z0VQYXg4?oc=5,published-signal
2026-09-26,La Mauritanie vise un rôle de laboratoire fintech régional après 150 projets recensés,Google Actualités — Mauritanie,renseignementeconomique.fr,news.google.com,fr,,Mauritanie,,,autre,3,La Mauritanie vise un rôle de laboratoire fintech régional après 150 projets recensés renseignementeconomique.fr,https://news.google.com/rss/articles/CBMivAFBVV95cUxPZWlaUEZ3VjhjemhkY19aX0VwNGc1dFBGUHNmbzB0QlFEcDNON3d6akxmZGJZWmVJak5wVzRac1hiXzB3LTFOUWdTejZCdDlHVU0yT3doXzdnYXlqNmMtQzNqWWdBWHl0eU9yOUx1djVlaFVyTU9hSEJkbjg2RnpsS2hvWUV4X2lHUWc4VFpLSVRoV2ZvLXNKdTFfS05Bay1LVFlXSG1LWFl1N2JUV2N4a1FNOXBFdjAyMTZnMg?oc=5,filtered
2026-09-26,Échecs : six titres internationaux pour la Mauritanie à l’Olympiade de Samarcande,Google Actualités — Mauritanie,Cridem,news.google.com,fr,,Mauritanie,,,autre,3,Échecs : six titres internationaux pour la Mauritanie à l’Olympiade de Samarcande Cridem,https://news.google.com/rss/articles/CBMiWEFVX3lxTE1SU19XYldtQ3k2c3lqaWNTUE1iMDJ5cTdKNlVjRGZjSTNDeGJweUJobHJpRGRxMXhlejVlRkMtc1dPai1xWW1UVE4yY3VyZ3diR2lOTlBzVVc?oc=5,filtered
2026-09-26,Le Président de la République quitte Benichab pour Nouakchott au terme d’une visite de travail et d’information dans l’Inchiri,Google Actualités — Mauritanie,Cridem,news.google.com,fr,Nouakchott,Mauritanie,18.086,-15.979,autre,4,Le Président de la République quitte Benichab pour Nouakchott au terme d’une visite de travail et d’information dans l’Inchiri Cridem,https://news.google.com/rss/articles/CBMiWEFVX3lxTE5kYl8ydDJSMHl2eVJPV05DSWt3ejNmdFNxcUg2Rzhwb2JZcC1hOHprVnpoX1BCY2xJTHk3cWN2STNCdnBfbmNvdXZDbjN2dzN0eVlLbzRndWo?oc=5,published-signal
2026-09-26,Maroc–Mauritanie : le corridor d’El Guerguerat change d’échelle,Google Actualités — Mauritanie,Industrie du Maroc,news.google.com,fr,,Mauritanie,,,autre,3,Maroc–Mauritanie : le corridor d’El Guerguerat change d’échelle Industrie du Maroc,https://news.google.com/rss/articles/CBMiigFBVV95cUxPbE5nUVktNS1ld0F2SDAwYVVfUVV1R240OVA0YzdmeGFTaUt1RElkLURvcm43NUF2SHNfaURqMVZ1eDZQd3JnQkJDWGFmb25PYzVGbldRTFQxN1p5UUlEQUVxLXpBbElOS3phcmd0Z09YaTg2MDViTkVWNnlsbFMtVF9aQ3hIZ19jUFE?oc=5,filtered
2026-09-26,"""responsabilité partagée"" face aux racines de la migration",Google Actualités — Mauritanie,senalioune,news.google.com,fr,,Mauritanie,,,autre,3,"""responsabilité partagée"" face aux racines de la migration senalioune",https://news.google.com/rss/articles/CBMiwwFBVV95cUxNeE5vTS1JT2JmdFVCT3JldWd6N2p3UkZTUjhLX19MUHBsUUd4OS1OWU16YmFILTZFNXVBS2pZd1dyYkxuOEZNQzljMnFUUi1FWVVWckVJOWtYN0ktRThyS1kzUC1QYVcwcmdDQzI3VnJoR3Z2LWZaZ1Y0dEdIVnl1dW9qU3Q4ZmZYSHFEdVpGR3NnTFgydDBSN1d2R1I0azVoUlBLUi1NVW11N1N4Y09fUUpGX1B5NERMRGZhOTY4U1VNUE0?oc=5,filtered
2026-09-26,Parlement : ouverture officielle de la session ordinaire 2026-2027 jeudi prochain,Google Actualités — Mauritanie,senalioune,news.google.com,fr,,Mauritanie,,,autre,3,Parlement : ouverture officielle de la session ordinaire 2026-2027 jeudi prochain senalioune,https://news.google.com/rss/articles/CBMipgFBVV95cUxNMGlPdVBiR0drZmV3NVhqQWhoTnFyQ2VqRHZZb2RCQWYyRkp3eVJKSDBuZ0NQMk1NUjRjb184RXZHa2lsSmEtSDFpSU9fQXZtRno3UDM1QWd4bmI2M3dXdVJpU3NKUzNTMFBpQ0QyTDd1SHRzRWpxOTZ0UURuaTdaWTEwX24zaVdweHlvTmNNTGNiTkh3MHE3WDEwVXFrd0MzX0dUT0dB?oc=5,filtered
2026-09-26,ONU : le Tchad défend son retrait de la CPI et met en garde le Soudan,Google Actualités — Tchad,Tchadinfos,news.google.com,fr,,Tchad,,,autre,3,ONU : le Tchad défend son retrait de la CPI et met en garde le Soudan Tchadinfos,https://news.google.com/rss/articles/CBMipAFBVV95cUxPT2VldTdJWThVV2F6U2tpV1FvMmV1VER0aVZPcVFaUmZuZVlDSEhtM1Q5dXJ0UzZfY2pPbTlSSVVCcVdIVW9GMTdZWkZkcUlZc0xBTHVXRGpWWGhRLXVwUFdsajdrc1FfX0g3aGEzR3JQSEd1SGhGVG5MTzlhZkhTU3IzZkhpT1BCNllOa0c1aVRuZGJoNXZmRDl5bzYwLXJHUHFfVg?oc=5,filtered
2026-09-26,ONU : le Tchad met en garde le Soudan suite aux frappes et assume son retrait de la CPI,Google Actualités — Tchad,Alwihda Info,news.google.com,fr,,Tchad,,,autre,3,ONU : le Tchad met en garde le Soudan suite aux frappes et assume son retrait de la CPI Alwihda Info,https://news.google.com/rss/articles/CBMitAFBVV95cUxNOG9WcEItOGxNZzk0UkVnbkZaSVVIcE1hQ25sRTNXXzNmSmowWmMwRWo2dF9faUdIQlpkaWtFVm9KWFZTNF96eWw0aWFDTldsSnQtdjhSNkdZdmZXLVR0TVVPQTFhdU5aYkFuZ2xIRTVmMVd2aVI5d0RtUFBSUk5ybE54STNuc0lIQ2tQRG8yZTBCaktsLWZOTnRQNEo1dWIwZmNhcjhxbmhta2M4b3RrcC1MdHM?oc=5,filtered
2026-09-26,"AES : Le Burkina Faso, le Mali et le Niger créent le Conseil des régulateurs du Sahel Lire la suite ici https://t.co/4UEcQ2Y8td - x.com",X indexé — @burkina24,Burkina 24,news.google.com,fr,,Burkina Faso,,,autre,3,"AES : Le Burkina Faso, le Mali et le Niger créent le Conseil des régulateurs du Sahel Lire la suite ici https://t.co/4UEcQ2Y8td x.com",https://news.google.com/rss/articles/CBMiX0FVX3lxTE1NNHZEcHhQZDRUZ2NwdFZHdFhXTVdyTHVDa1RoeV9sblk1WlYxMUxucjRQbjVRZUIzNUd0V0JOVUU1WTNKakdRQTRjdUhfNVdneG9tdzREaTI4QjU5dE84?oc=5,filtered
2026-09-26,"Un jeune homme d’environ 25 ans a été mortellement blessé à l’arme blanche ce samedi 26 septembre 2026 au grand marché de Sarh. Apprenti boucher, il aurait succombé à une grave blessure à l’abdomen après une altercation avec un autre jeune homm - x.com",X indexé — @tchadinfos,Tchadinfos,news.google.com,fr,Sarh,Tchad,9.146,18.383,autre,4,"Un jeune homme d’environ 25 ans a été mortellement blessé à l’arme blanche ce samedi 26 septembre 2026 au grand marché de Sarh. Apprenti boucher, il aurait succombé à une grave blessure à l’abdomen après une altercation avec un autre jeune homm x.com",https://news.google.com/rss/articles/CBMiYEFVX3lxTE9YUmtUdzdnX2hGWm12YVZVQktvNDEwUHg5cEZTYXVfZG9PYmdFWEFhOWpRZ3Y1NGE1SnlBUDV0dXl0ZTJleEdqcmdrNmNPVFU3Y3VmNWlKMm12RHphcU95eg?oc=5,filtered
2026-09-26,"#Ilsontdit 🎙️ À la tribune de l’ONU, lors de la 81e AG, le #Tchad 🇹🇩 par la voix de son représentant, le ministre tchadien de la Santé publique, Abdelmadjid Abderahim Mahamat, a réaffirmé sa « neutralité stricte, absolue et inchangée » dans la guerre au #So - x.com",X indexé — @tchadinfos,Tchadinfos,news.google.com,fr,,Tchad,,,autre,3,"#Ilsontdit 🎙️ À la tribune de l’ONU, lors de la 81e AG, le #Tchad 🇹🇩 par la voix de son représentant, le ministre tchadien de la Santé publique, Abdelmadjid Abderahim Mahamat, a réaffirmé sa « neutralité stricte, absolue et inchangée » dans la guerre au #So x.com",https://news.google.com/rss/articles/CBMiYEFVX3lxTE9DWkNBVEJKV2pXWDFLR2hDYUZnMERONzlXYTR2d3lXbTlzb21YcWhKZ1E0LURKTDdGN0gxZjZXSTdMZlFnejNINngwMXFjOTR6dUZoMW10ckYyanBPOURQYQ?oc=5,filtered
2026-09-26,"Le #Tchad 🇹🇩 met en garde le #Soudan 🇸🇩. À la tribune de l’ONU, N’Djamena condamne de nouvelles frappes aériennes liées au conflit soudanais ayant touché son territoire et prévient qu’en cas de récidive, il se réserve le droit de prendre « toutes les mes - x.com",X indexé — @tchadinfos,Tchadinfos,news.google.com,fr,,Tchad,,,sécurité,5,"Le #Tchad 🇹🇩 met en garde le #Soudan 🇸🇩. À la tribune de l’ONU, N’Djamena condamne de nouvelles frappes aériennes liées au conflit soudanais ayant touché son territoire et prévient qu’en cas de récidive, il se réserve le droit de prendre « toutes les mes x.com",https://news.google.com/rss/articles/CBMiYEFVX3lxTE5ONFZFenU1UTV5bTEwZW9SMEpxQTdtSDF4bGNfME50M2xaTFJYdEMxZUZ6c2x6ZVpJU3pJNXI0NHBMbWNuMXRRX0EzT1FWRFBaa1ptS1gyM1dUd2lwbHYzUA?oc=5,published-signal
2026-09-25,Mali : Les FAMa frappent un regroupement de 200 à 300 combattants terroristes,Google Actualités — Mali,aa.com.tr,news.google.com,fr,,Mali,,,autre,4,Mali : Les FAMa frappent un regroupement de 200 à 300 combattants terroristes aa.com.tr,https://news.google.com/rss/articles/CBMivgFBVV95cUxNOHJPT2ktZkttLXFadGtveXFkYjJjZ1NCdk9Ycl90YXVuQmtGM1lhNVhQWExrSWJVbE5wRllTLXdtRkZWdHVfX2VqeGQ2TC1OckZkWWJWRkFselRZUDBuR25JMFo4WnpQZzVoVVY0cHRBdEN1TnVXM05ROVlVT1VTemRCZUpXMFNpMUQ4REFWemRYb3l0Z2dmUmtvdlBNMEhUUXVsQTB2Y0c2MVpxbTBieXFmWU1DLXpfWVRuSERn?oc=5,published-signal
2026-09-25,ONU : le Burkina Faso dénonce le silence international après l’attaque du 25 avril au Mali,Google Actualités — Mali,La Nouvelle Tribune,news.google.com,fr,,Mali,,,autre,3,ONU : le Burkina Faso dénonce le silence international après l’attaque du 25 avril au Mali La Nouvelle Tribune,https://news.google.com/rss/articles/CBMixgFBVV95cUxNN1hmeUsxbWx6SW4yZjFObjltZnhLZXJ0cFh0NUd3QVhmVlZ1SGYzOGpVdFFIbGptV0IyOFBkeWZPYnl3ckJPVTRoRWhSYkhLa1p1TF9SYk5ZZ21EeXNKcHRkaEVmM0htdWdITS1mQ2FJYW9udk40QThBME94WTdQZ1F3RUhqLVhuWUFzWGpyRUF3WC1TNzlrYURHU0hXVWx5d1ltSjQya2FuR29GZnJkVVR6VTUydlFGRENlSG1WYzUzU1o4aWc?oc=5,filtered
2026-09-25,"Au Niger, l’organisation Etat islamique de plus en plus puissante",Google Actualités — Niger,Le Monde.fr,news.google.com,fr,,Niger,,,autre,3,"Au Niger, l’organisation Etat islamique de plus en plus puissante Le Monde.fr",https://news.google.com/rss/articles/CBMizAFBVV95cUxNdllUYUl3VGZoX052TXpzQXBXT3FuT0tWcTA4MVhYT044UGJHbW5qMW83NUhiekRDUF9PYnZ3d042T0JLbXlkNnZMV1pKVnQ2aF9FcjFtendmZHNqQTZkT2YwaC1ZU2FSbFJ5M3Q2ay1JWGlGeklHb0F1YnBuQUhGLTgtd29pbkdRWXk4cDFPcnhGRzFzQ014b2lZbzlTT2dETzh6TjlnYV9JMlVsbm1qZ1liYVdTdGR1QUYyR2VxQ3pCZGl1cDVKRWRYeVE?oc=5,filtered
2026-09-25,"AFRIQUE/NIGER - Des Canadiens, des Australiens et des Américains relancent l'industrie de l'uranium au Niger",Google Actualités — Niger,Agenzia Fides,news.google.com,fr,,Niger,,,autre,3,"AFRIQUE/NIGER - Des Canadiens, des Australiens et des Américains relancent l'industrie de l'uranium au Niger Agenzia Fides",https://news.google.com/rss/articles/CBMi2AFBVV95cUxPNE5qd21DcTEtWHNlSlpyZ2NRaG5wejByNlNuOFQxaTlQdmxxZDJmOEUxXzBCcUIwYnRQcE1vR1UzTHExck1hYUFtX0N1dUtDTlFOcDBvcFRHVlJNcWNmcXJDYmFJRklBQjEzVU5IVE12T0YtYnYyWmVXNEdsRXh4MTQ5cF9Qa0JmMjc2TWotR0VIUGhfZ1A3WDRJNUZJekNqRG9sOVBpSkdERGtUSFE4MXRyaGNpMmltYlg5QU80Q1otSXdhRVpqMUttbXJ6TDRnMWRhMFI0Wno?oc=5,filtered
2026-09-25,Niger : 57 morts dans deux attaques attribuées à l'État islamique,Google Actualités — Niger,La Libre.be,news.google.com,fr,,Niger,,,sécurité,5,Niger : 57 morts dans deux attaques attribuées à l'État islamique La Libre.be,https://news.google.com/rss/articles/CBMi3wFBVV95cUxQV3cwTWRhek5TejNFNTQ5VkJsSENsT1hTMWVtTkhIZ1Zya1hsb0NyS1BKZEZCSHRTd0oyVjNubEdwbjdZRXFZM1k1SWhOdTdhb0NFamFJek9FWl9MNDdZV1lKUHh4MmtSMHQ0eVRiWkRiQl9KdzJTREFpZkZrMVEzTm15QVROVW9JQzJ1TGRBVVJJaFpKUlVDNVNKb1oxbTkzelpKRGZKeTBLZHNPM0MwMnhGT295ZGVtVDdmMlVVLXZtQ3JsZGllUnp2Z2pVYkcyOWJlOG9sYmt3dWFQcXM0?oc=5,published-signal
2026-09-25,"Météo à Goula, Tillabéri heure par heure",Google Actualités — Niger,SpaceRef,news.google.com,fr,Tillabéri,Niger,14.207,1.454,autre,4,"Météo à Goula, Tillabéri heure par heure SpaceRef",https://news.google.com/rss/articles/CBMidEFVX3lxTE9QTWZvcmtFT2p6ZGEyYUd3ZWJBa2xVYWc1R0VyZkFYZ2traGk1ZFYwajQ4ZFpYTnhwZTdEbU1iUFpsTk1XWEhBZVpSVGxVbGJNbFRHODdaUXVJcWc3c3g3NlQxaHdqOUtvX0VoRksyc1gxQlFK?oc=5,published-signal
2026-09-25,Privilèges parlementaires : faut-il supprimer le régime de retraite des députés ?,Google Actualités — Niger,Journal du Niger,news.google.com,fr,,Niger,,,autre,3,Privilèges parlementaires : faut-il supprimer le régime de retraite des députés ? Journal du Niger,https://news.google.com/rss/articles/CBMifEFVX3lxTE4zNTluSFdQMHFCdHZENWZRMEtKQnJINUl2ZWtlS25IYW1jcjBMRk9mT0szZzgySW1pWGhlQzhvVFlib1VVb2hJT2RBamxoUUY0d0taSVJzcVJ3eUdlYXRvOUNRTXcwS0xUelIxZ21xcjlkdGtPdmNRaXhXUzM?oc=5,filtered
2026-09-25,Nomination de Habibou Alio Maidoukia à la tête de l’ANSI,Google Actualités — Niger,Journal du Niger,news.google.com,fr,,Niger,,,autre,3,Nomination de Habibou Alio Maidoukia à la tête de l’ANSI Journal du Niger,https://news.google.com/rss/articles/CBMimgFBVV95cUxPbURxTHdWWGtQN0t0N3cyQTFLdmdZLS1yOUZrNjlaMW1Cb0RoRWVMbUxJR1VvWVlBYi1NVWxqdk1LU2RMVUpFaGpZUHRmazlLWTJwbzZ1MVprTjJhV1o4c3RSTjl3LUJlbjB4UHRveXIyMGVydVBKblhQd2NyLWlXSmZPaWlkdWppS0ZVWVdYMjdsMW9rNTMwZEZn?oc=5,filtered
2026-09-25,Reportage au Burkina Faso : quand la violence jihadiste détruit la Grande Muraille verte,Google Actualités — Burkina Faso,Jeune Afrique,news.google.com,fr,,Burkina Faso,,,sécurité,5,Reportage au Burkina Faso : quand la violence jihadiste détruit la Grande Muraille verte Jeune Afrique,https://news.google.com/rss/articles/CBMizAFBVV95cUxQQ25wbENhclNkZFFsOTU4NmJ4Vy1FMTd4Um9wV0FLRElKQ3dDeDFwd3hRM04xMjhYRkpodHgwc1RhcWtoR25PTHllRDdLTlJfb2swLXJWX185YktJTUVWMzdITlBJMVN4aE5NSWVUS0dFcTRucXNhS1JoRVRFOTlaRUE1UmtTQVRRY2hYZEhUakF5WWZGWFBHTDA4REJveFowQUk3bHdfQ2VRLWZ1aWRmalU5eFllT0NUZGZrS3ZvbDdxd2gxckpHalREeHU?oc=5,published-signal
2026-09-25,"Ligue 3. Un retour et un forfait en attaque, Mahop encore absent… Le groupe du Vendée FC La Roche à Thionville",Google Actualités — Burkina Faso,Ouest-France,news.google.com,fr,,Burkina Faso,,,sécurité,5,"Ligue 3. Un retour et un forfait en attaque, Mahop encore absent… Le groupe du Vendée FC La Roche à Thionville Ouest-France",https://news.google.com/rss/articles/CBMiqwJBVV95cUxQNHE4NmlQMFdRV01JZ2R6SlVFd1FZcGF6LU96ejltREEwbHFnNEp6U1YxaVpuaGttSTJfVU1oR2tUejhHbzBRYWpFLWN3SVo5a3dod25USUxVaFFnM1Y5Zm03Y0REZU1QTUtWcHpyMjVHdHFENXZLb2NoaWpYM3hON0U1eVZNZDhieUwwRlU1YWU0Y0V2ZW83ZGdXamZBQUF0QXhFUkk0Y3c0SzBQSm4yNXJZUl94bkpGbkw3ZllfNmgyNy1hZzQyR0ZRaG94cFNvaFRISFpuY1N2Vk90dGRiVGlqQkQ5ems3bFF4bGFpQWpQNnZfYXBUZ3lzdTRlc0kyZzAzeDJZanZwUUxRQ1NRbGJrOWFkTmMtUmV4Q0IzZ1ItdFBiSHN3b1lpcw?oc=5,published-signal
2026-09-25,Sahel : le Burkina Faso déplore la « caution inavouée » de la communauté internationale face au terrorisme,Google Actualités — Burkina Faso,Alwihda Info,news.google.com,fr,,Burkina Faso,,,sécurité,5,Sahel : le Burkina Faso déplore la « caution inavouée » de la communauté internationale face au terrorisme Alwihda Info,https://news.google.com/rss/articles/CBMiyAFBVV95cUxPai1tWW5lV3Y1WjJQMEoxQko4RG5uYmpWQVAxd05mNG1KQXUxZkw5aVZnakQwN0x6S2g0cFp5dUFmVm5uTkJwTGRIWk51dV9ldWFTS01FUnF3aTBnTklsYkV6eHpSS25vQ1dFazdfM1V1Q1g2bXpoOTlBVkpKSV9kVllxS3Y1Z2EzQTkxYjI1akRQeGxMMVJEa2hEUGpjVE4yQ19XQXN0QWNxNWo1cWM4c2pKNVZyYk5TRk1Pdmc2S0NXSzRLMEM4bQ?oc=5,published-signal
2026-09-25,Éliminatoires CAN 2027 : le Bénin arrache le nul (1-1) face au Burkina Faso à Ouagadougou,Google Actualités — Burkina Faso,La Nouvelle Tribune,news.google.com,fr,Ouagadougou,Burkina Faso,12.366,-1.534,autre,4,Éliminatoires CAN 2027 : le Bénin arrache le nul (1-1) face au Burkina Faso à Ouagadougou La Nouvelle Tribune,https://news.google.com/rss/articles/CBMixwFBVV95cUxQVXFVOU0xQTRKc1I4OTFNVFlhNzVuVFhSMFFKT3A2bVk2NFpWcEc2LXUtbEhlSTd3TTFVOGl5enhkMy1QVFB4N3ZNeWh4Xy1lV0dJem9OU21VVEdZREJndmpLQUc4UVNIalVoNFN2a3UyQWxNUVVWYjg5UnJuUFRrdlRtQ3E5OHBKUEUzYjJsX05BZXduUHVKQ3d6c3pqdE5hcGdQQ3ZoQUNMS1F6bG9walJMeVVCUzVrMVJkWktfWWtsbFFBY3RB?oc=5,published-signal
2026-09-25,Burkina Faso vs Bénin : voici les 11 titulaires de Gernot Rhor,Google Actualités — Burkina Faso,Banouto.bj,news.google.com,fr,,Burkina Faso,,,autre,3,Burkina Faso vs Bénin : voici les 11 titulaires de Gernot Rhor Banouto.bj,https://news.google.com/rss/articles/CBMiqgFBVV95cUxQMXNrdnhRbGZMVGk1UFU2emxKWXZ3VlJ6OXRLY2Q2anduRkZ4NXBKbVZMbWRhbGk3OUZ2aWxxdFRmLTUwcHNBU0xzOEVzRlFLR1Z2cE9oNnB2U0s3cGJUTjJsWW5jc1lWSHJQNWRBRzFjSnlZVnRxZzFHNVNaUmozN25oUC1xTUpDRnp1WHBQZnYwRjRwaFhnSUVZSzhBdU5hQ3I3bjdxcE5QQQ?oc=5,filtered
2026-09-25,"Route Dakhla-Nouakchott : forcing marocain, ambiguïté mauritanienne et financement émirati",Google Actualités — Mauritanie,tsa-algerie.com,news.google.com,fr,Nouakchott,Mauritanie,18.086,-15.979,autre,4,"Route Dakhla-Nouakchott : forcing marocain, ambiguïté mauritanienne et financement émirati tsa-algerie.com",https://news.google.com/rss/articles/CBMitwFBVV95cUxNX1dPbTBQR0J4WVQ5TnU5TDV6NnN0NmlCQU5VWGxSejdGVkZsNkRRZkhaTVN0X2gyaG1kMnFkdUM2UEJRQ1ZoQzRkd3Naak5adkpjb2NqdUEtaGY2NU5qeThTMk4ybGhZeDUzeFB3WE1XWnZhTGZNUEN3cEc5SGlRby1SVE1obmlnd0pRVVlDN0VuVXdockhUa0dNTTg1YXhhZWM1NTY3N1UzZGlyOVB2bUtSWnVvbGs?oc=5,published-signal
2026-09-25,Mauritanie: des syndicats d’enseignants réclament une hausse des salaires face à l’inflation,Google Actualités — Mauritanie,RFI,news.google.com,fr,,Mauritanie,,,autre,3,Mauritanie: des syndicats d’enseignants réclament une hausse des salaires face à l’inflation RFI,https://news.google.com/rss/articles/CBMi1wFBVV95cUxNTjU1RTlhLWoycjFZZ3NPMHYzOFludFdrUzJOd19LWFU3aEtLV28zNU9KbDRmWFZmamFIaUk2MTE2RTdzcm92bFB0S0xRd082SjFZejNMN2h6N2tmZEVoazBWSXk0aXk3TU9NT3ByU0U1UkpqblpZdUVJZldPbm1aeGVjNU1jczVnelpFOEttbTNUQ3BERXNtV0xjN3U5SV9hclh2b2lxXzVwajJvQUZHLXQ4Z1JscVVyaXBGOWNzQ3Q0Q3dGMTBNang5UXZoYW92TXpIdUtsUQ?oc=5,filtered
2026-09-25,MAURITANIE | Fintech : la Mauritanie peut-elle devenir un laboratoire numérique régional ?,Google Actualités — Mauritanie,Webmanagercenter,news.google.com,fr,,Mauritanie,,,autre,3,MAURITANIE | Fintech : la Mauritanie peut-elle devenir un laboratoire numérique régional ? Webmanagercenter,https://news.google.com/rss/articles/CBMi0gFBVV95cUxPc0xCT2cxWG9RX1NLc1lkanR3Qm5QemJDZ3V1bktxRENGc28zVGx0WTlGRENXWUZJR1QtS3lBX1ZCbzZpWms5Q29pcWJaQmgyVVYzbmlLTERZbGNkZmU0RjU3Vm9zVVl2enBqNFY3UVh5ZXVvMWpYX3RQWlEtelBTSEJZVHlQdVJKb1ZINUswblRDNTVCdjM4WWNEYTJlekhLaTJZc2VNUHVlY0k0R0ZzTzZ2N2xNUko1ZDh5eDBSWVpxODlPcDlZUXFBNFBHUVM3TVE?oc=5,filtered
2026-09-25,EN DIRECT DE NOUAKCHOTT | C’est parti pour Fintech Mauritania Hackathon 2026 !,Google Actualités — Mauritanie,Financial Afrik,news.google.com,fr,Nouakchott,Mauritanie,18.086,-15.979,autre,4,EN DIRECT DE NOUAKCHOTT | C’est parti pour Fintech Mauritania Hackathon 2026 ! Financial Afrik,https://news.google.com/rss/articles/CBMitwFBVV95cUxPc0FJT1R2ZWNpeUlmLWo2QXJ1cW5wNmRQeW9FN0FheHE3UkJIV3VPbTZBU3BQR0duWldsM1B0VUFrNEdFOUFFZmRJdzQ5Nk40c24wTElVSTJZOXpPSnNyZUpoSFExeWUwTkNZXzJGdVBDR2lQVUE3cjFsX1R3b2ZySE9FQ2FPczdpMkZWOVFzVVB0aEhielRLRU1YOVJLWkNXZDdjTmJmN0psNGVnem5GeFR1ZFZzbUE?oc=5,published-signal
2026-09-25,AGL préqualifié pour la future zone énergie et gaz de Nouakchott,Google Actualités — Mauritanie,africabusinessplus.com,news.google.com,fr,Nouakchott,Mauritanie,18.086,-15.979,autre,4,AGL préqualifié pour la future zone énergie et gaz de Nouakchott africabusinessplus.com,https://news.google.com/rss/articles/CBMirwFBVV95cUxQYm9iRWI2VWdyY05ZUWIwYzVWWDZzUVVGeHFSUmVZQU5yR2xkZTh4NWZWZ3VCeUh0WEY0T3M3YV9US01YeFNUQlhqUWpkcVYwREVLanktOFlqbk9tQkUtTUlPTk90a3NIcGpuQUJHU1lfZDJKX2JrV1Rxb0lNTDA5MUZSeW5OeFFmTldsdnhYZWQ4dEhhQlB1OHJuQVhQYmJUVFZCdzdUMnZxZnIwN2pr?oc=5,published-signal
2026-09-25,Mauritanie : les enseignants haussent le ton à Nouakchott à l’approche de la rentrée 2026-2027,Google Actualités — Mauritanie,senalioune,news.google.com,fr,Nouakchott,Mauritanie,18.086,-15.979,autre,4,Mauritanie : les enseignants haussent le ton à Nouakchott à l’approche de la rentrée 2026-2027 senalioune,https://news.google.com/rss/articles/CBMitgFBVV95cUxQLXFUNGwtMzkzRVEzVGl5TE1hLWVhTXIzT2lMTTJwM2JZWkZVRjlSQVJUV01SbmVyQ3NXWk1WRUpPdFpDcHdDVWF1Y3A5eGJyYUdsaHZDZlk5MjByRnFDNFM5WEpFN0VzNmlBNHdJd2RHOHdHbkdEQlZiMmk0N21ueWFrenQ3V1I3RUFsZnRTbUM3TnJrdHZLMDJmckV1cmxzZ2FidFd0SURIeVoxUUpaYWhvQ2NlQQ?oc=5,published-signal
2026-09-25,"#BurkinaFaso Le gouvernement adopte leprojet de loi portant code de la santé publique, un outil de régulation du secteur de la Santé et d’amélioration continue de la santé de la population, selon le ministre de la santé https://t.co/9rVRW8BGp8. - x.com",X indexé — @burkina24,Burkina 24,news.google.com,fr,,Burkina Faso,,,autre,3,"#BurkinaFaso Le gouvernement adopte leprojet de loi portant code de la santé publique, un outil de régulation du secteur de la Santé et d’amélioration continue de la santé de la population, selon le ministre de la santé https://t.co/9rVRW8BGp8. x.com",https://news.google.com/rss/articles/CBMiakFVX3lxTE1KWnZ3cmRTdXFmN1dubXZNU1laWktWN3NmQ05fdFVtMFhMNDJpcTNMOU9uU2xTdG5wVjFmd0ZDLUJTeTJXX1ZmWUlYTFJzS0tzSEhHeThtTlVGNDFiY21uQ3p4aWJ3SUNuREE?oc=5,filtered
2026-09-25,Entretien des bâtiments administratifs : L'État burkinabè décide de la création de « FASO SANYA» - x.com,X indexé — @burkina24,Burkina 24,news.google.com,fr,,Burkina Faso,,,autre,3,Entretien des bâtiments administratifs : L'État burkinabè décide de la création de « FASO SANYA» x.com,https://news.google.com/rss/articles/CBMicEFVX3lxTFBtTXo3d1J5cTJMbDlSVC1FZ2NFN3kwMDVCb3VWYlVCTjRqSVlkd2prT3JCcVFIdVo2TDJmTmFQOUk0b2JTYWx6QmVycUliZ2hKbW5GSkVaTi1qVm1IQWJHRGJDMks2ZWkwMUVXSl9OWTQ?oc=5,filtered
2026-09-24,"Au Mali, l’attaque meurtrière de Dioura révèle les failles du dispositif sécuritaire",Google Actualités — Mali,Jeune Afrique,news.google.com,fr,,Mali,,,autre,3,"Au Mali, l’attaque meurtrière de Dioura révèle les failles du dispositif sécuritaire Jeune Afrique",https://news.google.com/rss/articles/CBMiygFBVV95cUxOeFpvZ3lOOFY4cHJ3TGVVQ2FHVmdZaTk3TUpYdUxfa01pb2tBeFJZdGZ2UkxfTURkNk1BdFc0LUxNc2l6R254WENILUtMSjFvczc4Y0tRSXcxU3JxRjBmM1kybkp3UEhOeTRId21kc2ExcFRxbnNPRkxiQldmWGt3M01RaW56WnZMSDdfWUpJdDNfWnJKVXJoZ3MzaHhvRXZjMmRrZTJPRF9CTkFUNk85NVM0ZVIyakl5YW5mdk5PaHRrZDlGel9keTdn?oc=5,filtered
2026-09-24,Niger : « plusieurs soldats » tués par des « mercenaires » dans le Tillabéri,Google Actualités — Niger,Jeune Afrique,news.google.com,fr,Tillabéri,Niger,14.207,1.454,sécurité,6,Niger : « plusieurs soldats » tués par des « mercenaires » dans le Tillabéri Jeune Afrique,https://news.google.com/rss/articles/CBMixAFBVV95cUxPXzdtSGlnVDN6VWxINnNMVkEtLWNwZnZQS2x2YUdPbE41Qkg4Z1V1ajRqNENselNpVGdtQXFkaFdpOGJtUGxYcXJTRVFiM3BrM2FCSlNrcldlY0Ezdmg4SGFyMFJraUNKckRKSjJTM2xhT18wc1ZyNFg5dGZtcTZRVjB5Szc5WWNwa3pGY1VHYkNkLXd0YnNSWjUwWXNlWHN0TXJ6U1lwbVhGeEUzUTFIdm85c0lxRmtTdC1CWG5rTEFFV2lE?oc=5,published-signal
2026-09-24,Konunkooɓe heewɓe mbaraama to diiwal Tillabéri to keerol Niger-Mali,Google Actualités — Niger,RFI,news.google.com,fr,Tillabéri,Niger,14.207,1.454,autre,4,Konunkooɓe heewɓe mbaraama to diiwal Tillabéri to keerol Niger-Mali RFI,https://news.google.com/rss/articles/CBMiuwFBVV95cUxOZHFnUUVEN1V0TjktMjN1NlBrbHB0T0pzN0tPTWU5MEpxX1JsN2hJOVpOOTJPT093RGMwV3dOUWhKUDBla0tnaHZOQnNIUU1IcW5xMjlOZzAtSTFTWG92QkxGcWxYb3d5WW5Sc29uS2J2TGQzZm9KQVQ2YXJkZjIxMGVaVW9uUjZSTXc5d0R5WHRzSWVyN19NSTNlcmo4RHFlcTRFN3V6VGFsa0R2X1Nub0hXRFpfWE12U3lr?oc=5,published-signal
2026-09-24,Niger : plusieurs soldats tués dans des affrontements près du Mali,Google Actualités — Niger,africaradio.com,news.google.com,fr,,Niger,,,sécurité,5,Niger : plusieurs soldats tués dans des affrontements près du Mali africaradio.com,https://news.google.com/rss/articles/CBMirgFBVV95cUxNYTREdGJ2b1Rpa3ZnbEJkLWVQS0NBeHhaMFA0TVlZbU5DZHhYUjdsYndSZ0xwdmJPdjlLVm1HYWZKVzF3MHBEc3N3dTgySXpzMUp6bFQ0ZVI0SXVZcXQyYm5xS2NuaXBYOVhuX29RclBMSk10eDZJMVNLOXdUYUZlaWNOWFdoWnV5RUE1aTdOV3h1dlp5ZHFEMVJ6aGs1Uk1aNjRibDBiNTdyRGwwUWc?oc=5,published-signal
2026-09-24,Niger : Des militaires tués lors d’un accrochage avec des combattants armés à Tillabéri,Google Actualités — Niger,Sahel Intelligence,news.google.com,fr,Tillabéri,Niger,14.207,1.454,autre,4,Niger : Des militaires tués lors d’un accrochage avec des combattants armés à Tillabéri Sahel Intelligence,https://news.google.com/rss/articles/CBMixAFBVV95cUxOV3dqNk01VUhrNDRqbjh1U2w5SEQxMzZPRUF6UXdULXdFNU10MmMtVTVJTGJuaVlGNTZEOWJwNmpFaWxaNDByWExiUmpUcUNmdWdWOEVuaUkwWXViSjlBZnlMaFBxblR1dDZGSmxRNHJqNDR2T3NxODdGMTRfVjVXM0xiQ3NteUJfUERheURfVnJhS1JvR2hteTR5UHR3VGcwY05DaGQxa1RoOWZiUU42djJVbG5YaFNLelZBQVN0RFFnM2tT?oc=5,published-signal
2026-09-24,NIGER : Sɔrasi caman bɔnɛna u nin na binkanniwale dɔ senfɛ Tillabéri mara la,Google Actualités — Niger,RFI,news.google.com,fr,Tillabéri,Niger,14.207,1.454,autre,4,NIGER : Sɔrasi caman bɔnɛna u nin na binkanniwale dɔ senfɛ Tillabéri mara la RFI,https://news.google.com/rss/articles/CBMi3gFBVV95cUxOcGxwNUlxR1lVVGl3ZF80Q1BEMjJyMmNCMDM0Ylhvc05WaVVNWTZJYllQTDNYWUxsYjFlZnFfekNKWl9qTmVXQTNKUXhwMFNrSWR4RTdYVW1xQkFQLVpvbWd6eWJPTWNuQ3hweDlaTXRxQ2xCdG05YVU4bjFwalI2NmdCRzV5TFZqM2NKNVVXVTNsanZrTno3OXZNM2FUSFFpUmRzVXg5ZTlzNzVKZEpDZ0EwaXB3QThyd0tFTGloWlZydXl2YUdFQmdtRWhTZloxbUUwVlktQkQwT2p4aFE?oc=5,published-signal
2026-09-24,Niger : Niamey relance un important projet d’uranium avec l’australien Atomic Eagle,Google Actualités — Niger,Tchadinfos,news.google.com,fr,Niamey,Niger,13.514,2.11,autre,4,Niger : Niamey relance un important projet d’uranium avec l’australien Atomic Eagle Tchadinfos,https://news.google.com/rss/articles/CBMitAFBVV95cUxOY3BfY3k5OHBWeTRRUXJBdnRwQ2pDT3RoX24yeHJ0ZGRCU0I3enl1OGNKVnM2Z3ZJZW12S3RJcHlCamtpSnliMkZybGtkTGRxdDZ4RTEwaFNBT3ZBUFdwcU9FYTYzS1hCWEptb0ZLVHh2REdoUzRIY0JuZ2VkTnp4amdmcHpaMkxuQWN2b0VIWk1qZkxzcEFPX0d0d2NHUGJtMTdjZUNyNVVWTXp1ZDBnZnlKenE?oc=5,published-signal
2026-09-24,Niger : un nouvel accord pour relancer un important projet d'exploitation d'uranium,Google Actualités — Niger,africaradio.com,news.google.com,fr,,Niger,,,autre,3,Niger : un nouvel accord pour relancer un important projet d'exploitation d'uranium africaradio.com,https://news.google.com/rss/articles/CBMixAFBVV95cUxQZ0FvQ3psRjB2aXc4ejlaTHY3NTlrQ01PbEJaRjhpOGFkc2NoUXcwSVNDMlVDTXZkbnE1QmRxZkc4RGIwXzluamsyWmxVLWd4RHFqcnNaVUxTa0JyaEtwNF82S3JjSXlXWXEwUnN3aFZzMUJtQmxyMHo5N3FPQlZTbThndnBuNXR2N19sdGFHaFhPVnR6eGlUaTNleXppQmI5a25STkNabkxVTG4xZ2V3NVp4SkhyU2FRUFoyWjVPemZFZ2R0?oc=5,filtered
2026-09-24,Le Niger confirme la mort de nombreux soldats dans des affrontements avec des présumés terroristes à Tillabéri,Google Actualités — Niger,Demócrata,news.google.com,fr,Tillabéri,Niger,14.207,1.454,sécurité,6,Le Niger confirme la mort de nombreux soldats dans des affrontements avec des présumés terroristes à Tillabéri Demócrata,https://news.google.com/rss/articles/CBMi6AFBVV95cUxOY1o3S21hTllHRlcyYkx1bGxMUy1vaS1rYmg2cDhQWUdRNXIzamU1Z0N1b241OHFqeTJpTlBMcnpQSkRwQmNkMUlPU1h6a1g4SVM3NTBTekRuV1g0VmVfTmJfd1I2OWRtRlBoei1aQUZiMUFhTVJiWHBRanFEVEZKQjZYUnFpY09XTFRWUzZVbXBtMk9sY1pSaHV4eER0ckFiYlFiaVlNbmVqOERjb3R5RHpqUkNpcGZuLVRVMW1iWDR5X29tMFBoZ21hU3dVcWZoRVJmRWZBdDdXT1BnR2tVT2U2aGlQVkFT0gHuAUFVX3lxTE5BdWRxQm1mUXl4TjNyaEVIcHpOcE9DVFJyNWQ3MWlyVjhJVjR4d0U4MVRjQjg4d3NOalhTVlJCdTZyOWZ5dV9fVlVCVVBMWUlTcTdqbjQ3Q3Y2WGlKTDZkQ1ZVLXc3Y3pWWGR3eHNDRG1aQ0FVZjJZUEU0dVV6QTJudV9vRnhLNVVTaVFIVG1QZWxXdllacEhPd1BaRFJHdXhXanh2QkFoVjR5aGlSaVlMYmVrWS1laFl1eFZoM2JRRFIxZVhEVEF6OEJYNllWLTFrRmFXRm5fVU1mNnBZak9oX1dsUkxnMDNRMWlmWWc?oc=5,published-signal
2026-09-24,"Météo à Magaria, Tillabéri heure par heure",Google Actualités — Niger,SpaceRef,news.google.com,fr,Tillabéri,Niger,14.207,1.454,autre,4,"Météo à Magaria, Tillabéri heure par heure SpaceRef",https://news.google.com/rss/articles/CBMid0FVX3lxTE4xNEJmQXM3NVFGNTVjOXF2SnpCUC1pa2xjcGpubTIzZWc5cUFPZk1CeXZWak1XQVJpMU5kWDRJSW5qTWd1UEllSUV2V21CalRxdGItQWdFbi1DcEJVYTJlR1F3SDdzWWpvWW40M1l1R1JqN3NBOWNZ?oc=5,published-signal
2026-09-24,Tillabéri : la jeunesse au cœur du dialogue pour la paix et le développement,Google Actualités — Niger,Journal du Niger,news.google.com,fr,Tillabéri,Niger,14.207,1.454,autre,4,Tillabéri : la jeunesse au cœur du dialogue pour la paix et le développement Journal du Niger,https://news.google.com/rss/articles/CBMihAFBVV95cUxNZnVOVW85SFBKQkZDTkJoUWNHbGhDdzVUajlCck55X3VWYmZiQnFJbmRKbHp1cDFhUnVwQTBMa1A2SzRGSVVJZkJ2LWxqWDZwckxmWmZUck9vYjRTbno4ck92Z1NQeXptaWtEU2FKV3ZhbE54N2lVUnpKcjJpZTBSVHVod1M?oc=5,published-signal
2026-09-24,Diffa : la Banque mondiale satisfaite de l’état d’avancement des réalisations du PROLAC-Niger à Goudoumaria,Google Actualités — Niger,Agence Nigérienne de Presse,news.google.com,fr,Goudoumaria,Niger,13.711,11.188,autre,4,Diffa : la Banque mondiale satisfaite de l’état d’avancement des réalisations du PROLAC-Niger à Goudoumaria Agence Nigérienne de Presse,https://news.google.com/rss/articles/CBMiuwFBVV95cUxQOXRObXh2akptcjVoU2RWSlRvSzlnZGhNbE9UV0JyMmM2WlFmbUFDdTdQRWhfUWhFTWNlUk9POXN2b0p5Q1Q4QngxR3RiTHA1LTZSNEpXTjRTdXVXVkVhYkJDeXg4eXhWSGp1SF82U3N0Y2l1Wl85V0NoYloxcXRhVmp3Vlk1bldpaXA3cXlMX1NOOFQwbzM5aXEyaHc3VzhCVEZZN28tVk5SRk16ZjlMekdVWk9DMExLSzhR?oc=5,published-signal
2026-09-24,"La ""menace"" d'une attaque rwandaise contre le Burundi ""existe encore"", dit le président burundais",Google Actualités — Burkina Faso,CANAL+,news.google.com,fr,,Burkina Faso,,,sécurité,5,"La ""menace"" d'une attaque rwandaise contre le Burundi ""existe encore"", dit le président burundais CANAL+",https://news.google.com/rss/articles/CBMi-AFBVV95cUxPVGRGa1c4M1dUTUlkTWJscUlDSUFUUjl1VDdQNmZUd0hCX3hRR1c4cnk1MVlVRkNtR2wyLVBTTXZzblNwS05KcnBZN05mMUU0N25EbU56RmRnOE5NSXB5aWpudWN3YjBZY1JzeDNOVUNkYWltS0NEUVRpQ2VMQXhFRXphMzZqdlJtY3B3M0U0b2Fva2pvZ1BHSDU4U2RmYmpxNlZoM05HNHF3eTZ1SGpkX1pPdUd2U2pMcDdueFR0azJKSl91UUducVBvYmYxQ0FzUmdnSjlaM2w2M0NnNXprYlpRU1RlVVNIV3VrcTVGa2ZHLXduMlg2aA?oc=5,published-signal
2026-09-24,Mauritanie: les banques centrales des États francophones en conclave à Nouakchott,Google Actualités — Mauritanie,Le360 Afrique,news.google.com,fr,Nouakchott,Mauritanie,18.086,-15.979,autre,4,Mauritanie: les banques centrales des États francophones en conclave à Nouakchott Le360 Afrique,https://news.google.com/rss/articles/CBMi8gFBVV95cUxQLV9RZVZPZGFNNGlHbGhLbVVEWC1vTGMxdEZSZmQ1a09oWHZlYmdWS24tZmpfOGwzX1o5U0V0SlRkWFVUSHV6Y0RTR2ltTDF4amtxaUVIbW5wN3ZHb1gxUFNKcUhoV2RHaElfQ2dud0pwQlAwczZtaTdTNkN6blBJQy1lbUY4QnpRREMydWFVeW1XTFlUbGZuSW9ZLUk3SkFMQXdVR01CdXozR21VWUFCeWREMnJ0ME43blBYUFJXcTlUSU10TGIzTFFTWktiQkRIZHlWMDluUFJuRDBtSjl3RHFITHdPMkx5NGVvMWJWVXVjdw?oc=5,published-signal
2026-09-24,Cap sur l'économie circulaire : L’axe vert entre la Mauritanie et l’Espagne,Google Actualités — Mauritanie,alwiam.info,news.google.com,fr,,Mauritanie,,,autre,3,Cap sur l'économie circulaire : L’axe vert entre la Mauritanie et l’Espagne alwiam.info,https://news.google.com/rss/articles/CBMiRkFVX3lxTFBwcHBnOTI3M1R3ZlBjR2ZvWnRCTEVPYUdvcUstOExfZXpsVGQ3MFdISVI0WnJramhaMHE1aHhJa3JGdWgzdlE?oc=5,filtered
2026-09-24,INTERMARES : une université flottante espagnole jette l’ancre en Mauritanie,Google Actualités — Mauritanie,Cridem,news.google.com,fr,,Mauritanie,,,autre,3,INTERMARES : une université flottante espagnole jette l’ancre en Mauritanie Cridem,https://news.google.com/rss/articles/CBMiYEFVX3lxTE9PVkNzaTJJdDY5cUdHeC12YWNtYUt5QlI0YmNTb1RyMVZnZ01lenhEVTBmQ250aXNyOHNSTkdzVlgxMDBqYnBHSTk2UG9WMTFhUVRreUdPTjFmZ3JVZllXNg?oc=5,filtered
2026-09-24,Mauritanie : la Cour d’appel confirme la condamnation de Warda Ahmed Suleiman,Google Actualités — Mauritanie,Points Chauds Online,news.google.com,fr,,Mauritanie,,,autre,3,Mauritanie : la Cour d’appel confirme la condamnation de Warda Ahmed Suleiman Points Chauds Online,https://news.google.com/rss/articles/CBMiowFBVV95cUxNaDIwSzZrNk1waERsZGdsWFV5RERDaFdSZ21leUlJWmZpcU12MTdkOVNCMWFmLVJfXzREMDRiVTdTSXdzbmpTY2hWdnpjVmJLejAxa1p0UG5iT2J2eTVKS1hFY2FiQTRZb0F4U3ZxOWxLMUNUaHI2QlMwS2o4SGtPWHhSWnIzQVlDVks1T2N4QjljSkUtbmdqSEVzSGZqZVgxbUVN?oc=5,filtered
2026-09-24,Pronostic Mauritanie vs République Centreafricaine 24 Septembre 2026,Google Actualités — Mauritanie,dailysports.net,news.google.com,fr,,Mauritanie,,,autre,3,Pronostic Mauritanie vs République Centreafricaine 24 Septembre 2026 dailysports.net,https://news.google.com/rss/articles/CBMixwFBVV95cUxObkxVVG9iY0owbFdSMDBIdlpjcjZRVUFLZ2JwcmlVc2ZBZEFpaTM5SUxnbllkU0Z4cmtIUXdvYURDdk05WW5XUlFHTTlpQldRbmdJWjctamFmdm1MWkU3Q0tGN2JkSHgwU2s3SEZLc3NBd2F4emVfLWVGY2VpV19yTXZXWjVjVURoa0FkMko2S0g3QjVlTUVGUFF5bkhBX0N0Qk1Bdy1kQXNSQVkzOVEyTWZoSkZPVjlSVWd1aXotTkpKUGJRNUFj?oc=5,filtered
2026-09-23,"Au Mali, l’amertume des militaires en première ligne contre les djihadistes",Google Actualités — Mali,Le Monde.fr,news.google.com,fr,,Mali,,,autre,3,"Au Mali, l’amertume des militaires en première ligne contre les djihadistes Le Monde.fr",https://news.google.com/rss/articles/CBMi2gFBVV95cUxQR0FLb1c3R016SVNwbGpVamNJNXRDbWctX3VLbEM0WkpwVlhsamo2YVoyS0xIZWZ4d1JaU0VqYTMtWUZrODhlaDRVZ1htcUxnekswR19DSU1UOUptR1BGdG1vQjU4X0FFMUxoRm5yNTU4b3Z0ZlJwNHlYeXpsVlQzSldTem5nTGFQLWpRcjNNZHd2RVVOdnlCWVFyU0hYd2prN3JoWUxtZHhpNm1SZTNodnFsTVRDUlFkLUtnc2ltYzdldXJBWFliNnVtVXRJcDgyOGJOYjRjWm1SQQ?oc=5,filtered
2026-09-23,Mali – États-Unis : pourquoi le soutien de l’Ukraine au FLA contrarie l’administration Trump,Google Actualités — Mali,Jeune Afrique,news.google.com,fr,,Mali,,,autre,4,Mali – États-Unis : pourquoi le soutien de l’Ukraine au FLA contrarie l’administration Trump Jeune Afrique,https://news.google.com/rss/articles/CBMizwFBVV95cUxOU3doMXVKeEpnUGV5U284UXh5TmZ6X0plVG1yTDRnNU9fdkFXRTJMUm0wRWx6TU8xWkVMTDZIeXhRckZFLWt0ejJpdnFVQVNvWl85T2w5UkhDLThFc2EwWVQ3UUFxVm9nZXBNVnRsQUtLaV95OWh3SGMyVDJreE4zTUxtZ2NYWmh2OUlERlRfTFoxTGljMmFyeWlBX0lEeXRsdkdvMnVVMUl4M194bktnSE5xR1h5cS1ybmZIeEljRDIydlBzVllWWERhZDdRUVk?oc=5,published-signal
2026-09-23,"Après le coup d’État avorté, le Niger rejoint l’axe anti-Émirats",Google Actualités — Niger,mondafrique.com,news.google.com,fr,,Niger,,,autre,3,"Après le coup d’État avorté, le Niger rejoint l’axe anti-Émirats mondafrique.com",https://news.google.com/rss/articles/CBMiogFBVV95cUxOaFNEazVTeTZ1QTVhUml2VmpPamJvVWNGc2NCdGFIT2Q4MTBnQ2tPNDlrMW43aUxFeVh0TV90bVY0Ri1DQVhGTWlWTHh5M3lOVV8yOHY2a0RUX3RnS0Jva3Fzb0JYMWg0SnctNDUwYXA3Mlp3djdadlJoWHZPRTJKcHdRcUZGT0VEQTRsczUzeHRwZGJXRmZ5WU9xUG1GTEx6Smc?oc=5,filtered
2026-09-23,Algérie-Niger : le Gazoduc Transsaharien au cœur des discussions à Niamey,Google Actualités — Niger,Afrik,news.google.com,fr,Niamey,Niger,13.514,2.11,autre,4,Algérie-Niger : le Gazoduc Transsaharien au cœur des discussions à Niamey Afrik,https://news.google.com/rss/articles/CBMimgFBVV95cUxOOUY5a2IzUEF0QWlCOG0tTVgxYmV4Q3B5OTVySE9uRXFWcldZSlJkSnhUTWtYeGhLT2RLSTJrUHJlNWdOY1hHMW5BdW1Gcm5Cd2MyTjRlOHlpa1VYdkJyWmNJaC12dk5IRjNfOHFocDBVVmpYRFpUUW1INmV5MEd3SnFvZEpWSWQ4aU9EWFFMbVpLSXdJSkVvT3JB?oc=5,published-signal
2026-09-23,Niger: un avocat poursuivi en vertu de la loi sur la cybercriminalité,Google Actualités — Niger,RFI,news.google.com,fr,,Niger,,,autre,3,Niger: un avocat poursuivi en vertu de la loi sur la cybercriminalité RFI,https://news.google.com/rss/articles/CBMisgFBVV95cUxNNmx5U1pVZWpOSlZsRDFoeXBZSThTMUJ6UGRJZUh6WFJMdHdYcmpSZk5Yd1FGRHdsVzRONHhnX0paRWRtWVhSeTVjbkxOeHdhTDRYTzR5MkVPOFo0RG5reVVDbjE3bW44bktOYVcxc2hST2hBbE52ZGxHcm9FOVZReWJkUUpjYkttdG9rdU9EU1BoZjQxUGRHejNjSnVZLTBreXVFOEJrTGdUU1B4NFZSYnRR?oc=5,filtered
2026-09-23,NIGER: lafasalikɛla Abourahamane Lirwana bilara Niamey kaso la kunu k'a ye kunnafoni kolonw carin,Google Actualités — Niger,RFI,news.google.com,fr,Niamey,Niger,13.514,2.11,autre,4,NIGER: lafasalikɛla Abourahamane Lirwana bilara Niamey kaso la kunu k'a ye kunnafoni kolonw carin RFI,https://news.google.com/rss/articles/CBMi2gFBVV95cUxOdEJPRXJZTXZoSzVMRkZFTGNWQ2x1aGpOUVltTllJdTJPMzR3YlBVMUpvM3FwZ0Z3ZVUydVVSSWNaQ1Y0a3cxbHVDOVZic1pwNVZ0UmNNbmJoamhGQjh6Q20zRVZfX19BMnVGWFFMMWlZbk1wdndnYkNXWklBdkU5R1RURnJBNzRUZjVvTDRPZVFPeWlPbThSMi00WF9SWnlsS3hyV2RLV21EQXNpTzROdzNNVWlMc1JIOTM2QlJyM1l3dUpSNHlaRHN0Y3REcHdoQktXWHkxaExXUQ?oc=5,published-signal
2026-09-23,Nin y’a dɔgɔkun saba ye ka ban Niger jamana na ko an barakɛɲɔgɔn Moussa Kaka tununen don,Google Actualités — Niger,RFI,news.google.com,fr,,Niger,,,autre,3,Nin y’a dɔgɔkun saba ye ka ban Niger jamana na ko an barakɛɲɔgɔn Moussa Kaka tununen don RFI,https://news.google.com/rss/articles/CBMi8AFBVV95cUxOZFVzeF9WVXRBNWxDdXI4cTQ2ZUhNaXktbDZRVkRkeUlhTzVXTHNLVWpXdER1T3M0dWFkSU1RLWdWTzU2WWJhZWRUREhTS0llSEZVdEhJNS1RRDIxTFJfNll5RW1BUGVoMFBRQzUyQXYteEtlYTc2R1JsSkNSZ2FyTV9OMEM1UlVXWVpqNGpaaHcyelhGRW01UW93X2NDMEdtam9oU3VhSnFWa0I4OTYtcTIzQVNKa244UlhrcWxtZzUyWkFwQjM1cUJNQXo0R0lXc1ozZjlxVEw0SDlSS3NYakp0a2dPUzNjbFhYbkk3dHI?oc=5,filtered
2026-09-23,Production d’hydrocarbures en Afrique: Cela redémarre à fond entre Niamey et Alger,Google Actualités — Niger,Afriquinfos,news.google.com,fr,Niamey,Niger,13.514,2.11,autre,4,Production d’hydrocarbures en Afrique: Cela redémarre à fond entre Niamey et Alger Afriquinfos,https://news.google.com/rss/articles/CBMiqAFBVV95cUxNdFItemQ5YXh0ZW04OEtZNkhJbzltYmgzUzd1UFJkUG9GclF3cTZ2eEZjTFpndUVwX3BQV3QxWWZlRXJDZl9qMEJBQmpKOU5HU3lBVGtManc3cDkzMU9JSUpyRkQwQlBWQ0kzbmR1TTBSY3VXa05MQlhwRmRXUjZsbWJ1c0JySHFWcVktOWNRR1E0NHNJN3czS0Fac0g0TWJPRTRkQ3BBRzM?oc=5,published-signal
2026-09-23,"Météo à Kanya, Tillabéri heure par heure",Google Actualités — Niger,SpaceRef,news.google.com,fr,Tillabéri,Niger,14.207,1.454,autre,4,"Météo à Kanya, Tillabéri heure par heure SpaceRef",https://news.google.com/rss/articles/CBMickFVX3lxTE13ZlFVTWdfeVQ5dlpudHM3UF9QUngwdlBMdFFYWXRraVpPZDVTeXZnS1NHMnJGTEwyRS1URHRvVmo2c2R2a2VOekJKaEhubV9MM3ZBajBvTS1QR1UtM0VwQkEyT2JOMlMyWmxYVHhHUUY2Zw?oc=5,published-signal
2026-09-23,"Niger : Zone aéroportuaire de Niamey , les familles déplacées reçoivent leurs nouvelles maisons",Google Actualités — Niger,koaci.com,news.google.com,fr,Niamey,Niger,13.514,2.11,autre,4,"Niger : Zone aéroportuaire de Niamey , les familles déplacées reçoivent leurs nouvelles maisons koaci.com",https://news.google.com/rss/articles/CBMi_wFBVV95cUxQM2ExMVA3WFVranA4bFR4YTNZSjh3RkVFSlBQZ0NjLUU0cldUR0luY09zMTZ6M3YzWHlDWExtdnlGQzVydmpwTzR5STRXWFVGWkxfY25aYXBhYnZGaVZya2lHbTJjWDlHMGd0dFRZT2d1N1lsNEtnSXRWU3dtS1UzZFdtclotQ3hpQXJBMDVhUkU0QmNKemlkWVI5RVY0WXpKU1BOWEtoUzJFVUFncTN0azliOHVJYTlyRk1jV3pneEJqSTNmRW91S2RqbE93UF82M1NLSkEzWi0xc1E4dnhsQlRhX283ZkpSMUI0YlFiU0Mzbk1aN3V4M3Z2SmJrVFU?oc=5,published-signal
2026-09-23,Projets énergétiques à Niamey : Tiani reçoit le ministre algérien,Google Actualités — Niger,Journal du Niger,news.google.com,fr,Niamey,Niger,13.514,2.11,autre,4,Projets énergétiques à Niamey : Tiani reçoit le ministre algérien Journal du Niger,https://news.google.com/rss/articles/CBMikwFBVV95cUxQWl83cU9CdHZ5WHd1OHZLZ1BiOGo0NzdEdWtXV253bEZLYVhUMXZlclR0ZTBaSTNuM1MtZWg0NzVsWEd5dlZlUmNxNXgtMmwyRTRkYm1tcERKNkdWc0pNZGs0UDQ3eVBfWm8ySXFyVHpESzlndmg0UWk0bDBoUnhDeGdENGhadnpITkZLS0w2NVV2TEE?oc=5,published-signal
2026-09-23,Coopération : Le Niger et l’Algérie accélèrent la concrétisation de leurs grands projets énergétiques,Google Actualités — Niger,24heureinfo.com,news.google.com,fr,,Niger,,,autre,3,Coopération : Le Niger et l’Algérie accélèrent la concrétisation de leurs grands projets énergétiques 24heureinfo.com,https://news.google.com/rss/articles/CBMiuwFBVV95cUxQcjRjZG16UURlWkNkRWlGYTV1dVJKeWZGTmU2RHdMaXRnQkVsdW1ybkd2bHpnNkU2R3Z3WEhPZnctRWNYRVNySlIzTk5QNXJySVAzQnE3dUtZVGpYREtvLWxqcWRMM1hxcW9ZbnFKclBocHYxN01Gem5iVDJkemZyMGlHdDFESU1KaWdocEN6U1BIVVVtTmVPVk11Z1Vmd3pLTzFWLWRKSmNUekt2ZGpoQ1FaVGJ0NVlyMk9F?oc=5,filtered
2026-09-23,"Après les cars, le gaz : à Niamey, un ministre multiplie les mises en garde sur la sécurité des transports",Google Actualités — Niger,Journal du Niger,news.google.com,fr,Niamey,Niger,13.514,2.11,sécurité,6,"Après les cars, le gaz : à Niamey, un ministre multiplie les mises en garde sur la sécurité des transports Journal du Niger",https://news.google.com/rss/articles/CBMilwFBVV95cUxOUjc0djdJWkR2cXNBeERET2RMaWRiRFgxeG56OE9zTjZyazAwVzhFX3VmQ3VEQ0N1T1Q0eHFEZkJ3Mk9zWThPZzI3YW5JcGVFUmltOGtYRFJZbDU2dmFNYk8xNjNkTkFfUE1BcjdURDRnOTJSUndlc2pnb3VqSkl5UFVGOER5Z0NMdEVHaXRYRFE5TEQxVjFN?oc=5,published-signal
2026-09-23,DGI : La 15e conférence annuelle s’attaque aux leviers d’une administration fiscale au service de la souveraineté nationale,Google Actualités — Burkina Faso,Burkina24.com,news.google.com,fr,,Burkina Faso,,,autre,3,DGI : La 15e conférence annuelle s’attaque aux leviers d’une administration fiscale au service de la souveraineté nationale Burkina24.com,https://news.google.com/rss/articles/CBMi6AFBVV95cUxOeTBDMW9ibFJmOGVRMi1SLXJoc1hmejdXczFYMjRXakRmSzdxQV9wTkdKZDhjZ1lya21tOFdEYUVXVUE0bjZlbXZIOUVaTl9BWDlKNW5uQ25zOUwtUDJaR2F5RjdnNDBkZVJVVGl2VEpWeTN5d2RfSHNJdzhMNFNXT0h4bUhVSkxCaGk4N3B3VkRXNnFZT0FTUFJyZDVEOUdEVi13NnJVQ1lXQl9ZSmdRTnNjaUU5dXhoN1RGc0haaXhwLWV2eU1ZcWJaNFNJZGc0bkd4WVpIRVhBa1Uxb3J2b1ZPZEFsN2xk?oc=5,filtered
2026-09-23,"Vue de Nouakchott, capitale de la Mauritanie",Google Actualités — Mauritanie,xinhua french,news.google.com,fr,Nouakchott,Mauritanie,18.086,-15.979,autre,4,"Vue de Nouakchott, capitale de la Mauritanie xinhua french",https://news.google.com/rss/articles/CBMie0FVX3lxTE8yWTRzWDJYdVdJcE9zdlBnaTlGR2tURFlMSl9JNll6bkd0VHpGQ2lIZDJXZFFoaGhTWlZsYnBTMjZMbXZHVHM5UHBRNGthaGJURU55UFNZUFNGWGY2RmtndWxjZGdVTm8zUzFxOWFNejdxek02YTFMbEh0Zw?oc=5,published-signal
2026-09-23,Le Maroc renforce ses corridors terrestres vers la Mauritanie et le Sahel,Google Actualités — Mauritanie,agenceecofin.com,news.google.com,fr,,Mauritanie,,,autre,3,Le Maroc renforce ses corridors terrestres vers la Mauritanie et le Sahel agenceecofin.com,https://news.google.com/rss/articles/CBMi2AFBVV95cUxQeE5CSEtsQ0dnZEVxMTBObTdZRTBqY0ZWOHdGTFlwUnJzNUNnSnc2c29UdVFVNllmYUR4Y0NrVXJqYndhSW1tQVV5MUFneVUtdFExWFBrbHNQWGlWN2ZkRFlCcGJycEtQcjZGUTVPd19XWF9YRTRFYVFKZFphNGttYnlERVNueF9MVjQ2czFPTXljYk9tZXVWeDRBdWdmUEtydUVOWktWeFlranNOeFQ3QnNPX2VfdW5vZ1dhUjJkb1hkZ1UxSlBraFhLUVU0djUzYkhfbjNPMk4?oc=5,filtered
2026-09-23,La Mauritanie célèbre la Journée internationale de la paix – Agence mauritanienne d'information,Google Actualités — Mauritanie,الوكالة الموريتانية للأنباء,news.google.com,fr,,Mauritanie,,,autre,3,La Mauritanie célèbre la Journée internationale de la paix – Agence mauritanienne d'information الوكالة الموريتانية للأنباء,https://news.google.com/rss/articles/CBMiSEFVX3lxTE0wbWdHNE5fUkwzeHFqbXBZbFI1ZTdab2lBSElkYjVGdFJYTHk0LVpoT3BzZ0JaNUNSbWk1UnoyLU1tOEpyVnFfZQ?oc=5,filtered
2026-09-23,La Banque Centrale de Mauritanie accueille la 20ᵉ réunion annuelle du GDFBCF - [Photo/Reportage],Google Actualités — Mauritanie,Cridem,news.google.com,fr,,Mauritanie,,,autre,3,La Banque Centrale de Mauritanie accueille la 20ᵉ réunion annuelle du GDFBCF - [Photo/Reportage] Cridem,https://news.google.com/rss/articles/CBMiWEFVX3lxTE1IRTl4N3E0TlI5Ty1VMVNsbFFmaGwyU01nbkZMMG9UamY4UEZnMkxYT2ZCX1QwRFpHd3I3S1NQX2dvSFpwcmRNcmlkSl8xUENBOU1fNGl2MUc?oc=5,filtered
2026-09-23,La Région de Nouakchott obtient 450 000 dollars du Global Cities Fund,Google Actualités — Mauritanie,Cridem,news.google.com,fr,Nouakchott,Mauritanie,18.086,-15.979,autre,4,La Région de Nouakchott obtient 450 000 dollars du Global Cities Fund Cridem,https://news.google.com/rss/articles/CBMiWEFVX3lxTE9NaUJUSW93dTZ4cXBqSlctNWdhRS1mQW9UUWVxaDc3clk0WXBsZEhMYUZhSTVQOHFLRTFTLUYxVndiSG40Ymh4VXVRbGFqek9xei1UdnZiU2c?oc=5,published-signal
2026-09-23,El Guerguerat-Nouakchott: un accord consolide le corridor routier,Google Actualités — Mauritanie,APAnews - Agence de Presse Africaine,news.google.com,fr,Nouakchott,Mauritanie,18.086,-15.979,autre,4,El Guerguerat-Nouakchott: un accord consolide le corridor routier APAnews - Agence de Presse Africaine,https://news.google.com/rss/articles/CBMimgFBVV95cUxOa0JENkgxR3dadWV0US05NUl6aWszSFhvMlhDV1UtMnN1YzEzYmdxVkRJZ0I4WjFYSFl6NmlLVkxsNnZva0xEWlBybWJIRXdKd1FZMFFpa3ZHcXN5ZVNLWkxBckMwX3o4R2xuQno4b2c4V3RlbjdkbF9UYVZQTk9HdFN6NmdvVWZUMElKWHhMdWlBbk5jWHd6N0dn?oc=5,published-signal
2026-09-23,"Qui est Ahmat Kogri, qui prend les rênes de la diplomatie tchadienne",Google Actualités — Tchad,agenceecofin.com,news.google.com,fr,,Tchad,,,politique,3,"Qui est Ahmat Kogri, qui prend les rênes de la diplomatie tchadienne agenceecofin.com",https://news.google.com/rss/articles/CBMivAFBVV95cUxNVDF1R2Y1ZmlMOV9kcVNGQTdDczUyQlVzTjFHRFM5ZGpPV0hVVU9UdnQzMDkyc2gyMWh0S2RvNVBRM0txZ1NxWHBVSmxlYVpSN1VVQkhNTU5GU2dMZWxWMFdXcUxaUEpncVI0Z2VqaURhLVcyd2tlMi04ZG41Y3F2aDRYM285YU5BSkhvQWdJS1JNWXYtXy10NjJuX29hYUd4YWZ6a3l4bDVFaDlTbE8tVVJvbzlnWXFKSTdPdQ?oc=5,filtered
2026-09-23,DGI : La 15e conférence annuelle s’attaque aux leviers d’une administration fiscale au service de la souveraineté nationale Plus de détails ici https://t.co/HZ0vOUOyNY. - x.com,X indexé — @burkina24,Burkina 24,news.google.com,fr,,Burkina Faso,,,autre,3,DGI : La 15e conférence annuelle s’attaque aux leviers d’une administration fiscale au service de la souveraineté nationale Plus de détails ici https://t.co/HZ0vOUOyNY. x.com,https://news.google.com/rss/articles/CBMiakFVX3lxTE1kOEQtSVQzSTFXT3puQzhpUE9mUF9YVFFfUXB5VURqU05vcmJLeHFBY0VIUEljdFFhTUEtUUw5NFZ5NEUwQ3BXRVRiMVN2U0lRLTNKR2FVVWZ2Mnp3T2pqV0hvV3BramFiUmc?oc=5,filtered
2026-09-23,"Sécurité routière : La Brigade Laabal intensifie sa lutte contre l’incivisme, la spéculation et les abus Lire la suite de l'article en cliquant ici https://t.co/b9rUuV7qPH. - x.com",X indexé — @burkina24,Burkina 24,news.google.com,fr,,Burkina Faso,,,sécurité,5,"Sécurité routière : La Brigade Laabal intensifie sa lutte contre l’incivisme, la spéculation et les abus Lire la suite de l'article en cliquant ici https://t.co/b9rUuV7qPH. x.com",https://news.google.com/rss/articles/CBMicEFVX3lxTE1NLWxMWWQyMzctbWZXdklMcGp6bnN2YkdPVEVxMlM4eGNILVdGaGowMHBXQTVtWlNFRjU1dllLOVE1bUpwUld2MDR2WGdjNG1BMmJJbFQzb0NKTDFBckZoLUZJbGZndTNBT3RvQnZsX0I?oc=5,filtered
2026-09-23,"Au parking, ils prenaient 100 francs pour la moto et 100 francs pour le casque La Brigade Laabal s'attaque aux vendeurs spéculateurs de casques de motos et aux parkeurs indélicats - x.com",X indexé — @burkina24,Burkina 24,news.google.com,fr,,Burkina Faso,,,sécurité,5,"Au parking, ils prenaient 100 francs pour la moto et 100 francs pour le casque La Brigade Laabal s'attaque aux vendeurs spéculateurs de casques de motos et aux parkeurs indélicats x.com",https://news.google.com/rss/articles/CBMiX0FVX3lxTE92SDBzd2dBY0VZZE4zSVlHZzRxSUVlZjJVaEdpT0FYeURoMERZOVM1MkxMMGFCVmRXaEFxRkV1MmVsTWVoYTNldV9uWFFlWEtXX2gxblpOVWpIdmhBU0t3?oc=5,published-signal
2026-09-22,Le rendez-vous Afrique - Mali : plus de 150 morts après plusieurs attaques du Jnim,Google Actualités — Mali,France 24,news.google.com,fr,,Mali,,,sécurité,6,Le rendez-vous Afrique - Mali : plus de 150 morts après plusieurs attaques du Jnim France 24,https://news.google.com/rss/articles/CBMixgFBVV95cUxNNVN0NlJOMzFQUEpqM3NQcTRMZGNjcWF0OVpKQ1ppQjFhUTFrNTdIak5HSFI5THBnN0ItV3k2MTdyUDVkbjhUU1lwYm0zSTVtdk01Q08tSFIyS08zQzAwSTRFaGprN0RLdzYtYlpCUnZxVlNocWtwek5tWmQzUXJQbWpfWEdaQTVNTWtZWGZMTndJNGRiWGpBeDhwQkdUeUVpc04yMnladWUtem5zQnNmb2xFZERZYWthbHNCRXBQbzdxNUFCc2c?oc=5,published-signal
2026-09-22,Mayaƙan JNIM sun kashe sojojin Mali sama da 100 a cikin wannan wata-Majiyoyi,Google Actualités — Mali,RFI,news.google.com,fr,,Mali,,,autre,4,Mayaƙan JNIM sun kashe sojojin Mali sama da 100 a cikin wannan wata-Majiyoyi RFI,https://news.google.com/rss/articles/CBMiuwFBVV95cUxPWTYwdEgwQkhnMGtBdTZncjlPOWZkMFlSUzBLS0d5SVFyNU55Q3BfWm81bzIycXNTcVBReUJnUkhGWDUwaGVTdXRWdDdQY2M2Vm8wRlhmU1cwSlRIUHNCMW41VXA0azJMU2FkQ0U5VUtpcS1XdmRoUU5DcW1Qa0RnckV6MDEySWVtUzBNeWt4Y0ZYdTJ0YXlyTFRuWEFBWHhhN0x6a29ybW5ZUXNNWHRpU0hmZHNvQTdZRC13?oc=5,published-signal
2026-09-22,Le Mali célèbre ses 66 ans d’indépendance avec en toile de fond la réconciliation inter-Maliens,Google Actualités — Mali,Afrique7,news.google.com,fr,,Mali,,,autre,3,Le Mali célèbre ses 66 ans d’indépendance avec en toile de fond la réconciliation inter-Maliens Afrique7,https://news.google.com/rss/articles/CBMi1wFBVV95cUxPcGZVdE1JLWQ5dzcyNzhrWnQybGx4OVRVOWRBeHpUQk5jQndGWGZsZ3FqalZsV1FPdUs2UXNyTUpzQUp2VElNU09DNVdzNzVHcEtwODk0cmZua3A2MXpRMVdVRlV2elA5N2R4ODIzRUxtV25fTXVfTFV2T2s5azhVc0ZoaXFULUtxZmFsYXdNbjFBa2hKa1k0c0FwVnhIdlFwcjczRkp5VFdlSEFaUjRNYjBYZUdyaE5wTHRndnRBZU5pWjZXa2p2V2ltTzU0VDd4MzdXQnhBRQ?oc=5,filtered
2026-09-22,FAUX : Cette vidéo ne montre pas une attaque de rebelles contre des civils au Mali,Google Actualités — Mali,PesaCheck,news.google.com,fr,,Mali,,,sécurité,5,FAUX : Cette vidéo ne montre pas une attaque de rebelles contre des civils au Mali PesaCheck,https://news.google.com/rss/articles/CBMipgFBVV95cUxPVl9lc0k0WGo0TUhDdkszZWhSVWQweWRlQmJrOWdyOERlbDAyM3hqTERJeHk4M1VRamluYWxqOG5oTmJaUkhZM1Z5ZGdjMGNyMTZ5V1N3NFZIaGJOUVg1M1prMTZxTkNoNmQxSVlOSmFHbE9uLTBqS0FNMm9YMXl3eHJkTUt5c3pINEZTZUhvTGNnQkRYd0dpUXlOOUF5d3VTSm55OHdn?oc=5,published-signal
2026-09-22,"Mali : plus de 100 soldats tués à Dioura, l’armée ne chiffre pas ses pertes",Google Actualités — Mali,Benin Web TV,news.google.com,fr,,Mali,,,sécurité,5,"Mali : plus de 100 soldats tués à Dioura, l’armée ne chiffre pas ses pertes Benin Web TV",https://news.google.com/rss/articles/CBMimgFBVV95cUxNQVQ5LTN6U3ZYNDk2ODNJeFFySjN4Ml9fUlZaTV85MGZ5a2d2ZFJnOUtvVGxPdXZEeU14ZkV0Zk55R3B0aGNvQ0VwY2VXWFNiMG1YTFFDT1NHa2hIcTdaOUdQbUdZYUZIVmY2Z3JLUWQxS3liNVBJWHRlb0xYTEFvX3BvbEd6QnZKcGFmMXdHc09CVVVfeGRyWDRR?oc=5,published-signal
2026-09-22,Attaque barbare du poste de Boni : Beaucoup de victimes et de pertes matérielles,Google Actualités — Mali,Maliweb,news.google.com,fr,,Mali,,,sécurité,5,Attaque barbare du poste de Boni : Beaucoup de victimes et de pertes matérielles Maliweb,https://news.google.com/rss/articles/CBMixAFBVV95cUxNellRLVlQSHVxVGl6NDJrVXVXUEVXY3pPVHd0RWNuSmtNRDF3WkgtWmozaHlEV01DMXZYMkM1eHdfSFlHY3pLeUI3SnY5V2F6bFNMMjZsRjM3V0ZlbG9neVJjVVpCN3RNSVNmeEdjc0lybG5WQzFyUGRVYm1OUldRbzk5eWxwTTN3X19HaXdfTDZtbzg5blkzbDQ1MGJPbW5rOHFEdVpiVUdHLTNfbHg0UXNNc3VfWkE1ZFdMRlB6RjNsa0c0?oc=5,published-signal
2026-09-22,Montée en puissance des FAMa : La satisfaction du COREMA,Google Actualités — Mali,Maliweb,news.google.com,fr,,Mali,,,autre,4,Montée en puissance des FAMa : La satisfaction du COREMA Maliweb,https://news.google.com/rss/articles/CBMingFBVV95cUxNaktyUGlCVHFITUExZ3doaXRXVFNMamw4NkthZHduNHJyeV9VZ21EVUZBbF9oSzVwT0x2Nk9leFdQSVJXU3ROWEJ5NU5ZdDJUNGk4YVdvUmN0UktYOERnQ1dLdmhUQUpxSVl5d2xSN25uWGFiRFJOeUFNNFF0XzNNV2Q4aFQ3LXJhbnBHS1RqMmFZMWhLYUkxcU1CUF9ZUQ?oc=5,published-signal
2026-09-22,Nord du Mali : Les FAMa neutralisent plusieurs,Google Actualités — Mali,Maliweb,news.google.com,fr,,Mali,,,autre,4,Nord du Mali : Les FAMa neutralisent plusieurs Maliweb,https://news.google.com/rss/articles/CBMikAFBVV95cUxOdzVCZ2ZlczJrajg4ck80V213c3BjRm5EVGRSOUNfMW8wY2doRDBKTkRTeEk3T1p5b25yd1Q2MTkwQUc5bThYRmlZLWNHTkJvZHF1TU4zUVQxbms0SURkWjVMS3dNaUp5aVVfT2VqTzNxRHliTUF4RTcwbHpXUFE3QkRtN0hxWE5ZMWEzSUxtTHU?oc=5,published-signal
2026-09-22,Mali : plus de 100 soldats auraient été tués dans l’attaque de Dioura,Google Actualités — Mali,Le bled parle,news.google.com,fr,,Mali,,,sécurité,5,Mali : plus de 100 soldats auraient été tués dans l’attaque de Dioura Le bled parle,https://news.google.com/rss/articles/CBMimwFBVV95cUxQcFZTd3VuTFVQLU1abUU1WXRZNDhqSC1aRTNyX3lGeUxaN0hmYThZQ1ZiY21RNk9TUWxMbHZXVVZ6ZnBEcFpCNms3eFd6TUo5bXgzTFI4SXpBR1JVeldITUNRb2FYYWdlMFctSjNLZWdMblVpSldtd1d0SGwzS0xyS3RxdFotbGlXSzdteGJrcGNveFRtUVk3aURKMA?oc=5,published-signal
2026-09-22,Mali : Assimi Goïta réaffirme la détermination des FAMa à renforcer la lutte contre le terrorisme,Google Actualités — Mali,Maliweb,news.google.com,fr,,Mali,,,sécurité,6,Mali : Assimi Goïta réaffirme la détermination des FAMa à renforcer la lutte contre le terrorisme Maliweb,https://news.google.com/rss/articles/CBMi1AFBVV95cUxQTzEzMkkxODEzZ3kwb2Q0OXljNzVjMEJPLThNUmZXSXR1U2dDM29IS2p1OVVMSlY1WFJORkhsbFpWYlFqeWlCZmNCSjJ5dHhGM2p4Y2NncjhGMU12bDdOMHR5OG5teDV6cFhSYlhxUTM4bHN6cWZickNxaWlIbklnOFd6bVV4ZDNNTmRlV2RwSldwZ1BmV3NjVmhPU2QyTm15VF8yTkhoQVkyYXR5Q21xMFBWaWFHbUVHZ3RsbThnSkVFWDFlRXVtM1NuUWNRenN1bDlsNw?oc=5,published-signal
2026-09-22,Poste de Guiré : Les FAMa repoussent vigoureusement une attaque terroriste,Google Actualités — Mali,Maliweb,news.google.com,fr,,Mali,,,sécurité,6,Poste de Guiré : Les FAMa repoussent vigoureusement une attaque terroriste Maliweb,https://news.google.com/rss/articles/CBMitgFBVV95cUxNQmYtWkN6MmtvbDFjWjZhbzhkbDU5aWFvY1NOd2VDbWtMN1FaRUtrbjdhZm9MNE9jUzllTlNNN1ZLU0VPNGFRUlZfNGVBdTc2dDM3a19FemlRTFVEck50RmFzVlpHQWl6TjRKMVlqWXNfejZ2b3lZMzctS01NNnNISnFpNFF4X1UwZGtBblFycHhreExFUnNNd1cyVGl3emN1b202N0dpaDhYeVhJZmZKSHRTWktuUQ?oc=5,published-signal
2026-09-22,Zantiguila : L’attaque du poste de contrôle fait six morts,Google Actualités — Mali,Maliweb,news.google.com,fr,,Mali,,,autre,3,Zantiguila : L’attaque du poste de contrôle fait six morts Maliweb,https://news.google.com/rss/articles/CBMipgFBVV95cUxPSWNRamNtV0p4VkRmclloVlRHOUdjMVF6VmV2aDA4Z0FDemZvZjVqNGxZU3ZrcTdhVURldzNuNElnQWpqT0NUaXJoMUQzVnBacWItZW5jNUp2azhiYW1tSEdmS09BenJmSFZmeTBRajJrVnIxNk5ITk5aMjFHaHpmTFNLRjB5ZExraVNYc3NIOGRMVjhwRmVzUUxaSmFSRVBtbmltVENn?oc=5,filtered
2026-09-22,"Burkina Faso : une attaque, la plus meurtrière depuis 2015, fait une centaine de morts",Google Actualités — Mali,Maliweb,news.google.com,fr,,Mali,,,sécurité,5,"Burkina Faso : une attaque, la plus meurtrière depuis 2015, fait une centaine de morts Maliweb",https://news.google.com/rss/articles/CBMiygFBVV95cUxOTzFjcWZzWFgzcFVuOVBrM29lYXBSTGFoa2dZVFhmQ24yN2JROTJ0RXZVcXhZUDFEdl9VTDRaLTk5Z2VaY25aMlZ5QWR3NVVoaVJsUGQ5VnllR0s5bkp1ZFZ2eFN0RU5hdUpYTGlXUkExUkFzeWlHbVhHVlBXWjd4d2xIeUw5NUlNRnVmTDFadWJjM3ZYel9zX3ZUMDVPWTBYQWdaQzE2amttWHNpWGJTdkl2NHpxb1JtM1l3M2FJbGtEallwYWNoSjVB?oc=5,published-signal
2026-09-22,FAMa : Une fin de Septembre et un début d’Octobre d’enfer pour les terroristes,Google Actualités — Mali,Maliweb,news.google.com,fr,,Mali,,,autre,4,FAMa : Une fin de Septembre et un début d’Octobre d’enfer pour les terroristes Maliweb,https://news.google.com/rss/articles/CBMiuAFBVV95cUxNMHFJR21IeEFnbThtdHh5ZE1YQmJabm8tbmduakdSRmduMGVUbHR6b3EwcXVPRkJvbUJaRUhranc0bmJnb1cwelFqXzktZVBTTDVOXzBCRGQ0ZHhxY1RPNkl0RU5iR3ZzNGRPUTFQWHY2VWZLM2lqRTJSWlhuMlJtRDJxSG9iOE5La1gwN2hOXzM0enpPcEtWX29MSk8xTlRMbjctdDlNaGZPcXE2NFJuZW9aekhvWXFU?oc=5,published-signal
2026-09-22,DIRPA : Les FAMa ont été très dynamiques en ce mois d’août - Actualités au Mali en temps réel et info en direct,Google Actualités — Mali,Maliweb,news.google.com,fr,,Mali,,,autre,4,DIRPA : Les FAMa ont été très dynamiques en ce mois d’août - Actualités au Mali en temps réel et info en direct Maliweb,https://news.google.com/rss/articles/CBMinwFBVV95cUxNcTZvdjRnQlFLZEl6eGJ5MzdxUTJiT2FCQzhUX0RrUHd4RlJwQ0F2bmUwbl92WVlZWVJFZGpoazRBalVGY0FLZzV3cDczamVKdVF0Q3VoU1dJcmZlWl91MEE3LTZjNTVMdGwyUS1DQlZEQjZlU013dEVYcFVHc1hwcjVSZ3pXNHc1WlpqS0hST08ybkVpYkFaNGhsNzVpeE0?oc=5,published-signal
2026-09-22,Attaque de Sobane-Da : Le Premier ministre et quelques membres du gouvernement sur le lieu du massacre,Google Actualités — Mali,Maliweb,news.google.com,fr,,Mali,,,sécurité,5,Attaque de Sobane-Da : Le Premier ministre et quelques membres du gouvernement sur le lieu du massacre Maliweb,https://news.google.com/rss/articles/CBMi4gFBVV95cUxOV2RnWnJiYUd2VE5BRHNWdmdhNmZGYXhVei1kSjFCWVE3MEVqYUVCLVBBdHVhUmNtMUowM3hYbEgxUVgwVTViaDVVcXdUbmpKQmgtVjREZ0x2cHRUdUdfME9hOXY3aHRDMTFUYzFpVEREbnFaT0NKM213aXRWck5NcUFWSEc0SlF5ZEttSU9tMTFMUTh2Z1JVeTF6OTUtTjBTMEJxTm12TVhDN2ZXMEF6bkdnbHowY045VU1uM2JBYW1JTXNVVGhCa2pobExVdzZLdFd0Z3ZVeUdRMktwTUJkd1Zn?oc=5,published-signal
2026-09-22,Attaque de Kafojiginew de Kléla: 59 millions emportés par les bandits,Google Actualités — Mali,Maliweb,news.google.com,fr,,Mali,,,sécurité,5,Attaque de Kafojiginew de Kléla: 59 millions emportés par les bandits Maliweb,https://news.google.com/rss/articles/CBMiugFBVV95cUxOcHNJWjZ6SGZMUzVGX3pmdjhsYmdBM3BIVG9JUGpnNTdNcGFId29lU3NPeVJZZWswN1dNZncxXzJXT2pmUkwyeTZTdGRVVm1FNjJYMXNvclFueHVrbWJlVlR2eWRqTTFSMVBzcG5NejhKaW5haTBuYWxsb0tDNUhIUUNGdjhMRjBfTnFwOFRsOUpCeF9KeWhkSjBsRWVhdlNla1gwaERXdFBaQ09FclozWnFvTWt0bWRfWWc?oc=5,published-signal
2026-09-22,"Météo à Zoumbouloumaram, Diffa heure par heure",Google Actualités — Niger,SpaceRef,news.google.com,fr,Diffa,Niger,13.315,12.611,autre,4,"Météo à Zoumbouloumaram, Diffa heure par heure SpaceRef",https://news.google.com/rss/articles/CBMiYkFVX3lxTE15RmFtZUVxTnRVWVRCUzhJMXdmV3d4SHoxbVRVYTg3RHMtV2FBcDRpUXlnYXVTVFppNGhHOXpJZlZ6SmhVQ01RTE94eEFwZUZaTTBOd1JyQTFuU2NiTEtxX1Fn?oc=5,published-signal
2026-09-22,La mutinerie au Niger met en lumière le rôle russe pour protéger le régime,Google Actualités — Niger,Africa Defense Forum,news.google.com,fr,,Niger,,,autre,3,La mutinerie au Niger met en lumière le rôle russe pour protéger le régime Africa Defense Forum,https://news.google.com/rss/articles/CBMisAFBVV95cUxQTk01SmJYalp5WktOcTdrT2tMa2ZXbkRXRTZwem5aMDNtN2ZjZV9zejJST2VKQThZNVdfZWwyRW9jUzFvNXpGbVhaRlNsSUpEUVhldGZmZHE0V0JKWGlVSGhYSEt3VXZ5YzFHZFRmc2lCNTVwWVBfaGhqWlpneWQ1aE5TTGhZbGlMQXlNNWdCM2hFRDFiRXdQSFh4eHlveHdrY3QtR1NEX0NTUnhPN3JMXw?oc=5,filtered
2026-09-22,Niamey et Alger renforcent la coopération dans les hydrocarbures,Google Actualités — Niger,APAnews - Agence de Presse Africaine,news.google.com,fr,Niamey,Niger,13.514,2.11,autre,4,Niamey et Alger renforcent la coopération dans les hydrocarbures APAnews - Agence de Presse Africaine,https://news.google.com/rss/articles/CBMimwFBVV95cUxPWXdxWnhhakpnUkxBY1hsY2J0bmpBV29pVHVBVVY2X1Zjd2Y4TXlUVjVQRVZIWEVQQkdQNVZNb2JyTU1zNlJrOURZVjZFenB4akhjYzY1a1A2LXhkdWd2dEdYdndiSTJBOTdUd2ZYZ0xybW1pZmdNaWt1WlljOXZOajl1V2NyX0VmdW5jOTZmM1dqMENaQWVkNWhPaw?oc=5,published-signal
2026-09-22,Arkab reçu à Niamey par le président de la République du Niger,Google Actualités — Niger,aps.dz,news.google.com,fr,Niamey,Niger,13.514,2.11,autre,4,Arkab reçu à Niamey par le président de la République du Niger aps.dz,https://news.google.com/rss/articles/CBMixwFBVV95cUxNUlhkbWNQdjJsTGRMa3hBM0o2R2I4QW12VHNPeVNqV25JVTJtUDRYVTczSnlVT2Q2c2JOdjlLTThWZ3B0STBXZmdYMF9JaTVPWEExQ2dfUDI5NVZzYjVuWEhJaFdNODRjNXI3TkFOc295eHdVRC1oQTM0Y3l0SFRNczZlM01HcEVEc0xOUFNMNC1aZndBd1VjYlFJN3h3cjE3MmpjbUMweVpvMUM4MTduamRsU00zcXRMSUEweUdwbnduSnZfY1hV?oc=5,published-signal
2026-09-22,Uranium : Washington mobilise 414 millions USD au Niger,Google Actualités — Niger,Africtelegraph,news.google.com,fr,,Niger,,,autre,3,Uranium : Washington mobilise 414 millions USD au Niger Africtelegraph,https://news.google.com/rss/articles/CBMijwFBVV95cUxPTEpjU2kxU3ZRMkdCYkw5ZzlyaUl4X3BvdGlNclN1Y2ljcUtYQkxSTTdKbURSRHd5OVdpYkhvU1pBelFfRVFYdF8zZG0zc3lGMGJOd2RXR3MzLXhHNFc1N0lwX3hrdXFIRndNdXZVc0JfZVNvMVh6VWpOY0I2ejB2WHhPQXFKcm9JZ3VQNTIzdw?oc=5,filtered
2026-09-22,Niger - Algérie : le ministre algérien Mohamed Arkab à Niamey pour renforcer la coopération énergétique,Google Actualités — Niger,Nigerdiaspora,news.google.com,fr,Niamey,Niger,13.514,2.11,autre,4,Niger - Algérie : le ministre algérien Mohamed Arkab à Niamey pour renforcer la coopération énergétique Nigerdiaspora,https://news.google.com/rss/articles/CBMi0gFBVV95cUxNYTNZc01vYjdRM1laQ01najV4T3FqcUI0QzZZbUdjM0VFUFJlQ0hjTHRMbk1hemR0OHFyV1A1WkwzbE1jOEhHUUhUc1k1SmRXY0s3c21FempGbkJub2N4R2xnQ3I4Z21FY01fWm1OdkJramdUZWFNbmVYYzVhdXlTcjlPYmtxenZobVFqcGdBdDY2eEEwS05XSUliVmRUd2E2ekpKanNKRkFkSmpWYnE2ZC1yVGszRE5uSlk0X0lMc2wtSGRMbmVpWXZ5RkpRNlczR3c?oc=5,published-signal
2026-09-22,"À Niamey, la CEA lance un appui technique pour la réforme fiscale du Niger",Google Actualités — Niger,Capmad,news.google.com,fr,Niamey,Niger,13.514,2.11,autre,4,"À Niamey, la CEA lance un appui technique pour la réforme fiscale du Niger Capmad",https://news.google.com/rss/articles/CBMipwFBVV95cUxPY1ozWThOSlFLN2FMdkFEX3RueC1XTkphRFpUYWpTZVEwUW8zWnpzaTFkVnkyQ1VOdmJ1ZjJQUVBoUVd0TU9pS1lyTm1yeGViRjRTQ2ktUkZKYWprc1Z0N1VtblFRaVl3XzhqeExiSVF0c1NScW9uZU9VU1hYR1NKakJzM1RGWC1JRFAwa3dwUkgwNk1WVGJ4TF9FbTNYRWg4UFZJV0R5WQ?oc=5,published-signal
2026-09-22,La concrétisation du tronçon nigérien du TSGP au centre d'une rencontre à Niamey entre M. Arkab et le Premier ministre du Niger,Google Actualités — Niger,aps.dz,news.google.com,fr,Niamey,Niger,13.514,2.11,autre,4,La concrétisation du tronçon nigérien du TSGP au centre d'une rencontre à Niamey entre M. Arkab et le Premier ministre du Niger aps.dz,https://news.google.com/rss/articles/CBMinAJBVV95cUxQZGM0ZGZuZFZrVVQybEZiM0VyeVp5Q2hqVVhQV2hQYVVGelhhVHFPd04yOUYwS09iN25hVFpjTXJ3S3RfVXJtV3BfanU4VXJlWFVBSVF6dUp0Y0tpRkJCeENEU05weU5PQ3VtT0VTNmFnNXZGS2p6a2w4dEJ2REZ5VU0wblF5a0FBQUV2eFdlei01UGRSbzJ1LS04WGRlV3RnNWpQcko2Q1FldURjdFJJVnpvaGhiYmhkYXlZM2JiY1Y1cFdNVGVMLS1reXRCcU5OcmtXRkZzWVZEM0doN1hpQ3BJTkU0V1lpS1c5MDRRS25YZkFUeXFFR0ZZLVRzclc1elpaeXNNMWpJT1RMVXNsVV9MTWI3Y2czUzJWaA?oc=5,published-signal
2026-09-22,Niger Mise à jour sur la sécurité alimentaire Août 2026 - Janvier 2027 : Les inondations aggravent les impacts du conflit sur la sécurité alimentaire,Google Actualités — Niger,ReliefWeb,news.google.com,fr,,Niger,,,sécurité,5,Niger Mise à jour sur la sécurité alimentaire Août 2026 - Janvier 2027 : Les inondations aggravent les impacts du conflit sur la sécurité alimentaire ReliefWeb,https://news.google.com/rss/articles/CBMiigJBVV95cUxOTnVzM1pxdThmcG9QdUVXRkliVEtwRjYxSlRRSFQ0Rl8wSVJ1VU56b1ZNTF92SEZFVWJ4dVVLcWY0aUhzYmxxMmtQcklfODloM3Z5ZTNuUzh3QnFidENTNFJOV3FhVzVTeWxwc2FfU2JDOGgxV1FHRXhqSW1BRGJnWXVVREpIcHFXa1dGVXpNMTlDX2NuXzFpdzNyVERicTJ2VGtja3NVOTVpbDFTVEZodnRMSmRiSXlCbzRJUUpCcnRJbUVnSTJKc0RBaXQ4MUhjOTdocXRRT1RYSjdCRDZCOHlNUVV2VDZ5MzZPanJmbERaVmE3RGk0Ql8xSnd3NlZWOXpIX3lfZjlzQQ?oc=5,published-signal
2026-09-22,Gazoduc transsaharien : le tronçon nigérien du TSGP au centre des discussions à Niamey,Google Actualités — Niger,Algerie Eco,news.google.com,fr,Niamey,Niger,13.514,2.11,autre,4,Gazoduc transsaharien : le tronçon nigérien du TSGP au centre des discussions à Niamey Algerie Eco,https://news.google.com/rss/articles/CBMivAFBVV95cUxQbEplQTNqR2xuLXQ2Zk40VVc1RkJVeVNfWDFZbklaU1UxSUtvMXM4YllBZmNxWHJWUDhhV3lDeUhFWVZ3QmtNMTB0RnVfMVlYYm5keG9RMG10czVpQkQwSUFVV283QVFHZ041Y1lvLWxkZEl0cG84WUJwT0NEVkVkSVdPR1lHdVMzR3ZUS01yOUpGWDRBbmdQOHV4aE1WS3VHVVhXRjdidlpxMWNabWUyZURrS1pISUVxbGhGdg?oc=5,published-signal
2026-09-22,Niger – Algérie : Le ministre Mohamed Arkab à Niamey pour accélérer le Gazoduc Transsaharien et les projets Sonatrach,Google Actualités — Niger,24heureinfo.com,news.google.com,fr,Niamey,Niger,13.514,2.11,autre,4,Niger – Algérie : Le ministre Mohamed Arkab à Niamey pour accélérer le Gazoduc Transsaharien et les projets Sonatrach 24heureinfo.com,https://news.google.com/rss/articles/CBMi3wFBVV95cUxQTVpXUWkzWGV5bVBuc00wR1BFNk9IRWsxVWQxa0tldEJIbEoxUjZlbm5RdzNfeWN3TC1IV05BRThlUzF0VVl5QmZIV2FoX0NYX2hEUFpITDhrTmoxMU9Dd04zOHNhRHJyMmh0MjZLblhNMGswVkhwZ2lQXzNLUGJWSUdFNFg5NVhieTIxd180MW9iTGZyRmNnQ3pia19ILVNOazBpcTZEenlPT2dLMDlYR3hUQ1ZLR3MzTDhkZU5TLTA1OWxJTnFJZW1GcnoxWFpmYjZySll4TS1kTWFNbzk0?oc=5,published-signal
2026-09-22,M. Arkab reçu à Niamey par le président de la République du Niger,Google Actualités — Niger,الإذاعة الجزائرية |,news.google.com,fr,Niamey,Niger,13.514,2.11,autre,4,M. Arkab reçu à Niamey par le président de la République du Niger الإذاعة الجزائرية |,https://news.google.com/rss/articles/CBMiU0FVX3lxTE9IN0xfbEFmeGwzaFowbUhtdDB6ZFZVdFFjUGhZT1Y3RmlCb1ZFa3JBSjlNT014UFFEZUh4U1BXVThnd0NhSnZFakxjSWtzYWhkYURJ?oc=5,published-signal
2026-09-22,MAE algérien : ferme condamnation des événements survenus à Niamey et soutien au Niger,Google Actualités — Niger,AL24 News,news.google.com,fr,Niamey,Niger,13.514,2.11,autre,4,MAE algérien : ferme condamnation des événements survenus à Niamey et soutien au Niger AL24 News,https://news.google.com/rss/articles/CBMirAFBVV95cUxOVU9vOXV1bjdRUm96cUFvZlFqY3RpM3Q1MGRhQXpNck5uR29aeWgzdjBDSFB4SDYxVkNiOG9aLVRnamx2S1A5UXlaTFEtM1N6ZmY4NHVkVU8zaTlHUzUtWTVXSmQyNl95RjJtYlZBbTN4Q1czUzl3Ty1Fd3JBX09jdzl6Y3J4Q1RJcldPaURSMkdlUkx6a25nbUJJckstTzhybWo3UFVPRGVTR3dj?oc=5,published-signal
2026-09-22,Tillabéri/Mobilisation générale : La commune rurale de Youri prie pour implorer la paix au Niger,Google Actualités — Niger,Le Sahel.org,news.google.com,fr,Youri Kourtéré,Niger,13.334,2.248,autre,4,Tillabéri/Mobilisation générale : La commune rurale de Youri prie pour implorer la paix au Niger Le Sahel.org,https://news.google.com/rss/articles/CBMiuwFBVV95cUxPTkk3blFzWXlvaG9PaTIwR3IwTm5MaXpHUGhPUjhaN1NrX3NIeGNiU0N4eXk5VG9BUnVULTRYMi1FQnAtNnpxazI3Tlp6em8yRkcyU25nZ2ZlUnZPblFib21YbmFHS3Z2MVF3NmNmOVVpTVRWeUZmbWNJS2pIQmFXR2loV3VHd0ZrRjQtMk9ncU1yTE9kcktaTjlLTjlFeE1jMlRqa1RJY3RxUUpxZGlrQnFvaXM4N2VBTWtn?oc=5,published-signal
2026-09-22,Niger : Alzouma Seyni prend la tête du ministère de l’Énergie,Google Actualités — Niger,Journal du Niger,news.google.com,fr,,Niger,,,autre,3,Niger : Alzouma Seyni prend la tête du ministère de l’Énergie Journal du Niger,https://news.google.com/rss/articles/CBMikAFBVV95cUxPYUI1Y3BieG9HeUFQd3JOdFRwM29IWlZzeFpRSExwSGdySFlseFRqQ1gwM3JaSHFNTDlsWHNvX3l4V1N6UGpsMFpMak0teGtYWHQ3d1hYZ3ZTM3VOTUx4QVV5eF90RHN4WWd3Qnd1RVhxaEo2MmF3VXBZa2ZFUEVNellWcklVTFdOWjVQa0gxcXM?oc=5,filtered
2026-09-22,Namibie : l’attaque contre la Défense met à l’épreuve les capacités de réponse aux cybermenaces,Google Actualités — Burkina Faso,agenceecofin.com,news.google.com,fr,,Burkina Faso,,,autre,3,Namibie : l’attaque contre la Défense met à l’épreuve les capacités de réponse aux cybermenaces agenceecofin.com,https://news.google.com/rss/articles/CBMi6wFBVV95cUxPY2xjZ2xnUFhiblFVNGJ1WTkwclAtX051Mi03RzZyaV9ZN1YzdmlHeEFJWURIbnNIdFhFMnVxLXllSHc3LU1IVG5aalkxTDFsY1l4dTFuZC04VHlsLVNBQjJvZGpaQVVqVDNGSVhvT0dqUk1DcmFIWkJfWElzY01ZRlQxalVIMW54WWRtMHk5UVdHRnZwMWEzM3h4SlE5TjRndzhDaUx1MWx6cGNfcHB0bzd1UXF6SFdmdkwwazFtM3Rudm8yRlFoR0RQT09nVGNJU3ZhLVVMdjlIUkFYR3NTOW1IYzBLQ1g5YnY0?oc=5,filtered
2026-09-22,"Crise sécuritaire : le Burkina produit près de 300 blindés de l’Armée en 10 mois, selon Ibrahim Traoré",Google Actualités — Burkina Faso,pressafrik.com,news.google.com,fr,,Burkina Faso,,,autre,3,"Crise sécuritaire : le Burkina produit près de 300 blindés de l’Armée en 10 mois, selon Ibrahim Traoré pressafrik.com",https://news.google.com/rss/articles/CBMi1gFBVV95cUxNbnBtTlNDRWNpVzNLSmR3ejRRazFiNGpDeGhVSmdDbVB4bTFmV1dkLW81UWhpUTMwYjFOR3F0MnJQeXpGZzVoc0JxXzFxMXNRdm0xaUFKYWQyTVJodGFjLS00a3BUOUtocDd2X193Tm1DN0NTOWxxbk5wczRYV19IMzc0ZVdONUxqVERTTzNVOUNrNzVGTF9wV0JmaEVXSlpwUlpHYkRCYUp3MWNEVEU2c2VVLVBkZC1HUGRtQmRkRm9aTUlpLWNHcTZIc2hwdlFMbnI2QnFR?oc=5,filtered
2026-09-22,Burkina : près de 300 blindés produits en 10 mois (Traoré),Google Actualités — Burkina Faso,bamada.net,news.google.com,fr,,Burkina Faso,,,autre,3,Burkina : près de 300 blindés produits en 10 mois (Traoré) bamada.net,https://news.google.com/rss/articles/CBMifkFVX3lxTE9NX292WWlsazQ1ckhjbHZxLVZLRWxPQmZzMmd0MDNlT1loTkRla0RzVmNWcnhBUVBMOUt4WjNxZHNTbUI5U1hFRkFzSUlRcVpLSy1VcnM1dlRaMDVqaW5LZTVDZzlSSm5OSEFTRnZCSW4yVTdlejB3WHFaSlRWQQ?oc=5,filtered
2026-09-22,"Burkina Faso : près de 300 blindés Nanga, Traoré refuse de dévoiler l’usine",Google Actualités — Burkina Faso,beninwebtv.com,news.google.com,fr,,Burkina Faso,,,autre,3,"Burkina Faso : près de 300 blindés Nanga, Traoré refuse de dévoiler l’usine beninwebtv.com",https://news.google.com/rss/articles/CBMimwFBVV95cUxPUlF6cWpvUzZ6Uk4xTVpveHVFMXJyQ285UkpmYTNoLVZmRmlhendaazFTZlNzNldEamlROHZyY0l3R2ROOTNCUk5uTUdDazVQN0JPelNRcUpCNDN0WjBPUU52bm0xNGVMSUJJQkp0eEc5aVVWcHAyUlJmMmNTbDY5VFQ0S0o4QjVpbExYS2g1V05XcE9TZWtzUG9Obw?oc=5,filtered
2026-09-22,Incitation à la violence : Moussa Sinko Coulibaly attendu devant le juge cette semaine,Google Actualités — Burkina Faso,Maliweb,news.google.com,fr,,Burkina Faso,,,sécurité,5,Incitation à la violence : Moussa Sinko Coulibaly attendu devant le juge cette semaine Maliweb,https://news.google.com/rss/articles/CBMi0wFBVV95cUxQcGN6WUVNSVN6UlcxNkVkUS1pSTlDVEd5YlJsQnpkdEdLV3Y3d3lmMFVQVG14dm1SSUh6NU1HbXRrNGxUaXd2NEotTGVXRXNucWk1T0dKbGZlU0xhN0VXd2VTeGluS0xkSXJqSzhTcE5mRHcyZTlJT2hzcXhnWURORy1zdmJQNWdmZ3hNSThIeEZxQ01kOExGeXNYY3liX2RKWi11bVU4VEdmT01mTWp0MTdINmI1NEZvRTVyNTJ2aXhUM3pGNEpjbXphX2FUeHAzMno4?oc=5,published-signal
2026-09-22,Le Maroc et la Mauritanie signent un accord pour réhabiliter et élargir la route Nouakchott–Nouadhibou,Google Actualités — Mauritanie,Yabiladi.com,news.google.com,fr,,Mauritanie,,,autre,3,Le Maroc et la Mauritanie signent un accord pour réhabiliter et élargir la route Nouakchott–Nouadhibou Yabiladi.com,https://news.google.com/rss/articles/CBMilAFBVV95cUxQalgyT3UxNjVjN01hYnpWZlNVREJrUFhvUGhSN1JIZ2pQWnNVRC1sdVdUQ19OSFhiT0FocnZ2SXBoVHlvSDRZMnJPdWlrY2JBT3pxYzJPS2tJSU5OaE5DOV9CNHdZcHRVbVpCcVBBNVlaY0NFTkVLUWxrY194S3M4S0NtXzJ3MTZPMzBENHF1ZktJSEZU?oc=5,filtered
2026-09-22,Le Maroc et la Mauritanie signent à Rabat une convention-cadre pour réhabiliter et élargir les 480 kilomètres de la route nationale n° 4 entre Nouakchott et Nouadhibou,Google Actualités — Mauritanie,برلمان.كوم,news.google.com,fr,Nouadhibou,Mauritanie,20.942,-17.038,autre,4,Le Maroc et la Mauritanie signent à Rabat une convention-cadre pour réhabiliter et élargir les 480 kilomètres de la route nationale n° 4 entre Nouakchott et Nouadhibou برلمان.كوم,https://news.google.com/rss/articles/CBMinAJBVV95cUxQSmhUaVl0SHZrT2o0cWoydlkyVjduMTl2eUJwTGdNNzdFLWw2c3FEXzFUUUkyUWdIWUpxd2VXdG9zQ3h6MGRTa0ROcTNyN3pIcXJZSzJDS0ZoXzZrQURrS3ZiTTkzT05wS0NwbTNKSTdaNDhGZC1VZVFkSlJMeTUxRS0zRi1DM2hCdEFyenVJVWtQcFVzSkZ3M1Jld0psSDh1dVlpd0JSS3dsZ3BuUG5uWVEwTzBBR1FodlBxWVM4a0JWYjdhVkdCcklUeUEzTWxpZHdDamFDcHhSV1BMck1xYWdRU0Z1QlJOd0lNSkw4OXdTSWVia1dXTnA2Ry1weEl2aFA5VlUwelZfd18ydmxBY0hZR053QTdYczBWbw?oc=5,published-signal
2026-09-22,Maroc-Mauritanie : accord pour réhabiliter l’axe Nouakchott-Nouadhibou sur 480 km,Google Actualités — Mauritanie,Infomédiaire,news.google.com,fr,Nouadhibou,Mauritanie,20.942,-17.038,autre,4,Maroc-Mauritanie : accord pour réhabiliter l’axe Nouakchott-Nouadhibou sur 480 km Infomédiaire,https://news.google.com/rss/articles/CBMikwFBVV95cUxQQVVrQXFhQzJqODRDVmoyS1hYWWJDdDdzcFJRWHVRRkNTeGxrUmp0ak1hdUFzSFBJa3pobGxHU2twSUNvandWaUFJZmhDSE9UOHIzNGRDQTdXRnJiWEpic0NDb1k5LVBoY3RZT0JVVnpGTV9qanVBVHNCMWtnTFJJTjR5Y05yYU9qRlY3eVNMczdTaTA?oc=5,published-signal
2026-09-22,Axe El Guerguerat-Nouakchott: la portée stratégique et diplomatique du nouvel accord routier maroco-mauritanien,Google Actualités — Mauritanie,Le360,news.google.com,fr,Nouakchott,Mauritanie,18.086,-15.979,autre,4,Axe El Guerguerat-Nouakchott: la portée stratégique et diplomatique du nouvel accord routier maroco-mauritanien Le360,https://news.google.com/rss/articles/CBMi6AFBVV95cUxPVnhWNzVOUUloQjFjREJ5V2JBaTJfMnlTYnJPaFRPOVZRX0Nha2R2ejdtRV9DaUlrelR5OWJRNWEtU1NUbDFWTV9WM1dmb0dRdTB1U3ZURGpoQVpIR0NTUFdmR2RKYS1vb3VCWkdHUjlZV3Jpd2lLVVF5UFhtemp0LWFGaWp2NktDZWNnaW9YWXlTbEU5a2c2MWdkdy1aSEpGX0hJNi0yZXdGcGhaMk9Xdko2a0U4c0hCUnlWbHhqWllNVGQtX1JON0w1RUlsdzU0SzNCWWRrZHN2cmlsWTJ5S0ZTMi1xQWQ4?oc=5,published-signal
2026-09-22,Maroc-Mauritanie : 480 km à élargir entre Nouakchott et Nouadhibou pour renforcer la connectivité terrestre,Google Actualités — Mauritanie,lematin.ma,news.google.com,fr,Nouadhibou,Mauritanie,20.942,-17.038,autre,4,Maroc-Mauritanie : 480 km à élargir entre Nouakchott et Nouadhibou pour renforcer la connectivité terrestre lematin.ma,https://news.google.com/rss/articles/CBMiqgFBVV95cUxQczRXeHVfYUtCX0V5ZU56cm1XMGljbzNYMmFGVEdWdmEtN2pMMG9Yb3NDNGcyTDFmTElpTG81T3dOZTYxWGlvLUdINFl6dVRsa3UybmdwZkVKV1JZR3dybXVDdFVPd0tlbXhiZG9CaENycmhZQmpCMll5M09PV3pSTF9JbVJLd1Z4UlZLaFB5YnUzNncySHRROG9LeFZXX2V3cHdkaERnRjFDZ9IBrwFBVV95cUxQdlpCQS1JMjIyY1pCRWZOYS1vUnMzbW9XVlZ5TnZkQjhwV09DY0pES0NUcUFFazZ0Y2NYQzJuSjhpYnlYVDIteDh0U0pyRWNwcGdSSlVlQ2dwMVNmUFIycGVWcHc4N2NrY3pUQ2pieXVFeWxXclM1ZGYtV3B1ZVhXczJia3Y2dE1rR0R0NndDSWRBeklGTnZseWVDRzBQY05KUkVhUC14TkRISjRLOEk4?oc=5,published-signal
2026-09-22,La Mauritanie et le Maroc signent un accord-cadre pour la réhabilitation et l’élargissement de la route Nouakchott-Nouadhibou,Google Actualités — Mauritanie,الوكالة الموريتانية للأنباء,news.google.com,fr,Nouadhibou,Mauritanie,20.942,-17.038,autre,4,La Mauritanie et le Maroc signent un accord-cadre pour la réhabilitation et l’élargissement de la route Nouakchott-Nouadhibou الوكالة الموريتانية للأنباء,https://news.google.com/rss/articles/CBMiSEFVX3lxTE9VdnpDLVZYQ1RUTkp6NUM4Nno5YmxhRXpUQWlfR3ZaSkNyU053R0c5NjZsWUV4aUxuUXo5eHphVGVreHcyYktMQg?oc=5,published-signal
2026-09-22,Infrastructures Maghreb-Afrique : Rabat et Nouakchott renforcent leur corridor économique stratégique,Google Actualités — Mauritanie,laverite.ma,news.google.com,fr,Nouakchott,Mauritanie,18.086,-15.979,autre,4,Infrastructures Maghreb-Afrique : Rabat et Nouakchott renforcent leur corridor économique stratégique laverite.ma,https://news.google.com/rss/articles/CBMiwgFBVV95cUxQck92QVpSR0VvanlycmxCQkRQRU9SMjNtYlh2X2ZycFNiV0R5TjJXQWV5OU1JRWVKSWFnTlVCUVk0ME5ia2NfemlHeTl1TzhLOGxSckk1LVVnWW5IV3NkRnpodkM4VnJzTDNvaUM0Sk9Wb0NHMjF5LTh2MkVzWGxJcUt4SUlPRC11ZkNSenZhMTZoMTFVZGRkS2NCSXJxUWhXeDlzTjdSVHVGejU5Mmh6RVpzM1RVV0lMWGlBVFRYcVdVUQ?oc=5,published-signal
2026-09-22,Focus - Lac Tchad : une région amputée par le changement climatique,Google Actualités — Tchad,France 24,news.google.com,fr,,Tchad,,,autre,3,Focus - Lac Tchad : une région amputée par le changement climatique France 24,https://news.google.com/rss/articles/CBMixgFBVV95cUxOenhhX0hrdEpHLXBacWdlTjB4ZTNFQ04xWFcyY2p2akhzWkR2REdkNHNBa0F6bXFtdXV0dzljYVNkMVpNaFlQS3ZPaHctb3hFZ3U0T2JZTTJ3azRTY2g2dXNNakFVVG9NUF9ySExrYWVVQVBUVjU4aTJBUmozejlwc3QyNzBoaGNjMHU0U1ZYdVJMWTBlSmNHZ0RTUGdrSy1MNEV3cnFDMmUwZ3dwWkJ1MU5ISHFubUg2eVlQcGRpLUVwNEJQb0E?oc=5,filtered
2026-09-22,"Lac Tchad : 11 pêcheurs tués, l’armée dit avoir abattu neuf assaillants",Google Actualités — Tchad,beninwebtv.com,news.google.com,fr,,Tchad,,,autre,3,"Lac Tchad : 11 pêcheurs tués, l’armée dit avoir abattu neuf assaillants beninwebtv.com",https://news.google.com/rss/articles/CBMilgFBVV95cUxNR1FwbEZIZlFjT29MU3kzTjJyU3UxbjVVS1FBMVVXc1BleDRScjlUZlpmLWZwZTYtQklUT2Uxc3lZRVFlYi1rQTBkb052QmdTSUhFUFIybzVVOW0tdmhCRkEwYm1wWjV5V3A4MzZLRVRhVlNiVmRWNVRTR2wycy1yaDZSYTJDY0hvT3luUXMzT1k1YWh6b1E?oc=5,filtered
2026-09-22,"Par Décret N°2202/PR/2026 du 22 septembre 2026, une Coordination Mixte de Désarmement (CMD) est créée. Elle regroupe des éléments des Forces de Défense et de Sécurité, ainsi qu’un détachement de la Police judiciaire, et est placée sous la tutelle de - x.com",X indexé — @tchadinfos,Tchadinfos,news.google.com,fr,,Tchad,,,sécurité,6,"Par Décret N°2202/PR/2026 du 22 septembre 2026, une Coordination Mixte de Désarmement (CMD) est créée. Elle regroupe des éléments des Forces de Défense et de Sécurité, ainsi qu’un détachement de la Police judiciaire, et est placée sous la tutelle de x.com",https://news.google.com/rss/articles/CBMiYEFVX3lxTFBIczZROVRRWm5uRnRQRlYtX2lqRzlZTFFadkJ0SHA0MHNnd1l3TWZOOUhQMGZKWFhSY1U5eEV3YXRkTVdpbzRkRWhYZ2xTS2pHTjMydllXMzNKbXNua0VZcA?oc=5,filtered
2026-09-21,"Mali : les FAMa ciblées à Kassala, Sévaré et Dioura",Google Actualités — Mali,Studio Tamani,news.google.com,fr,,Mali,,,autre,4,"Mali : les FAMa ciblées à Kassala, Sévaré et Dioura Studio Tamani",https://news.google.com/rss/articles/CBMiogFBVV95cUxNNmJYWFlUc1VZakdrSVFHWExpYmVCZjh6dlUxSkluVFJtcGJGUHQ4a0ExaGQ5R1RhMkxWOTBmRklJTVV0T1BUcGc2bHFVNGhkc25Sc3pOZGdTamt3bi1KWHZka3pTUFphOEJ4Y01VSncyWGZCS2Izb1l5S3FuTElsWmRfTHZYU2J4cmc5X29xNzRjZ0ZWbDJSeks5Z2ZGeW9Ed3c?oc=5,published-signal
2026-09-21,"Météo à Baboulwa, Diffa heure par heure",Google Actualités — Niger,SpaceRef,news.google.com,fr,Diffa,Niger,13.315,12.611,autre,4,"Météo à Baboulwa, Diffa heure par heure SpaceRef",https://news.google.com/rss/articles/CBMiY0FVX3lxTE80SUoycGNIcERfa2FnTEhaYzJ5bmRfSzFobEJNV2FPTV9BVGNJY0Z1OVd1cTRZdF9qaGI1UTJJWEdENG8tRUJSbnVURUlCanByckRsaERaeWk2b1FYOHBseDZsdw?oc=5,published-signal
2026-09-21,"Météo à Adamri, Diffa heure par heure",Google Actualités — Niger,SpaceRef,news.google.com,fr,Diffa,Niger,13.315,12.611,autre,4,"Météo à Adamri, Diffa heure par heure SpaceRef",https://news.google.com/rss/articles/CBMiXkFVX3lxTFBrWlJCb09IeVlDaV83YldCeHdCMktDN3ZROERDcTk2cXRSX2FhS1lSRHpUazI3ZWtIYTd1bVl2bWRhSlh1VFF5U1k0YndrRTh1VnlEQ3A2dm1fOXZVY2c?oc=5,published-signal
2026-09-21,Plusieurs dossiers passés en revue: Arkab s'entretient avec le ministre nigérien du Pétrole à Niamey,Google Actualités — Niger,lalgerieaujourdhui.dz,news.google.com,fr,Niamey,Niger,13.514,2.11,autre,4,Plusieurs dossiers passés en revue: Arkab s'entretient avec le ministre nigérien du Pétrole à Niamey lalgerieaujourdhui.dz,https://news.google.com/rss/articles/CBMiyAFBVV95cUxPZ0NYR0ZneTRVMlcyTTM3bmlORnlJOW9zN1lILXp5ZFRIV2I5UE50M2ZGZWFQQm9KejNDVVYzWmpkY1VONzVBWVFMVkF3OTVFSVFocGMtU0xJOHdUalhZYWdVRjNZY21yOGw4NnEyaDFkVk5EOTdCR3p5VFFLNFBsaFRaOGJsYnVmX0JxTkRwZjR3WlJ3VGdaOHpzYnBIUWIxWktNNkh5YlVQZjlPSm1aLWY4UWNqOG5LbW5GeHlIcUxGekg0NGdQXw?oc=5,published-signal
2026-09-21,Infrastructures: le Maroc et la Mauritanie s’accordent sur la réhabilitation de l’axe Nouakchott-Nouadhibou,Google Actualités — Mauritanie,Le360 Afrique,news.google.com,fr,Nouadhibou,Mauritanie,20.942,-17.038,autre,4,Infrastructures: le Maroc et la Mauritanie s’accordent sur la réhabilitation de l’axe Nouakchott-Nouadhibou Le360 Afrique,https://news.google.com/rss/articles/CBMi6gFBVV95cUxQc1pCVklKWWYtMW5sdTU0ZWxHNEwtRjNGX2JHWEJPeWZmZTd1RUd6WDNFdlQ5TzRlYy1VSFIxbklyM3RidWhLVDczeEk3RGM1eUpOX0ZXaWhuRUUyd2ZpWTNHU016cU1EWXlRbzBuUFhTOGNzQTV6MGNORDlTYU5jRnhmZkpOSzl0Z0U0YVR6MnpWWVZwSDJ0NHVJOHRmRFctRHBNNElwR0s0WXhNbXpuczRVMFpWdGJUbDFmRHBmRTdESlNCZkVYanpmX0JmZ1o5bHVPeXBGUElYT2JpUHBURGVMMFFROWdjM1E?oc=5,published-signal
2026-09-21,Maracana de la Fraternité : La Prison de Haute Sécurité sacrée aux tirs au but face aux Lions de la BIAP https://t.co/bCMR9rhExQ - x.com,X indexé — @burkina24,Burkina 24,news.google.com,fr,,Burkina Faso,,,sécurité,5,Maracana de la Fraternité : La Prison de Haute Sécurité sacrée aux tirs au but face aux Lions de la BIAP https://t.co/bCMR9rhExQ x.com,https://news.google.com/rss/articles/CBMiX0FVX3lxTE51dzdPOXhUNmRudXRKZ3ZFNlh4TU1DRUtadjhQWnhKWUtaUlVfZFNicEJNQzJ6MHR5NDlUdGlQQ1hUY1pNamhTTlBYWlY5eGVna3NjMGVsX1BlOEN5T0Nv?oc=5,filtered
2026-09-21,"🔴 Onze civils, dont quatre femmes, ont été tués dimanche dans une attaque attribuée à Boko Haram près de Ngouboua, dans la province du Lac #Tchad 🇹🇩. L’armée tchadienne, lancée à la poursuite des assaillants, affirme en avoir abattu neuf. https://t.co/E9 - x.com",X indexé — @tchadinfos,Tchadinfos,news.google.com,fr,,Tchad,,,sécurité,5,"🔴 Onze civils, dont quatre femmes, ont été tués dimanche dans une attaque attribuée à Boko Haram près de Ngouboua, dans la province du Lac #Tchad 🇹🇩. L’armée tchadienne, lancée à la poursuite des assaillants, affirme en avoir abattu neuf. https://t.co/E9 x.com",https://news.google.com/rss/articles/CBMiYEFVX3lxTE1HUnNJV3h1alFTQjhlQTF1cVpRb09fd25kX1RrWVM1V3kxYnBEaTNJbzdTNmkydTdMQTAxZTJUbnNpQTNCMkQ1S09qUUtWZlZvSktoZm9zRm5tR2Vvajg5Rw?oc=5,published-signal
2026-09-17,"#Mali, des centaines de #femmes de #Macina se sont rassemblées ce jeudi pour une journée de sacrifice en faveur du retour de la #sécurité. 𝑳𝒆 𝒅𝒆́𝒕𝒂𝒊𝒍👇 https://t.co/Q9xxlUMAin - x.com",X indexé — @StudioTamani,Studio Tamani,news.google.com,fr,,Mali,,,sécurité,5,"#Mali, des centaines de #femmes de #Macina se sont rassemblées ce jeudi pour une journée de sacrifice en faveur du retour de la #sécurité. 𝑳𝒆 𝒅𝒆́𝒕𝒂𝒊𝒍👇 https://t.co/Q9xxlUMAin x.com",https://news.google.com/rss/articles/CBMibkFVX3lxTFB1UmloOU40Q0tPcWF3eVVVWUVJRXJPYU5Mdi11WEktRVRiWFh2bDBvLVRNVUctaG9XaXNIcTVkOE9jRVJ4QTB3ZmVrT0JGRlNsMXZPa01BRmxxSTNIbVdiYmo2THpZUjlEYTl2a3B3?oc=5,filtered
2026-09-17,Sécurité : L’aéroport civil de Sévaré visé par une attaque terroriste au Mali https://t.co/1LNQFUYj64 - x.com,X indexé — @Malijetactu,Malijet,news.google.com,fr,,Mali,,,sécurité,5,Sécurité : L’aéroport civil de Sévaré visé par une attaque terroriste au Mali https://t.co/1LNQFUYj64 x.com,https://news.google.com/rss/articles/CBMiYkFVX3lxTE40RTR3SW9Gcktpa3M5Nk5GT3dEQ3BMSXRnVHRUOEtrSWNaZm5wdnZKUWgxWEF1LXNzYVpBM3ljYXE0X0hqUTUxcHdYcS01bkJKbEcyNFN2RWJSbUYtYlFkOGFn?oc=5,published-signal
2026-09-16,#Niger #PasseportBiométrique #PasseportAES #AES #Biométrie #EPassport #sécurité #Mobilité #DocumentsOfficiels Lancement officiel du passeport biométrique AES : le Niger se dote d’un nouveau document de voyage aux normes internationales - @Actu - x.com,X indexé — @actuniger,ActuNiger,news.google.com,fr,,Niger,,,sécurité,5,#Niger #PasseportBiométrique #PasseportAES #AES #Biométrie #EPassport #sécurité #Mobilité #DocumentsOfficiels Lancement officiel du passeport biométrique AES : le Niger se dote d’un nouveau document de voyage aux normes internationales - @Actu x.com,https://news.google.com/rss/articles/CBMiX0FVX3lxTFA1ZG9XWUoxNVpPa0ZUYzVKbVJUNVRJMW0welhaLUhSU3NXMjhsaE1WTFVSYlNtajl2X1BNQWVFWUZJaXBINXFJUUcwRFNGWG1oOTZzSnotaW1rb0FKVGtR?oc=5,filtered
2026-09-16,🔴Sécurité+ : Quand un geste discret de trois secondes sauve une vie Plus de détails ici👇🏿 https://t.co/CICHc1ixGT. - x.com,X indexé — @burkina24,Burkina 24,news.google.com,fr,,Burkina Faso,,,sécurité,5,🔴Sécurité+ : Quand un geste discret de trois secondes sauve une vie Plus de détails ici👇🏿 https://t.co/CICHc1ixGT. x.com,https://news.google.com/rss/articles/CBMiakFVX3lxTFBJMlplSW1BTTBGWEFrZWpIaFFhVTM4ZGZ2UG5nbDJpUUNXQm4zZGlHbmRaQVI2Z0ZibDEyempnR0xFaEl3NEt4QUNQbVZxcGFjVVMzQ2VMQTZXUE5mUmdNTjI1SjVGZXh5R3c?oc=5,filtered
2026-09-16,"Tracasseries dans les frontières de l'AES : Le ministre de la sécurité annonce la fin des sensibilisations, place maintenant aux sanctions https://t.co/uulFFGJpWo. - x.com",X indexé — @burkina24,Burkina 24,news.google.com,fr,,Burkina Faso,,,sécurité,5,"Tracasseries dans les frontières de l'AES : Le ministre de la sécurité annonce la fin des sensibilisations, place maintenant aux sanctions https://t.co/uulFFGJpWo. x.com",https://news.google.com/rss/articles/CBMiX0FVX3lxTFBvTWlRQW1oaWV1WnNNZmo5Ujg2dUpxVmFMRWo4V1ZXbzZ0dERJZnVrVk1uUmM3dmZIWUZjeU1BaGJDbEZFcHRHQndnNS1ZTmstUXBuOUdQZ0hjRzd2YXln?oc=5,filtered
2026-09-15,"Sécurité routière : Dès le 1er octobre, 3 000 FCFA d’amende et immobilisation pour les sans-casque - x.com",X indexé — @burkina24,Burkina 24,news.google.com,fr,,Burkina Faso,,,sécurité,5,"Sécurité routière : Dès le 1er octobre, 3 000 FCFA d’amende et immobilisation pour les sans-casque x.com",https://news.google.com/rss/articles/CBMiX0FVX3lxTE9EdzN2WHdsSHdoeHpfRTh5SFc4TGJjNm94TEZxaXNkcDVSSlBCM1F2Xy1HS0QtelhoNkl1ZWNuaTl1blo4U1VjN2VBNEU5ZDNHdnpRTVZNLTM0ZG5FZi1v?oc=5,filtered
2026-09-15,#Tchad 🇹🇩 : les Émirats arabes unis accordent 8 millions de dollars pour renforcer la sécurité alimentaire #EAU 🇦🇪 https://t.co/UGcPDwpCXY - x.com,X indexé — @tchadinfos,Tchadinfos,news.google.com,fr,,Tchad,,,sécurité,5,#Tchad 🇹🇩 : les Émirats arabes unis accordent 8 millions de dollars pour renforcer la sécurité alimentaire #EAU 🇦🇪 https://t.co/UGcPDwpCXY x.com,https://news.google.com/rss/articles/CBMiYEFVX3lxTE80R0tNaGpEdmphXzZTNEVSRzl4UFppNEdLQVNtd19MX1lvMUlyLXBleTMyUlRSenAtMUllTENpLTN0ZXkweHZHdWw1dTBXdzN5NzJSd240X2R6cnh2WExUdA?oc=5,filtered
2026-09-12,#Niger #Défense #ArméeNigérienne #FAN #AbdourahamaneTiani #CNSP #ForcesArméesNigériennes #Sécurité #Niamey #CommandementMilitaire #ActualitéNiger Défense : le Général #Tiani remanie le commandement militaire après la mutinerie de Nia - x.com,X indexé — @actuniger,ActuNiger,news.google.com,fr,Niamey,Niger,13.514,2.11,sécurité,6,#Niger #Défense #ArméeNigérienne #FAN #AbdourahamaneTiani #CNSP #ForcesArméesNigériennes #Sécurité #Niamey #CommandementMilitaire #ActualitéNiger Défense : le Général #Tiani remanie le commandement militaire après la mutinerie de Nia x.com,https://news.google.com/rss/articles/CBMiX0FVX3lxTE1JaDRuMXhtaHhLUUhYM05HQ0pJbEZKVkNTYkd3OXVxM1lZTVN0aEc3TGZUcnNOOTk2RnFXcldEUDR6XzZDTzFYMnkxQjRYUHNqdkdVeDBoNEEtX2FCemZR?oc=5,filtered
2026-09-11,"#Niger #MoussaSalaouBarmou #AbdourahamaneTiani #FAN #ArméeNigérienne #Défense #CNSP #Sécurité #Niamey #ActualitéNiger #ActuNiger Niger : le patron des Armées, le général Salaou Barmou débarqué par le Général Tiani - @actuniger https://t.c - x.com",X indexé — @actuniger,ActuNiger,news.google.com,fr,Niamey,Niger,13.514,2.11,sécurité,6,"#Niger #MoussaSalaouBarmou #AbdourahamaneTiani #FAN #ArméeNigérienne #Défense #CNSP #Sécurité #Niamey #ActualitéNiger #ActuNiger Niger : le patron des Armées, le général Salaou Barmou débarqué par le Général Tiani - @actuniger https://t.c x.com",https://news.google.com/rss/articles/CBMiX0FVX3lxTE5id2Mwc0RnazVYNmJjTVlleUF0X2R5ZU5melpYaVBXdXlINzAzdE5BV0JoR1daWlA1eFhKUnM0TGVjR0xfWmliRENZdlBIdTJrUEpiMU52Ymd5RTNFMW04?oc=5,filtered
2026-09-11,Opération « KOGLEGO 2 » à Ouagadougou : Le ministre de la sécurité sur le terrain Plus de détails ici https://t.co/4XjOW9XfmW. - x.com,X indexé — @burkina24,Burkina 24,news.google.com,fr,Ouagadougou,Burkina Faso,12.366,-1.534,sécurité,6,Opération « KOGLEGO 2 » à Ouagadougou : Le ministre de la sécurité sur le terrain Plus de détails ici https://t.co/4XjOW9XfmW. x.com,https://news.google.com/rss/articles/CBMiX0FVX3lxTE1HdzJQVEN5ZHNJSWdwNVZ2cUpxbVlnUWlDVkVNdzZQc1dwcWJGazZ5UzdaZUxQV0NScWRzLWtDUDl0NFNjNlY3QWt1R3FQbzhvOTVxSGZoc25XOXhqWTl3?oc=5,filtered
2026-09-11,{En langue nationale fulfuldé} « KOGLEGO 2 » : Les Forces de sécurité traquent les zones à risque à Ouagadougou - x.com,X indexé — @burkina24,Burkina 24,news.google.com,fr,Ouagadougou,Burkina Faso,12.366,-1.534,sécurité,6,{En langue nationale fulfuldé} « KOGLEGO 2 » : Les Forces de sécurité traquent les zones à risque à Ouagadougou x.com,https://news.google.com/rss/articles/CBMiX0FVX3lxTE5aUnpmWk15Y25JWTVfVkJFZDFyOXpFMHhNTUVxb0hNbm5tcnlCX0JsRzJGamJuSHpUT2xHazNNeFFFU1E4STVoVDlCZVAzaTFNV2RhVl9YTEZwU2hZZHg0?oc=5,filtered
2026-09-10,Comment des Camerounais se retrouvent au front en Ukraine,DW Afrique,DW Afrique,www.dw.com,fr,,,,,autre,1,"Les analystes estiment que la précarité économique et les réseaux de recrutement fondés sur la tromperie poussent de nombreux des Camerounais à rejoindre l’armée russe, parfois au prix de leur vie.",https://www.dw.com/fr/comment-des-camerounais-se-retrouvent-au-front-en-ukraine/a-79221014?maca=fra-rss-fre-all-1482-xml-mrss,filtered
2026-09-10,"Sécurité routière : Bamako respire, les espaces publics progressivement libérés https://t.co/GaAr0dmqaZ - x.com",X indexé — @Malijetactu,Malijet,news.google.com,fr,Bamako,Mali,12.609,-7.975,sécurité,6,"Sécurité routière : Bamako respire, les espaces publics progressivement libérés https://t.co/GaAr0dmqaZ x.com",https://news.google.com/rss/articles/CBMiYkFVX3lxTE9nbHhkRmxya3AyQXlrMlJBRGVKUzdUdy15RVBmZ2ZpSmVpMkluRGdzQUN5TkhRV3BkUkwwZlZZenNQdy12a1hNd0JSUnpjVDNEX1lPaTNRLXFEcTN0SW5GUFZB?oc=5,filtered
2026-09-09,#FAN #DéfenseNationale #Niger #ForcesArméesNigériennes #Sécurité #FormationMilitaire #Officiers #Niamey Cérémonie de Triomphe des Wangari de la 21e promotion de l’École de Formation des Officiers des Forces Armées Nigériennes (#EFOFAN) - @a - x.com,X indexé — @actuniger,ActuNiger,news.google.com,fr,Niamey,Niger,13.514,2.11,sécurité,7,#FAN #DéfenseNationale #Niger #ForcesArméesNigériennes #Sécurité #FormationMilitaire #Officiers #Niamey Cérémonie de Triomphe des Wangari de la 21e promotion de l’École de Formation des Officiers des Forces Armées Nigériennes (#EFOFAN) - @a x.com,https://news.google.com/rss/articles/CBMiX0FVX3lxTE1NQkJXZTd5T01jemQ2X2xzWFR6NUhaMExPLUJYZXg5djd1eXlSNGRCU1ZKTFEzeTRJSTlXc3Q2c0RfSjM2U1NDSTQ2RTBmVk1tZVNlb05mY2hYd3Fpc2R3?oc=5,filtered
2026-09-09,Le Camarade Capitaine Ibrahim TRAORÉ habillé aujourd'hui dans une tenue militaire totalement confectionnée au Burkina Faso Lire ici https://t.co/qUAlYaXr5Q. - x.com,X indexé — @burkina24,Burkina 24,news.google.com,fr,,Burkina Faso,,,sécurité,5,Le Camarade Capitaine Ibrahim TRAORÉ habillé aujourd'hui dans une tenue militaire totalement confectionnée au Burkina Faso Lire ici https://t.co/qUAlYaXr5Q. x.com,https://news.google.com/rss/articles/CBMiakFVX3lxTE5FcU5nRzdBREZ2NmxvUjRnVmVNbEFOS3dYWUtKcXlYQk43dHdPRllRUnJta0R4US1Ta3p1LUVhQUFYNjk0UHFTZDFISHJSNXk0ak9SbUtfbXN3azBMd1NTWV9vX3N0Z3NQR1E?oc=5,filtered
2026-09-09,"[En Dioula] « Croire en soi, croire au Burkina » : L'appel du camarade Capitaine Ibrahim Traoré à la jeunesse - x.com",X indexé — @burkina24,Burkina 24,news.google.com,fr,,Burkina Faso,,,autre,3,"[En Dioula] « Croire en soi, croire au Burkina » : L'appel du camarade Capitaine Ibrahim Traoré à la jeunesse x.com",https://news.google.com/rss/articles/CBMiX0FVX3lxTE92X2hON3dGenFEX2ZHVEloVFhvcno3b2JTWnNyTEZHZ3hWYXVNQmxZc29zYkREWUVSNXlSVG44T3B1MzVXLUt0Yi12RWhNVDZqUUUzMzEtczJKLS1keGl3?oc=5,filtered
2026-09-09,"#BurkinaFaso Vue aérienne du Complexe industriel TEXFORCES-BF inauguré, ce mercredi 9 septembre 2026, à Bobo-Dioulasso, par le camarade Président du Faso https://t.co/saRFU74DX0. - x.com",X indexé — @burkina24,Burkina 24,news.google.com,fr,Bobo-Dioulasso,Burkina Faso,11.181,-4.295,autre,4,"#BurkinaFaso Vue aérienne du Complexe industriel TEXFORCES-BF inauguré, ce mercredi 9 septembre 2026, à Bobo-Dioulasso, par le camarade Président du Faso https://t.co/saRFU74DX0. x.com",https://news.google.com/rss/articles/CBMiX0FVX3lxTE9Ic25LdnVCWUdOWENGODdzUWZ3SDJraVJJci03NFdpYTFLcVY0bzgtb09nR2pTZmVZS0tPMDlScVhBUjJfZWpWMnVOcnM2ZmR4Zy1CNW43enBZdTZkakhr?oc=5,filtered
2026-09-08,#Niger 🇳🇪 #CNSP #Niamey #Refondation #Prière #Qunut #AES #Sécurité #Défense #Souveraineté #Sahel Niger : journée de jeûne et de prières contre les ennemis de la nation et les tentatives de déstabilisation - @actuniger https://t.co/w20uIfj1dH - x.com,X indexé — @actuniger,ActuNiger,news.google.com,fr,Niamey,Niger,13.514,2.11,sécurité,6,#Niger 🇳🇪 #CNSP #Niamey #Refondation #Prière #Qunut #AES #Sécurité #Défense #Souveraineté #Sahel Niger : journée de jeûne et de prières contre les ennemis de la nation et les tentatives de déstabilisation - @actuniger https://t.co/w20uIfj1dH x.com,https://news.google.com/rss/articles/CBMiX0FVX3lxTE5ISWVvQUxqb3hiUHdrSVZwaTY0MC03c1ZzUzU1cjRjRm1RMmV2QXYtR2x6LVA0REhabFhZRG9XN0JOQ2s2UDRXU1RkaWNkRU1kTDJXZ1ZrSEducDZCRFJF?oc=5,filtered
2026-09-08,"#Niger #Sécurité #PoliceNationale #Stupéfiants #Cannabis #TraficDeDrogue #OpérationCoupDePoing Région d’#Agadez : opération « Coup de poing » à #Tabelot, 67 personnes interpellées et des stupéfiants saisis - @actuniger https://t.co/3zs8PvcYed - x.com",X indexé — @actuniger,ActuNiger,news.google.com,fr,Agadez,Niger,16.973,7.991,sécurité,6,"#Niger #Sécurité #PoliceNationale #Stupéfiants #Cannabis #TraficDeDrogue #OpérationCoupDePoing Région d’#Agadez : opération « Coup de poing » à #Tabelot, 67 personnes interpellées et des stupéfiants saisis - @actuniger https://t.co/3zs8PvcYed x.com",https://news.google.com/rss/articles/CBMiX0FVX3lxTE40anF0TkhhNm1aNVdXWHE0ZnFTY1MxTExSSlRXSUk1SWpoS2NuRTBDa1BabTgyZVFoaHlJeWs2a0YtYnVhVmxKVERZTjJ4VXkwM25TeGJwaDdDUE5iR0E0?oc=5,filtered
2026-09-07,ActuNiger - x.com,X indexé — @actuniger,ActuNiger,news.google.com,fr,,Niger,,,autre,3,ActuNiger x.com,https://news.google.com/rss/articles/CBMiQEFVX3lxTE14ejFiblVSR1cxQ3VNcEMza2gwSzdvVDUxdy14YWpsTHhWSzF4aE45VDYzRTdpRnNTeTl2cnA4NS0?oc=5,filtered
2026-09-07,🇧🇫 Sécurité : Un jeune entrepreneur fait don de lampes solaires au ministre de la sécurité Lire la suite ici 👇🏿 https://t.co/i1Ndvp1qFh. - x.com,X indexé — @burkina24,Burkina 24,news.google.com,fr,,Burkina Faso,,,sécurité,5,🇧🇫 Sécurité : Un jeune entrepreneur fait don de lampes solaires au ministre de la sécurité Lire la suite ici 👇🏿 https://t.co/i1Ndvp1qFh. x.com,https://news.google.com/rss/articles/CBMiakFVX3lxTE9nZEN5d0VNQ3J2dVc5Q3FCSGRfVXV2QVNVUnhQdFNVWkIwRF9aWmtCVWt4N1NJdVc3aHRBUUFZdklqOVZ1cVJVWWVLaFJEbFlDWFJjbGI0T2NSWGt3SkhrZTB0TXBMVjZWMmc?oc=5,filtered
2026-09-07,📷#PhotoDeLaSemaine « Rien ne trouble celui qui porte la Patrie🇧🇫 dans son cœur. » 📸: Faso MEBO Source : EMGA #Burkina24 - x.com,X indexé — @burkina24,Burkina 24,news.google.com,fr,,Burkina Faso,,,autre,3,📷#PhotoDeLaSemaine « Rien ne trouble celui qui porte la Patrie🇧🇫 dans son cœur. » 📸: Faso MEBO Source : EMGA #Burkina24 x.com,https://news.google.com/rss/articles/CBMiX0FVX3lxTE96SlluaUhqVzZsUEZSeklZenF2WlNQS2NkN05fVzl1UVV0b05SY0QwYTJac1hxaVNsVllzTjNPNnFzUU9HN0dRbl9aNGkxMzRGdEEyOEVRU0JVdlZNN1J3?oc=5,filtered
2026-09-06,"🔴Sécurité sociale : « Dans les jours à venir, l’opération va se poursuivre sur toute l’étendue du territoire... » Herman Yacouba Nacambo, DG de la CNSS Plus de détails ici👇🏿 https://t.co/7llS5rJ2Kg. - x.com",X indexé — @burkina24,Burkina 24,news.google.com,fr,,Burkina Faso,,,sécurité,5,"🔴Sécurité sociale : « Dans les jours à venir, l’opération va se poursuivre sur toute l’étendue du territoire... » Herman Yacouba Nacambo, DG de la CNSS Plus de détails ici👇🏿 https://t.co/7llS5rJ2Kg. x.com",https://news.google.com/rss/articles/CBMiX0FVX3lxTE45S3FPeTNldUFwLU1Uak5WTzAzYzF1RkdwRDZxWXdOdjlKRkZOUndaakNQQjBGaExyaTk0d1N6UXhSbUNJUU1QT1owTnl0WlBhYWw4Mngwb29uTVFTeE40?oc=5,filtered
2026-09-06,La Grande Muraille de Chine nous avait sous-estimés ! Regardez la vidéo ici https://t.co/U5OOq8BWmn - x.com,X indexé — @burkina24,Burkina 24,news.google.com,fr,,Burkina Faso,,,autre,3,La Grande Muraille de Chine nous avait sous-estimés ! Regardez la vidéo ici https://t.co/U5OOq8BWmn x.com,https://news.google.com/rss/articles/CBMiakFVX3lxTE9LTmVCbjIxWXdHeDg4Nk82cS1SRDN2djJjd3RrbGJIU3hLS2FEUWR3LU9RTzFjM252OElMRkw2OGU0NHNlRHBxbGNwUGt6Ykg3R1F3SGNRSEFvR0t3akxiSXdZb0xsRmxvMnc?oc=5,filtered
2026-08-19,"Au Cameroun, près de 3 millions de personnes ont besoin d’aide humanitaire",DW Afrique,DW Afrique,www.dw.com,fr,,,,,humanitaire,1,"À l’occasion de la Journée mondiale de l’aide humanitaire, ce mercredi, Issa Sanogo, coordonnateur humanitaire de l’Onu au Cameroun, apporte des réponses sur la situation dans le pays.",https://www.dw.com/fr/au-cameroun-près-de-3-millions-de-personnes-ont-besoin-d-aide-humanitaire/a-78423776?maca=fra-rss-fre-all-1482-xml-mrss,hors-fenetre
